DocumentID,ProjectName,DocumentName,DocumentURI,ResolvedPath,Desc,Notes,Category,AddedOn
54,General,"Discussion on New Projects - Dr Patric , Miolex etc","\1\Discussion on New Projects - Dr Patric , Miolex etc-2022-1-17-637780093435518423.rtf","D:\DBX\LocalDocFolder\1\Discussion on New Projects - Dr Patric , Miolex etc-2022-1-17-637780093435518423.rtf","BMJO ,Bipin",,Minutes,1/17/2022
89,iEMG,iEDXDesktopApp backUp ,\2\iEDXDesktopApp-2022-1-28-16-21-44.rar,D:\DBX\LocalDocFolder\2\iEDXDesktopApp-2022-1-28-16-21-44.rar,before checkin,,TempFiles,1/28/2022
229,iEMG,EIMMeasurementManager.java conflited in git,\2\EIMMeasurementManager-2022-3-25-6-10-16.java,D:\DBX\LocalDocFolder\2\EIMMeasurementManager-2022-3-25-6-10-16.java,,,TempFiles,3/25/2022
230,iEMG,MuscleProfileManager.java conflicted,\2\MuscleProfileManager-2022-3-25-6-11-26.java,D:\DBX\LocalDocFolder\2\MuscleProfileManager-2022-3-25-6-11-26.java,,,TempFiles,3/25/2022
441,DevDiary,Dev Diary Loc,\Local\DevDiary,D:\DBX\LocalDocFolder\Local\DevDiary,,,General,5/20/2022
733,iEDX-Haystack,IQ Demodulation test with Real values collected by firmware -filtered - 1000 ohm 520 Ohm,IQ Demod with 500 ohm 1Khz Filtered Firmware Implementation,D:\DBX\LocalDocFolder\IQ Demod with 500 ohm 1Khz Filtered Firmware Implementation,,,General,9/2/2022
908,Anasthesia Machine,BPL Ansthesia  Meeting ,\18\BPL General Meeting -2022-11-8-638035180929767757.rtf,D:\DBX\LocalDocFolder\18\BPL General Meeting -2022-11-8-638035180929767757.rtf,,,Minutes,11/8/2022
909,BPL CPAB,General  Meeting ,\14\General  Meeting -2022-11-8-638035186822812840.rtf,D:\DBX\LocalDocFolder\14\General  Meeting -2022-11-8-638035186822812840.rtf,,,Minutes,11/8/2022
910,General,Growth General Meeting,\1\Growth General Meeting-2022-11-8-638035220093279084.rtf,D:\DBX\LocalDocFolder\1\Growth General Meeting-2022-11-8-638035220093279084.rtf,,,Minutes,11/8/2022
916,Sibel App,Weekly Meeting ,\16\Weekly Meeting -2022-11-8-638035332142794529.rtf,D:\DBX\LocalDocFolder\16\Weekly Meeting -2022-11-8-638035332142794529.rtf,,,Minutes,11/8/2022
917,Anasthesia Machine,General Meeting ,\18\General Meeting -2022-11-9-638035707612485953.rtf,D:\DBX\LocalDocFolder\18\General Meeting -2022-11-9-638035707612485953.rtf,,,Minutes,11/9/2022
918,General,Planning Meeting ,\1\Planning Meeting -2022-11-9-638035850218701610.rtf,D:\DBX\LocalDocFolder\1\Planning Meeting -2022-11-9-638035850218701610.rtf,,,Minutes,11/9/2022
920,BPL CPAB,Weekly Meeting ,\14\General Meeting -2022-11-9-638036058521677448.rtf,D:\DBX\LocalDocFolder\14\General Meeting -2022-11-9-638036058521677448.rtf,,,Minutes,11/9/2022
922,General,Weekly Meeting ,\1\Weekly Meeting -2022-11-10-638036679257191331.rtf,D:\DBX\LocalDocFolder\1\Weekly Meeting -2022-11-10-638036679257191331.rtf,,,Minutes,11/10/2022
926,Spacelab DIS,General SL Distribution Meeting ,\13\General SL Distribution Meeting -2022-11-10-638036753152162781.rtf,D:\DBX\LocalDocFolder\13\General SL Distribution Meeting -2022-11-10-638036753152162781.rtf,,,Minutes,11/10/2022
927,General,SL  Meeting ,\1\SL  Meeting -2022-11-10-638036793944216359.rtf,D:\DBX\LocalDocFolder\1\SL  Meeting -2022-11-10-638036793944216359.rtf,,,Minutes,11/10/2022
928,iEDX-Haystack,HDX General Meeting ,\3\HDX General Meeting -2022-11-10-638036885154510819.rtf,D:\DBX\LocalDocFolder\3\HDX General Meeting -2022-11-10-638036885154510819.rtf,,,Minutes,11/10/2022
929,Sibel App,General Security Complinace adn design History  Meeting ,\16\General Security Complinace adn design History  Meeting -2022-11-11-638037606790899501.rtf,D:\DBX\LocalDocFolder\16\General Security Complinace adn design History  Meeting -2022-11-11-638037606790899501.rtf,,,Minutes,11/11/2022
930,BPL CPAB,ID Concept  Meeting ,\14\ID Concept  Meeting -2022-11-11-638037857317722732.rtf,D:\DBX\LocalDocFolder\14\ID Concept  Meeting -2022-11-11-638037857317722732.rtf,,,Minutes,11/11/2022
931,IOMT Platform,WebSocket Client Used in CMS nuget adding,\5\ScreenShot-834.bmp,D:\DBX\LocalDocFolder\5\ScreenShot-834.bmp,,,General,11/13/2022
932,IOMT Platform,CMSWebSockClient.cs,\5\CMSWebSockClient-2022-11-13-8-35-53.cs,D:\DBX\LocalDocFolder\5\CMSWebSockClient-2022-11-13-8-35-53.cs,"This web socket client is created baed on .net.socket webscoket client. It faceed a problem of receiving same message multile times and in different orders . Eevn after clsing the connetion ot send packets continously

Then replaced it with another websock implemntation. Found that it also used underlyimg same .net imlenattaion (or seesm like) but it worked perfectly
This was used in the CMS solution",,TempFiles,11/13/2022
933,IOMT Platform,CMSWebSockClient.cs,\5\CMSWebSockClient-2022-11-13-8-36-39.cs,D:\DBX\LocalDocFolder\5\CMSWebSockClient-2022-11-13-8-36-39.cs,,,TempFiles,11/13/2022
934,General,FreshtoRely Weekly Meeting ,\1\FreshtoRely Weekly Meeting -2022-11-14-638040207184008605.rtf,D:\DBX\LocalDocFolder\1\FreshtoRely Weekly Meeting -2022-11-14-638040207184008605.rtf,,,Minutes,11/14/2022
936,IOMT Platform,CMS Screen Shot BioVision,\5\ScreenShot-815.bmp,D:\DBX\LocalDocFolder\5\ScreenShot-815.bmp,,,General,11/14/2022
941,Sibel App,General Meeting Reg Space Lab design  review,\16\General Meeting -2022-11-15-638041084082257147.rtf,D:\DBX\LocalDocFolder\16\General Meeting -2022-11-15-638041084082257147.rtf,,,Minutes,11/15/2022
945,Sibel App,Design History Meeting ,\16\Design History Meeting -2022-11-15-638041376856115939.rtf,D:\DBX\LocalDocFolder\16\Design History Meeting -2022-11-15-638041376856115939.rtf,,,Minutes,11/15/2022
946,BPL CPAB,Weekly Meeting ,\14\Weekly Meeting -2022-11-16-638042108900829432.rtf,D:\DBX\LocalDocFolder\14\Weekly Meeting -2022-11-16-638042108900829432.rtf,,,Minutes,11/16/2022
953,NEERS Hardware and Firmware,Bi Weekly Meeting ,\12\Bi Weekly Meeting -2022-11-18-638043932952837753.rtf,D:\DBX\LocalDocFolder\12\Bi Weekly Meeting -2022-11-18-638043932952837753.rtf,,,Minutes,11/18/2022
959,General,Fresh to rely Weekly Meeting ,\1\Fresh to rely Weekly Meeting -2022-11-21-638046253823573373.rtf,D:\DBX\LocalDocFolder\1\Fresh to rely Weekly Meeting -2022-11-21-638046253823573373.rtf,,,Minutes,11/21/2022
960,BPL CPAB,Internal Weekly Meeting ,\14\Weekly Meeting -2022-11-21-638046278072495421.rtf,D:\DBX\LocalDocFolder\14\Weekly Meeting -2022-11-21-638046278072495421.rtf,,,Minutes,11/21/2022
961,Sibel App,Weekly Meeting ,\16\General Meeting-2022-11-21-638046598443357049.rtf,D:\DBX\LocalDocFolder\16\General Meeting-2022-11-21-638046598443357049.rtf,,,Minutes,11/21/2022
968,HR,Shocking salary expectation from partime employee,\7\ScreenShot-159.bmp,D:\DBX\LocalDocFolder\7\ScreenShot-159.bmp,,,General,11/23/2022
969,General,Nihon Kohden General Meeting ,\1\Nihon Kohden General Meeting -2022-11-23-638047995097057675.rtf,D:\DBX\LocalDocFolder\1\Nihon Kohden General Meeting -2022-11-23-638047995097057675.rtf,,,Minutes,11/23/2022
970,BPL CPAB,Weekly Meeting ,\14\Weekly Meeting -2022-11-23-638048154844798134.rtf,D:\DBX\LocalDocFolder\14\Weekly Meeting -2022-11-23-638048154844798134.rtf,,,Minutes,11/23/2022
971,Not used,General Meeting ,\17\General Meeting -2022-11-24-638048786485502785.rtf,D:\DBX\LocalDocFolder\17\General Meeting -2022-11-24-638048786485502785.rtf,,,Minutes,11/24/2022
976,General,General Planning Meeting ,\1\General Planning Meeting -2022-11-24-638048837096011019.rtf,D:\DBX\LocalDocFolder\1\General Planning Meeting -2022-11-24-638048837096011019.rtf,,,Minutes,11/24/2022
980,Sibel App,ECGDataSource.kt,\16\ECGDataSource-2022-11-24-14-52-1.kt,D:\DBX\LocalDocFolder\16\ECGDataSource-2022-11-24-14-52-1.kt,,,TempFiles,11/24/2022
981,Sibel App,PPGDataSource.kt,\16\PPGDataSource-2022-11-24-14-52-17.kt,D:\DBX\LocalDocFolder\16\PPGDataSource-2022-11-24-14-52-17.kt,,,TempFiles,11/24/2022
982,Sibel App,XYDataSource.kt,\16\XYDataSource-2022-11-24-14-52-30.kt,D:\DBX\LocalDocFolder\16\XYDataSource-2022-11-24-14-52-30.kt,,,TempFiles,11/24/2022
988,General,Object oriented Mistake in passing object to same object,\1\ScreenShot-455.bmp,D:\DBX\LocalDocFolder\1\ScreenShot-455.bmp,,,General,11/27/2022
989,Sibel App,General Meeting -Internal,\16\General Meeting -Internal-2022-11-28-638052335558894431.rtf,D:\DBX\LocalDocFolder\16\General Meeting -Internal-2022-11-28-638052335558894431.rtf,"prajoy,smita,priyanka",,Minutes,11/28/2022
990,General,SL Visit Meeting,\1\SL Visit Meeting-2022-11-28-638052501656969385.rtf,D:\DBX\LocalDocFolder\1\SL Visit Meeting-2022-11-28-638052501656969385.rtf,,,Minutes,11/28/2022
993,IOMT Platform,CMS ScreenShot-410 image,\5\ScreenShot-410.bmp,D:\DBX\LocalDocFolder\5\ScreenShot-410.bmp,,,General,11/30/2022
995,BPL CPAB,Weekly Meeting ,\14\Weekly Meeting -2022-11-30-638054207083216844.rtf,D:\DBX\LocalDocFolder\14\Weekly Meeting -2022-11-30-638054207083216844.rtf,,,Minutes,11/30/2022
1002,NEERS Hardware and Firmware,Bi Weekly Meeting ,\12\Bi Weekly Meeting -2022-12-2-638056036733925781.rtf,D:\DBX\LocalDocFolder\12\Bi Weekly Meeting -2022-12-2-638056036733925781.rtf,,,Minutes,12/2/2022
1003,General,SL Visit Planning General Meeting,\1\General Meeting-2022-12-5-638058345928331804.rtf,D:\DBX\LocalDocFolder\1\General Meeting-2022-12-5-638058345928331804.rtf,,,Minutes,12/5/2022
1004,General,Weekly Meeting ,\1\Weekly Meeting -2022-12-5-638058355183666010.rtf,D:\DBX\LocalDocFolder\1\Weekly Meeting -2022-12-5-638058355183666010.rtf,,,Minutes,12/5/2022
1007,Not used,General Meeting ,\17\General Meeting -2022-12-6-638059034026972468.rtf,D:\DBX\LocalDocFolder\17\General Meeting -2022-12-6-638059034026972468.rtf,,,Minutes,12/6/2022
1008,Not used,General Meeting ,\17\General Meeting -2022-12-6-638059056040522807.rtf,D:\DBX\LocalDocFolder\17\General Meeting -2022-12-6-638059056040522807.rtf,,,Minutes,12/6/2022
1012,Not used,SL Presentation ,\17\SL Presentation -2022-12-7-638059908068389226.rtf,D:\DBX\LocalDocFolder\17\SL Presentation -2022-12-7-638059908068389226.rtf,,,Minutes,12/7/2022
1013,General,Marketing General Meeting ,\1\Marketing General Meeting -2022-12-7-638060223978344668.rtf,D:\DBX\LocalDocFolder\1\Marketing General Meeting -2022-12-7-638060223978344668.rtf,,,Minutes,12/7/2022
1014,BPL CPAB,Weekly Meeting ,\14\Weekly Meeting -2022-12-7-638060252576843735.rtf,D:\DBX\LocalDocFolder\14\Weekly Meeting -2022-12-7-638060252576843735.rtf,,,Minutes,12/7/2022
1017,Sibel App,Weekly Meeting ,\14\Weekly Meeting -2022-12-7-638060384567029707.rtf,D:\DBX\LocalDocFolder\14\Weekly Meeting -2022-12-7-638060384567029707.rtf,,,Minutes,12/8/2022
1019,General,General Meeting ,\1\General Meeting -2022-12-9-638061615466047035.rtf,D:\DBX\LocalDocFolder\1\General Meeting -2022-12-9-638061615466047035.rtf,,,Minutes,12/9/2022
1020,Not used,General Meeting ,\17\General Meeting -2022-12-9-638061616314307564.rtf,D:\DBX\LocalDocFolder\17\General Meeting -2022-12-9-638061616314307564.rtf,,,Minutes,12/9/2022
1022,BPL CPAB,Internal Weekly Meeting ,\14\Internal Weekly Meeting -2022-12-12-638064416554306932.rtf,D:\DBX\LocalDocFolder\14\Internal Weekly Meeting -2022-12-12-638064416554306932.rtf,,,Minutes,12/12/2022
1025,General,Flipcart mobile return request,\1\ScreenShot-35.bmp,D:\DBX\LocalDocFolder\1\ScreenShot-35.bmp,,,General,12/12/2022
1026,Sibel App,Weekly Meeting ,\16\Weekly Meeting -2022-12-13-638065575328870231.rtf,D:\DBX\LocalDocFolder\16\Weekly Meeting -2022-12-13-638065575328870231.rtf,,,Minutes,12/13/2022
1031,General,General Meeting ,\1\General Meeting -2022-12-14-638066141421406850.rtf,D:\DBX\LocalDocFolder\1\General Meeting -2022-12-14-638066141421406850.rtf,,,Minutes,12/14/2022
1033,General,CAM General Meeting ,\1\CAM General Meeting -2022-12-15-638066993096787087.rtf,D:\DBX\LocalDocFolder\1\CAM General Meeting -2022-12-15-638066993096787087.rtf,,,Minutes,12/15/2022
1034,General,Freshto Rely General Meeting ,\1\Freshto Rely General Meeting -2022-12-15-638067042193739615.rtf,D:\DBX\LocalDocFolder\1\Freshto Rely General Meeting -2022-12-15-638067042193739615.rtf,,,Minutes,12/15/2022
1035,General,Patch General Meeting ,\1\Patch General Meeting -2022-12-15-638067058021211176.rtf,D:\DBX\LocalDocFolder\1\Patch General Meeting -2022-12-15-638067058021211176.rtf,,,Minutes,12/15/2022
1038,General,XRAY General Meeting ,\1\XRAY General Meeting -2022-12-15-638067211693119330.rtf,D:\DBX\LocalDocFolder\1\XRAY General Meeting -2022-12-15-638067211693119330.rtf,,,Minutes,12/15/2022
1039,Personal,PASSPORT APPLICATION REF NUMBER,\11\ScreenShot-874.bmp,D:\DBX\LocalDocFolder\11\ScreenShot-874.bmp,,,General,12/16/2022
1040,Sibel App,LogWriter.java,\16\LogWriter-2022-12-16-9-57-38.java,D:\DBX\LocalDocFolder\16\LogWriter-2022-12-16-9-57-38.java,,,TempFiles,12/16/2022
1041,Sibel App,RCA General Meeting ,\16\RCA General Meeting -2022-12-16-638067838085925562.rtf,D:\DBX\LocalDocFolder\16\RCA General Meeting -2022-12-16-638067838085925562.rtf,,,Minutes,12/16/2022
1046,DevDiary,temp file test,\6\Discussion Points & Specs-2022-12-19-9-19-13.pptm,D:\DBX\LocalDocFolder\6\Discussion Points & Specs-2022-12-19-9-19-13.pptm,temp file test,,,12/19/2022
1049,General,HealthPatch Related documents.rar,\1\HealthPatch Related documents-2022-12-19-11-51-42.rar,D:\DBX\LocalDocFolder\1\HealthPatch Related documents-2022-12-19-11-51-42.rar,Health patch related document given by the customer,,TempFiles,12/19/2022
1050,General,HealthPatch Related documents bmjo.rar,\1\HealthPatch Related documents-2022-12-19-12-5-55.rar,D:\DBX\LocalDocFolder\1\HealthPatch Related documents-2022-12-19-12-5-55.rar,test 123,HealthPatch Related documents.rar,TempFiles,12/19/2022
1051,Sibel App,SLWaveFormPlotCode-Cody Spacelab timeserios ,\16\SLWaveFormPlotCode-Cody-2022-12-19-16-18-2.rar,D:\DBX\LocalDocFolder\16\SLWaveFormPlotCode-Cody-2022-12-19-16-18-2.rar,,SLWaveFormPlotCode-Cody.rar,General,12/19/2022
1052,Sibel App,SibelAppSDKIntegrated.1122 rar,\16\SibelAppSDKIntegrated-2022-12-19-16-18-25.rar,D:\DBX\LocalDocFolder\16\SibelAppSDKIntegrated-2022-12-19-16-18-25.rar,,SibelAppSDKIntegrated.rar,,12/19/2022
1053,Sibel App,SLWaveFormPlotCode-Cody.rar,\16\SLWaveFormPlotCode-Cody-2022-12-19-16-20-21.rar,D:\DBX\LocalDocFolder\16\SLWaveFormPlotCode-Cody-2022-12-19-16-20-21.rar,,SLWaveFormPlotCode-Cody.rar,TempFiles,12/19/2022
1056,General,Fresh 2 Rely Weekly Meeting ,\1\Weekly Meeting -2022-12-20-638071312129454340.rtf,D:\DBX\LocalDocFolder\1\Weekly Meeting -2022-12-20-638071312129454340.rtf,,,Minutes,12/20/2022
1058,Sibel App,General Meeting ,\16\General Meeting -2022-12-20-638071326063108939.rtf,D:\DBX\LocalDocFolder\16\General Meeting -2022-12-20-638071326063108939.rtf,,,Minutes,12/20/2022
1059,General,BPL Alarm and ISO Standards General Meeting ,\1\Alarm snad ISO Standards General Meeting -2022-12-20-638071507047657607.rtf,D:\DBX\LocalDocFolder\1\Alarm snad ISO Standards General Meeting -2022-12-20-638071507047657607.rtf,,,Minutes,12/20/2022
1061,Sibel App,Weekly Meeting ,\16\Weekly Meeting -2022-12-20-638071620161698817.rtf,D:\DBX\LocalDocFolder\16\Weekly Meeting -2022-12-20-638071620161698817.rtf,,,Minutes,12/20/2022
1063,General,Luxisense Initial Meeting ,\1\General Meeting -2022-12-21-638072120675388477.rtf,D:\DBX\LocalDocFolder\1\General Meeting -2022-12-21-638072120675388477.rtf,,,Minutes,12/21/2022
1069,General,bmjo tvc blr rac10012023.pdf,\1\bmjo tvc blr rac10012023.pdf,D:\DBX\LocalDocFolder\1\bmjo tvc blr rac10012023.pdf,bmjo tvc blr rac10012023.pdf,bmjo tvc blr rac10012023.pdf,TempFiles,12/21/2022
1070,General,0460481b-0e11-4042-9d92-0dfb737a3d4c.tmp,\1\0460481b-0e11-4042-9d92-0dfb737a3d4c.tmp,D:\DBX\LocalDocFolder\1\0460481b-0e11-4042-9d92-0dfb737a3d4c.tmp,0460481b-0e11-4042-9d92-0dfb737a3d4c.tmp,0460481b-0e11-4042-9d92-0dfb737a3d4c.tmp,TempFiles,12/21/2022
1072,General,~$iOrbit-Haystack-Monthlystatus-Mar21-V1p1.pptx,\1\~$iOrbit-Haystack-Monthlystatus-Mar21-V1p1.pptx,D:\DBX\LocalDocFolder\1\~$iOrbit-Haystack-Monthlystatus-Mar21-V1p1.pptx,~$iOrbit-Haystack-Monthlystatus-Mar21-V1p1.pptx,~$iOrbit-Haystack-Monthlystatus-Mar21-V1p1.pptx,TempFiles,12/21/2022
1076,General,106c1e0c-623a-4d1b-a882-2a7f30d3c0bd.tmp,\1\106c1e0c-623a-4d1b-a882-2a7f30d3c0bd.tmp,D:\DBX\LocalDocFolder\1\106c1e0c-623a-4d1b-a882-2a7f30d3c0bd.tmp,106c1e0c-623a-4d1b-a882-2a7f30d3c0bd.tmp,106c1e0c-623a-4d1b-a882-2a7f30d3c0bd.tmp,TempFiles,12/21/2022
1079,General,~$iOrbit-Haystack-Monthlystatus-Mar21-V1p1 (1).pptx,\1\~$iOrbit-Haystack-Monthlystatus-Mar21-V1p1 (1).pptx,D:\DBX\LocalDocFolder\1\~$iOrbit-Haystack-Monthlystatus-Mar21-V1p1 (1).pptx,~$iOrbit-Haystack-Monthlystatus-Mar21-V1p1 (1).pptx,~$iOrbit-Haystack-Monthlystatus-Mar21-V1p1 (1).pptx,TempFiles,12/21/2022
1089,Sibel App,High priority issue discussion Meeting ,\16\High priority issue discussion Meeting -2022-12-22-638073182137130722.rtf,D:\DBX\LocalDocFolder\16\High priority issue discussion Meeting -2022-12-22-638073182137130722.rtf,,,Minutes,12/22/2022
1090,BPL CPAB,Weekly Meeting ,\14\Weekly Meeting -2022-12-22-638073210028672665.rtf,D:\DBX\LocalDocFolder\14\Weekly Meeting -2022-12-22-638073210028672665.rtf,,,Minutes,12/22/2022
1101,Sibel App,ECGDataSource.kt,\16\ECGDataSource-2022-12-24-11-10-39.kt,D:\DBX\LocalDocFolder\16\ECGDataSource-2022-12-24-11-10-39.kt,,ECGDataSource.kt,TempFiles,12/24/2022
1102,Sibel App,PPGDataSource.kt,\16\PPGDataSource-2022-12-24-11-10-55.kt,D:\DBX\LocalDocFolder\16\PPGDataSource-2022-12-24-11-10-55.kt,,PPGDataSource.kt,TempFiles,12/24/2022
1103,Sibel App,XYDataSource.kt,\16\XYDataSource-2022-12-24-11-11-3.kt,D:\DBX\LocalDocFolder\16\XYDataSource-2022-12-24-11-11-3.kt,,XYDataSource.kt,TempFiles,12/24/2022
1104,Sibel App,SibelSensorManager.kt,\16\SibelSensorManager-2022-12-24-11-11-44.kt,D:\DBX\LocalDocFolder\16\SibelSensorManager-2022-12-24-11-11-44.kt,,SibelSensorManager.kt,TempFiles,12/24/2022
1105,Sibel App,LogWriter.java,\16\LogWriter-2022-12-24-11-11-53.java,D:\DBX\LocalDocFolder\16\LogWriter-2022-12-24-11-11-53.java,,LogWriter.java,TempFiles,12/24/2022
1106,Sibel App,ApplicationManager.kt,\16\ApplicationManager-2022-12-24-11-12-8.kt,D:\DBX\LocalDocFolder\16\ApplicationManager-2022-12-24-11-12-8.kt,,ApplicationManager.kt,TempFiles,12/24/2022
1107,Sibel App,CommonDataArea.kt,\16\CommonDataArea-2022-12-24-11-12-19.kt,D:\DBX\LocalDocFolder\16\CommonDataArea-2022-12-24-11-12-19.kt,,CommonDataArea.kt,TempFiles,12/24/2022
1108,Sibel App,MainActivity.kt,\16\MainActivity-2022-12-24-11-12-48.kt,D:\DBX\LocalDocFolder\16\MainActivity-2022-12-24-11-12-48.kt,,MainActivity.kt,TempFiles,12/24/2022
1109,Sibel App,Dialogs.kt,\16\Dialogs-2022-12-24-11-13-6.kt,D:\DBX\LocalDocFolder\16\Dialogs-2022-12-24-11-13-6.kt,,Dialogs.kt,TempFiles,12/24/2022
1110,Sibel App,MainActivityUIs.kt,\16\MainActivityUIs-2022-12-24-11-13-22.kt,D:\DBX\LocalDocFolder\16\MainActivityUIs-2022-12-24-11-13-22.kt,,MainActivityUIs.kt,TempFiles,12/24/2022
1118,General,chat gpt.jpg,\1\chat gpt-2022-12-27-9-51-49.jpg,D:\DBX\LocalDocFolder\1\chat gpt-2022-12-27-9-51-49.jpg,,chat gpt.jpg,TempFiles,12/27/2022
1119,General,chat gpt.jpg,\1\chat gpt-2022-12-27-10-15-14.jpg,D:\DBX\LocalDocFolder\1\chat gpt-2022-12-27-10-15-14.jpg,,chat gpt.jpg,TempFiles,12/27/2022
1120,Not used,2022-6-15detail.csv,\1\2022-6-15detail-2022-12-27-11-38-34.csv,D:\DBX\LocalDocFolder\1\2022-6-15detail-2022-12-27-11-38-34.csv,,2022-6-15detail.csv,TempFiles,12/27/2022
1126,General,2022-5-1detail.csv,\1\2022-5-1detail-2022-12-27-18-16-0.csv,D:\DBX\LocalDocFolder\1\2022-5-1detail-2022-12-27-18-16-0.csv,,2022-5-1detail.csv,General,12/27/2022
1127,General,2022-5-14detail.csv,\1\2022-5-14detail-2022-12-27-18-55-28.csv,D:\DBX\LocalDocFolder\1\2022-5-14detail-2022-12-27-18-55-28.csv,,2022-5-14detail.csv,Requirements,12/27/2022
1128,General,lead1.csv,\1\lead1-2022-12-28-9-52-20.csv,D:\DBX\LocalDocFolder\1\lead1-2022-12-28-9-52-20.csv,,lead1.csv,TempFiles,12/28/2022
1130,General,IOMT Launch page(2).pptx,\1\IOMT Launch page(2).pptx,D:\DBX\LocalDocFolder\1\IOMT Launch page(2).pptx,IOMT Launch page(2).pptx,IOMT Launch page(2).pptx,TechDoc,12/28/2022
1134,General,iOrbitDigitalTechnologies-SL-CorpOverview-BM-1.8 Final.pptx,\1\iOrbitDigitalTechnologies-SL-CorpOverview-BM-1.8 Final-2022-12-28-10-49-41.pptx,D:\DBX\LocalDocFolder\1\iOrbitDigitalTechnologies-SL-CorpOverview-BM-1.8 Final-2022-12-28-10-49-41.pptx,,iOrbitDigitalTechnologies-SL-CorpOverview-BM-1.8 Final.pptx,TempFiles,12/28/2022
1135,General,BPL CPAP Schematic Design iorbit_design_v1.0.pdf,\1\BPL CPAP Schematic Design iorbit_design_v1.0.pdf,D:\DBX\LocalDocFolder\1\BPL CPAP Schematic Design iorbit_design_v1.0.pdf,iorbit_design_v1.0.pdf,iorbit_design_v1.0.pdf,TechDoc,12/28/2022
1136,BPL CPAB,Motor Blower controller used in BPL CPAP Machine development,\14\Moton Blower controller used in BPL CPAP Machine development,D:\DBX\LocalDocFolder\14\Moton Blower controller used in BPL CPAP Machine development,mct8316a.pdf,mct8316a.pdf,Documents,12/28/2022
1137,General,Luxisense pressure sensor array used for detecting bedsore and many other applications,\1\Luxisense pressure sensor array used for detecting bedsore and many other applications,D:\DBX\LocalDocFolder\1\Luxisense pressure sensor array used for detecting bedsore and many other applications,2D_POF_sensor_ECOC_2020_v2.pdf,2D_POF_sensor_ECOC_2020_v2.pdf,TechDoc,12/28/2022
1139,IOMT Platform,BLE HUB Python Code .py,\5\BLE HUB Python Code .py,D:\DBX\LocalDocFolder\5\BLE HUB Python Code .py,join24.py,join24.py,TechDoc,12/28/2022
1141,General,SibelSensorManager.kt,\1\SibelSensorManager-2022-12-29-11-25-18.kt,D:\DBX\LocalDocFolder\1\SibelSensorManager-2022-12-29-11-25-18.kt,,SibelSensorManager.kt,TempFiles,12/29/2022
1142,General,MainActivity.kt,\1\MainActivity-2022-12-29-11-25-38.kt,D:\DBX\LocalDocFolder\1\MainActivity-2022-12-29-11-25-38.kt,,MainActivity.kt,TempFiles,12/29/2022
1143,General,MainActivityUIs.kt,\1\MainActivityUIs-2022-12-29-11-25-52.kt,D:\DBX\LocalDocFolder\1\MainActivityUIs-2022-12-29-11-25-52.kt,,MainActivityUIs.kt,TempFiles,12/29/2022
1160,General,Health Patch General Meeting ,\1\Health Patch General Meeting -2023-1-2-638082601628137213.rtf,D:\DBX\LocalDocFolder\1\Health Patch General Meeting -2023-1-2-638082601628137213.rtf,,,Minutes,1/2/2023
1162,NEERS Hardware and Firmware,NEERS Software architecture diagram,\12\ScreenShot-270.bmp,D:\DBX\LocalDocFolder\12\ScreenShot-270.bmp,,,General,1/2/2023
1163,NEERS Hardware and Firmware,NEES Screen Design 1,\12\ScreenShot-171.bmp,D:\DBX\LocalDocFolder\12\ScreenShot-171.bmp,,,General,1/2/2023
1165,General,Lux Pressure MAT SOW Discussion,\1\Lux Pressure MAT SOW Discussion-2023-1-3-638083374611865975.rtf,D:\DBX\LocalDocFolder\1\Lux Pressure MAT SOW Discussion-2023-1-3-638083374611865975.rtf,,,Minutes,1/3/2023
1166,BPL CPAB,Weekly General Meeting ,\14\Weekly General Meeting -2023-1-3-638083423728496295.rtf,D:\DBX\LocalDocFolder\14\Weekly General Meeting -2023-1-3-638083423728496295.rtf,,,Minutes,1/3/2023
1169,Sibel App,Weekly Meeting ,\16\Weekly Meeting -2023-1-3-638083714138899818.rtf,D:\DBX\LocalDocFolder\16\Weekly Meeting -2023-1-3-638083714138899818.rtf,,,Minutes,1/3/2023
1177,BPL CPAB,BPL CPAP Circuit Schematics,\14\BPL CPAP Circuit Schematics,D:\DBX\LocalDocFolder\14\BPL CPAP Circuit Schematics,iorbit_design_v1.0 (1).pdf,iorbit_design_v1.0 (1).pdf,TechDoc,1/4/2023
1182,General,Healthpatch Phase 2 Gant chart,\1\ScreenShot-116.bmp,D:\DBX\LocalDocFolder\1\ScreenShot-116.bmp,,,General,1/4/2023
1184,General,Fresh2Rely General Meeting ,\1\Fresh2Rely General Meeting -2023-1-4-638084485872073104.rtf,D:\DBX\LocalDocFolder\1\Fresh2Rely General Meeting -2023-1-4-638084485872073104.rtf,,,Minutes,1/4/2023
1193,General,SOW Review Luxisense and Healthpatch,\1\General Meeting -2023-1-6-638086000451884663.rtf,D:\DBX\LocalDocFolder\1\General Meeting -2023-1-6-638086000451884663.rtf,,,Minutes,1/6/2023
1194,General,ISO Internal audit General Meeting ,\1\ISO Internal audit General Meeting -2023-1-6-638086232906254815.rtf,D:\DBX\LocalDocFolder\1\ISO Internal audit General Meeting -2023-1-6-638086232906254815.rtf,,,Minutes,1/6/2023
1195,IOMT Platform,General Meeting ,\5\General Meeting -2023-1-6-638086251098305688.rtf,D:\DBX\LocalDocFolder\5\General Meeting -2023-1-6-638086251098305688.rtf,,,Minutes,1/6/2023
1214,General,Java Developer (1).pdf,\1\Java Developer (1).pdf,D:\DBX\LocalDocFolder\1\Java Developer (1).pdf,Java Developer (1).pdf,Java Developer (1).pdf,TempFiles,13-01-2023
1215,General,Git-2.39.0.2-64-bit.exe,\1\Git-2.39.0.2-64-bit.exe,D:\DBX\LocalDocFolder\1\Git-2.39.0.2-64-bit.exe,Git-2.39.0.2-64-bit.exe,Git-2.39.0.2-64-bit.exe,TempFiles,14-01-2023
1219,General,Anshi A S_4Yrs_Java Er.pdf,\1\Anshi A S_4Yrs_Java Er.pdf,D:\DBX\LocalDocFolder\1\Anshi A S_4Yrs_Java Er.pdf,Anshi A S_4Yrs_Java Er.pdf,Anshi A S_4Yrs_Java Er.pdf,TempFiles,17-01-2023
1221,General,bp.drtrust.com.zip,\1\bp.drtrust.com.zip,D:\DBX\LocalDocFolder\1\bp.drtrust.com.zip,bp.drtrust.com.zip,bp.drtrust.com.zip,TempFiles,17-01-2023
1229,General,a0e3c0c1-55ad-419a-bc90-c3ae223262ae.jpeg,D:\Downloads\a0e3c0c1-55ad-419a-bc90-c3ae223262ae.jpeg,D:\Downloads\a0e3c0c1-55ad-419a-bc90-c3ae223262ae.jpeg,a0e3c0c1-55ad-419a-bc90-c3ae223262ae.jpeg,a0e3c0c1-55ad-419a-bc90-c3ae223262ae.jpeg,TempFiles,18-01-2023
1230,General,ocd1.bmp,D:\Downloads\ocd1.bmp,D:\Downloads\ocd1.bmp,ocd1.bmp,ocd1.bmp,TempFiles,18-01-2023
1231,General,ocd2.bmp,D:\Downloads\ocd2.bmp,D:\Downloads\ocd2.bmp,ocd2.bmp,ocd2.bmp,TempFiles,18-01-2023
1232,General,ocd3.bmp,D:\Downloads\ocd3.bmp,D:\Downloads\ocd3.bmp,ocd3.bmp,ocd3.bmp,TempFiles,18-01-2023
1238,General,bmjo.bmp,D:\Downloads\bmjo.bmp,D:\Downloads\bmjo.bmp,bmjo.bmp,bmjo.bmp,TempFiles,19-01-2023
1239,General,bmjo3.bmp,D:\Downloads\bmjo3.bmp,D:\Downloads\bmjo3.bmp,bmjo3.bmp,bmjo3.bmp,TempFiles,19-01-2023
1241,General,control system.txt,D:\Downloads\control system.txt,D:\Downloads\control system.txt,control system.txt,control system.txt,TempFiles,20-01-2023
1250,General,CurriculumVitaeBrasil.pdf,D:\Downloads\CurriculumVitaeBrasil.pdf,D:\Downloads\CurriculumVitaeBrasil.pdf,CurriculumVitaeBrasil.pdf,CurriculumVitaeBrasil.pdf,TempFiles,20-01-2023
1251,General,CurriculumVitaeBrasil (1).pdf,D:\Downloads\CurriculumVitaeBrasil (1).pdf,D:\Downloads\CurriculumVitaeBrasil (1).pdf,CurriculumVitaeBrasil (1).pdf,CurriculumVitaeBrasil (1).pdf,TempFiles,20-01-2023
1255,General,458-DQP-01-DESIGN QUALITY PLAN.doc,D:\Downloads\458-DQP-01-DESIGN QUALITY PLAN.doc,D:\Downloads\458-DQP-01-DESIGN QUALITY PLAN.doc,458-DQP-01-DESIGN QUALITY PLAN.doc,458-DQP-01-DESIGN QUALITY PLAN.doc,TempFiles,23-01-2023
1256,General,458-DQP-01-DESIGN QUALITY PLAN (1).doc,D:\Downloads\458-DQP-01-DESIGN QUALITY PLAN (1).doc,D:\Downloads\458-DQP-01-DESIGN QUALITY PLAN (1).doc,458-DQP-01-DESIGN QUALITY PLAN (1).doc,458-DQP-01-DESIGN QUALITY PLAN (1).doc,TempFiles,23-01-2023
1259,General,NewNfcDec.zip,D:\Downloads\NewNfcDec.zip,D:\Downloads\NewNfcDec.zip,NewNfcDec.zip,NewNfcDec.zip,TempFiles,23-01-2023
1262,General,ffmpeg-2023-01-22-git-9d5e66942c-full_build.7z,D:\Downloads\ffmpeg-2023-01-22-git-9d5e66942c-full_build.7z,D:\Downloads\ffmpeg-2023-01-22-git-9d5e66942c-full_build.7z,ffmpeg-2023-01-22-git-9d5e66942c-full_build.7z,ffmpeg-2023-01-22-git-9d5e66942c-full_build.7z,TempFiles,24-01-2023
1263,General,7z2201-x64.exe,D:\Downloads\7z2201-x64.exe,D:\Downloads\7z2201-x64.exe,7z2201-x64.exe,7z2201-x64.exe,TempFiles,24-01-2023
1264,General,iOrbit-Health_Patch_SoW v1.3_TK.docx,D:\Downloads\iOrbit-Health_Patch_SoW v1.3_TK.docx,D:\Downloads\iOrbit-Health_Patch_SoW v1.3_TK.docx,iOrbit-Health_Patch_SoW v1.3_TK.docx,iOrbit-Health_Patch_SoW v1.3_TK.docx,TempFiles,24-01-2023
1265,General,iOrbit-Health_Patch_SoW v1.3_TK-BMJO.docx,\Documents\iOrbit-Health_Patch_SoW v1.3_TK-BMJO.docx,D:\DBX\LocalDocFolder\Documents\iOrbit-Health_Patch_SoW v1.3_TK-BMJO.docx,iOrbit-Health_Patch_SoW v1.3_TK-BMJO.docx,iOrbit-Health_Patch_SoW v1.3_TK-BMJO.docx,TempFiles,24-01-2023
1266,General,Babitha Resume  december 2022.pdf,\Documents\Babitha Resume  december 2022.pdf,D:\DBX\LocalDocFolder\Documents\Babitha Resume  december 2022.pdf,Babitha Resume  december 2022.pdf,Babitha Resume  december 2022.pdf,TempFiles,24-01-2023
1268,General,TeamsSetupx64_s_8DAFE1AAA55437F-1-0_c_w_.exe,D:\Downloads\TeamsSetupx64_s_8DAFE1AAA55437F-1-0_c_w_.exe,D:\Downloads\TeamsSetupx64_s_8DAFE1AAA55437F-1-0_c_w_.exe,TeamsSetupx64_s_8DAFE1AAA55437F-1-0_c_w_.exe,TeamsSetupx64_s_8DAFE1AAA55437F-1-0_c_w_.exe,TempFiles,24-01-2023
1273,General,screen_recording.avi,D:\Downloads\screen_recording.avi,D:\Downloads\screen_recording.avi,screen_recording.avi,screen_recording.avi,TempFiles,25-01-2023
1274,General,screen_recording12.avi,D:\Downloads\screen_recording12.avi,D:\Downloads\screen_recording12.avi,screen_recording12.avi,screen_recording12.avi,TempFiles,25-01-2023
1275,General,screen_recording24.avi,D:\Downloads\screen_recording24.avi,D:\Downloads\screen_recording24.avi,screen_recording24.avi,screen_recording24.avi,TempFiles,25-01-2023
1276,General,combined_recording123344.avi,D:\Downloads\combined_recording123344.avi,D:\Downloads\combined_recording123344.avi,combined_recording123344.avi,combined_recording123344.avi,TempFiles,25-01-2023
1277,General,combined_recording12345.avi,D:\Downloads\combined_recording12345.avi,D:\Downloads\combined_recording12345.avi,combined_recording12345.avi,combined_recording12345.avi,TempFiles,25-01-2023
1280,General,NEERS General Meeting-2023-1-25-638102439592037186.docx,D:\Downloads\NEERS General Meeting-2023-1-25-638102439592037186.docx,D:\Downloads\NEERS General Meeting-2023-1-25-638102439592037186.docx,NEERS General Meeting-2023-1-25-638102439592037186.docx,NEERS General Meeting-2023-1-25-638102439592037186.docx,TempFiles,25-01-2023
1282,General,pycharm-community-2022.3.1.exe,D:\Downloads\pycharm-community-2022.3.1.exe,D:\Downloads\pycharm-community-2022.3.1.exe,pycharm-community-2022.3.1.exe,pycharm-community-2022.3.1.exe,TempFiles,25-01-2023
1283,General,meeting_minutes.zip,D:\Downloads\meeting_minutes.zip,D:\Downloads\meeting_minutes.zip,meeting_minutes.zip,meeting_minutes.zip,TempFiles,25-01-2023
1292,General,Transcribed Heslth aptch.txt,D:\Downloads\Transcribed Heslth aptch.txt,D:\Downloads\Transcribed Heslth aptch.txt,Transcribed Heslth aptch.txt,Transcribed Heslth aptch.txt,TempFiles,26-01-2023
1293,General,sibel weekly Meting points.txt,D:\Downloads\sibel weekly Meting points.txt,D:\Downloads\sibel weekly Meting points.txt,sibel weekly Meting points.txt,sibel weekly Meting points.txt,TempFiles,26-01-2023
1294,General,summary-sibel.txt,D:\Downloads\summary-sibel.txt,D:\Downloads\summary-sibel.txt,summary-sibel.txt,summary-sibel.txt,TempFiles,26-01-2023
1295,General,actionsibel.txt,D:\Downloads\actionsibel.txt,D:\Downloads\actionsibel.txt,actionsibel.txt,actionsibel.txt,TempFiles,26-01-2023
1297,General,NEERS_HARDWARE_TEST_REPORT_v1p1.docx,D:\Downloads\NEERS_HARDWARE_TEST_REPORT_v1p1.docx,D:\Downloads\NEERS_HARDWARE_TEST_REPORT_v1p1.docx,NEERS_HARDWARE_TEST_REPORT_v1p1.docx,NEERS_HARDWARE_TEST_REPORT_v1p1.docx,TempFiles,27-01-2023
1303,General,NEERS_Stimulator_current_test_results (1).xlsx,D:\Downloads\NEERS_Stimulator_current_test_results (1).xlsx,D:\Downloads\NEERS_Stimulator_current_test_results (1).xlsx,NEERS_Stimulator_current_test_results (1).xlsx,NEERS_Stimulator_current_test_results (1).xlsx,TempFiles,27-01-2023
1305,General,NEERS_Stimulator_Testing_Video.mp4,D:\Downloads\NEERS_Stimulator_Testing_Video.mp4,D:\Downloads\NEERS_Stimulator_Testing_Video.mp4,NEERS_Stimulator_Testing_Video.mp4,NEERS_Stimulator_Testing_Video.mp4,TempFiles,27-01-2023
1313,General,NEERS General Meeting-2023-1-25-638102439592037186 (1).docx,D:\Downloads\NEERS General Meeting-2023-1-25-638102439592037186 (1).docx,D:\Downloads\NEERS General Meeting-2023-1-25-638102439592037186 (1).docx,NEERS General Meeting-2023-1-25-638102439592037186 (1).docx,NEERS General Meeting-2023-1-25-638102439592037186 (1).docx,TempFiles,30-01-2023
1314,General,Weekly Meeting -2022-10-12-638011899745498375.docx,D:\Downloads\Weekly Meeting -2022-10-12-638011899745498375.docx,D:\Downloads\Weekly Meeting -2022-10-12-638011899745498375.docx,Weekly Meeting -2022-10-12-638011899745498375.docx,Weekly Meeting -2022-10-12-638011899745498375.docx,TempFiles,30-01-2023
1316,General,SW Architecture General Meeting -2023-1-30-638106880867498234.docx,D:\Downloads\SW Architecture General Meeting -2023-1-30-638106880867498234.docx,D:\Downloads\SW Architecture General Meeting -2023-1-30-638106880867498234.docx,SW Architecture General Meeting -2023-1-30-638106880867498234.docx,SW Architecture General Meeting -2023-1-30-638106880867498234.docx,TempFiles,30-01-2023
1327,General,Internal Weekly Meeting -2023-1-31-638107615690305807.docx,D:\Downloads\Internal Weekly Meeting -2023-1-31-638107615690305807.docx,D:\Downloads\Internal Weekly Meeting -2023-1-31-638107615690305807.docx,Internal Weekly Meeting -2023-1-31-638107615690305807.docx,Internal Weekly Meeting -2023-1-31-638107615690305807.docx,TempFiles,31-01-2023
1337,General,DB.Browser.for.SQLite-3.12.2-win64.msi,D:\Downloads\DB.Browser.for.SQLite-3.12.2-win64.msi,D:\Downloads\DB.Browser.for.SQLite-3.12.2-win64.msi,DB.Browser.for.SQLite-3.12.2-win64.msi,DB.Browser.for.SQLite-3.12.2-win64.msi,TempFiles,01-02-2023
1340,General,Postman-win64-Setup.exe,D:\Downloads\Postman-win64-Setup.exe,D:\Downloads\Postman-win64-Setup.exe,Postman-win64-Setup.exe,Postman-win64-Setup.exe,TempFiles,01-02-2023
1358,General,Internal Weekly Meeting -2023-1-31-638107615690305807 (1).docx,D:\Downloads\Internal Weekly Meeting -2023-1-31-638107615690305807 (1).docx,D:\Downloads\Internal Weekly Meeting -2023-1-31-638107615690305807 (1).docx,Internal Weekly Meeting -2023-1-31-638107615690305807 (1).docx,Internal Weekly Meeting -2023-1-31-638107615690305807 (1).docx,TempFiles,02-02-2023
1359,General,tf16392567_win32.dotx,D:\Downloads\tf16392567_win32.dotx,D:\Downloads\tf16392567_win32.dotx,tf16392567_win32.dotx,tf16392567_win32.dotx,TempFiles,02-02-2023
1366,General,Log,D:\Downloads\Log,D:\Downloads\Log,Log,Log,TempFiles,04-02-2023
1368,General,07-02-2023.docx,D:\Downloads\07-02-2023.docx,D:\Downloads\07-02-2023.docx,07-02-2023.docx,07-02-2023.docx,TempFiles,07-02-2023
1386,General,raw_chest_cj116_1675859456_0.shrd,D:\Downloads\raw_chest_cj116_1675859456_0.shrd,D:\Downloads\raw_chest_cj116_1675859456_0.shrd,raw_chest_cj116_1675859456_0.shrd,raw_chest_cj116_1675859456_0.shrd,TempFiles,09-02-2023
1389,General,NEERS_HARDWARE_TEST_REPORT_v1p1 (1).pdf,D:\Downloads\NEERS_HARDWARE_TEST_REPORT_v1p1 (1).pdf,D:\Downloads\NEERS_HARDWARE_TEST_REPORT_v1p1 (1).pdf,NEERS_HARDWARE_TEST_REPORT_v1p1 (1).pdf,NEERS_HARDWARE_TEST_REPORT_v1p1 (1).pdf,TempFiles,10-02-2023
1390,General,NEERS_Stimulator_current_test_results (2).xlsx,D:\Downloads\NEERS_Stimulator_current_test_results (2).xlsx,D:\Downloads\NEERS_Stimulator_current_test_results (2).xlsx,NEERS_Stimulator_current_test_results (2).xlsx,NEERS_Stimulator_current_test_results (2).xlsx,TempFiles,10-02-2023
1396,General,app-debug.apk.zip,D:\Downloads\app-debug.apk.zip,D:\Downloads\app-debug.apk.zip,app-debug.apk.zip,app-debug.apk.zip,TempFiles,10-02-2023
1400,General,tabswitching.avi,D:\Downloads\tabswitching.avi,D:\Downloads\tabswitching.avi,tabswitching.avi,tabswitching.avi,TempFiles,10-02-2023
1402,General,digital_bd.pptx,D:\Downloads\digital_bd.pptx,D:\Downloads\digital_bd.pptx,digital_bd.pptx,digital_bd.pptx,TempFiles,10-02-2023
1403,General,app-debug.apk (1).zip,D:\Downloads\app-debug.apk (1).zip,D:\Downloads\app-debug.apk (1).zip,app-debug.apk (1).zip,app-debug.apk (1).zip,TempFiles,11-02-2023
1407,General,Digitaltwin open ai.txt,D:\Downloads\Digitaltwin open ai.txt,D:\Downloads\Digitaltwin open ai.txt,Digitaltwin open ai.txt,Digitaltwin open ai.txt,TempFiles,11-02-2023
1419,General,iOrbit.pptx,D:\Downloads\iOrbit.pptx,D:\Downloads\iOrbit.pptx,iOrbit.pptx,iOrbit.pptx,TempFiles,13-02-2023
1424,General,file list.csv,D:\Downloads\file list.csv,D:\Downloads\file list.csv,file list.csv,file list.csv,TempFiles,15-02-2023
1429,General,NEERS Changes.docx,D:\Downloads\NEERS Changes.docx,D:\Downloads\NEERS Changes.docx,NEERS Changes.docx,NEERS Changes.docx,TempFiles,15-02-2023
1430,General,python-3.10.10-amd64.exe,D:\Downloads\python-3.10.10-amd64.exe,D:\Downloads\python-3.10.10-amd64.exe,python-3.10.10-amd64.exe,python-3.10.10-amd64.exe,TempFiles,15-02-2023
1431,General,Git-2.39.2-64-bit.exe,D:\Downloads\Git-2.39.2-64-bit.exe,D:\Downloads\Git-2.39.2-64-bit.exe,Git-2.39.2-64-bit.exe,Git-2.39.2-64-bit.exe,TempFiles,15-02-2023
1434,General,WhatsApp Video 2023-02-16 at 17.04.03.mp4,D:\Downloads\WhatsApp Video 2023-02-16 at 17.04.03.mp4,D:\Downloads\WhatsApp Video 2023-02-16 at 17.04.03.mp4,WhatsApp Video 2023-02-16 at 17.04.03.mp4,WhatsApp Video 2023-02-16 at 17.04.03.mp4,TempFiles,16-02-2023
1435,General,WhatsApp Video 2023-02-16 at 17.04.04.mp4,D:\Downloads\WhatsApp Video 2023-02-16 at 17.04.04.mp4,D:\Downloads\WhatsApp Video 2023-02-16 at 17.04.04.mp4,WhatsApp Video 2023-02-16 at 17.04.04.mp4,WhatsApp Video 2023-02-16 at 17.04.04.mp4,TempFiles,16-02-2023
1437,General,AccelData.txt,D:\Downloads\AccelData.txt,D:\Downloads\AccelData.txt,AccelData.txt,AccelData.txt,TempFiles,17-02-2023
1439,General,AccelData - Copy.txt,D:\Downloads\AccelData - Copy.txt,D:\Downloads\AccelData - Copy.txt,AccelData - Copy.txt,AccelData - Copy.txt,TempFiles,20-02-2023
1450,General,FEDERICO PONENTE_PhD_THESIS.pdf,D:\Downloads\FEDERICO PONENTE_PhD_THESIS.pdf,D:\Downloads\FEDERICO PONENTE_PhD_THESIS.pdf,FEDERICO PONENTE_PhD_THESIS.pdf,FEDERICO PONENTE_PhD_THESIS.pdf,TempFiles,21-02-2023
1455,General,Embeded Resumes.zip,D:\Downloads\Embeded Resumes.zip,D:\Downloads\Embeded Resumes.zip,Embeded Resumes.zip,Embeded Resumes.zip,TempFiles,21-02-2023
1456,General,Advances_in_non-invasive_blood_pressure_measuremen.pdf,D:\Downloads\Advances_in_non-invasive_blood_pressure_measuremen.pdf,D:\Downloads\Advances_in_non-invasive_blood_pressure_measuremen.pdf,Advances_in_non-invasive_blood_pressure_measuremen.pdf,Advances_in_non-invasive_blood_pressure_measuremen.pdf,TempFiles,21-02-2023
1457,General,Left-The-difference-between-pulse-transit-time-PTT-and-pulse-arrival-time-PAT-PTT.ppm,D:\Downloads\Left-The-difference-between-pulse-transit-time-PTT-and-pulse-arrival-time-PAT-PTT.ppm,D:\Downloads\Left-The-difference-between-pulse-transit-time-PTT-and-pulse-arrival-time-PAT-PTT.ppm,Left-The-difference-between-pulse-transit-time-PTT-and-pulse-arrival-time-PAT-PTT.ppm,Left-The-difference-between-pulse-transit-time-PTT-and-pulse-arrival-time-PAT-PTT.ppm,TempFiles,21-02-2023
1464,General,Wave.zip,D:\Downloads\Wave.zip,D:\Downloads\Wave.zip,Wave.zip,Wave.zip,TempFiles,21-02-2023
1468,General,bin2hex.exe,D:\Downloads\bin2hex.exe,D:\Downloads\bin2hex.exe,bin2hex.exe,bin2hex.exe,TempFiles,21-02-2023
1471,General,Umesh.resume.pdf,D:\Downloads\Umesh.resume.pdf,D:\Downloads\Umesh.resume.pdf,Umesh.resume.pdf,Umesh.resume.pdf,TempFiles,22-02-2023
1480,General,ARUN_RESUME.zip,D:\Downloads\ARUN_RESUME.zip,D:\Downloads\ARUN_RESUME.zip,ARUN_RESUME.zip,ARUN_RESUME.zip,TempFiles,22-02-2023
1488,General,sandeepmail.avi,D:\Downloads\sandeepmail.avi,D:\Downloads\sandeepmail.avi,sandeepmail.avi,sandeepmail.avi,TempFiles,23-02-2023
1492,General,20230223_185301.mp4,D:\Downloads\20230223_185301.mp4,D:\Downloads\20230223_185301.mp4,20230223_185301.mp4,20230223_185301.mp4,TempFiles,23-02-2023
1495,General,C# class for Google API authentication.mhtml,D:\Downloads\C# class for Google API authentication.mhtml,D:\Downloads\C# class for Google API authentication.mhtml,C# class for Google API authentication.mhtml,C# class for Google API authentication.mhtml,TempFiles,25-02-2023
1496,General,ESP32 accepts AT commands.mhtml,D:\Downloads\ESP32 accepts AT commands.mhtml,D:\Downloads\ESP32 accepts AT commands.mhtml,ESP32 accepts AT commands.mhtml,ESP32 accepts AT commands.mhtml,TempFiles,25-02-2023
1497,General,C# Log Writing..mhtml,D:\Downloads\C# Log Writing..mhtml,D:\Downloads\C# Log Writing..mhtml,C# Log Writing..mhtml,C# Log Writing..mhtml,TempFiles,25-02-2023
1498,General,Code review_ Function checkForAlarm().mhtml,D:\Downloads\Code review_ Function checkForAlarm().mhtml,D:\Downloads\Code review_ Function checkForAlarm().mhtml,Code review_ Function checkForAlarm().mhtml,Code review_ Function checkForAlarm().mhtml,TempFiles,25-02-2023
1499,General,New Staff Member Joins..mhtml,D:\Downloads\New Staff Member Joins..mhtml,D:\Downloads\New Staff Member Joins..mhtml,New Staff Member Joins..mhtml,New Staff Member Joins..mhtml,TempFiles,25-02-2023
1500,General,Network Engineer Recruitment.mhtml,D:\Downloads\Network Engineer Recruitment.mhtml,D:\Downloads\Network Engineer Recruitment.mhtml,Network Engineer Recruitment.mhtml,Network Engineer Recruitment.mhtml,TempFiles,25-02-2023
1501,General,PTT Challenges and Advances.mhtml,D:\Downloads\PTT Challenges and Advances.mhtml,D:\Downloads\PTT Challenges and Advances.mhtml,PTT Challenges and Advances.mhtml,PTT Challenges and Advances.mhtml,TempFiles,25-02-2023
1502,General,HL7 .mhtml,D:\Downloads\HL7 .mhtml,D:\Downloads\HL7 .mhtml,HL7 .mhtml,HL7 .mhtml,TempFiles,25-02-2023
1503,General,Salmons Online Fish Store.mhtml,D:\Downloads\Salmons Online Fish Store.mhtml,D:\Downloads\Salmons Online Fish Store.mhtml,Salmons Online Fish Store.mhtml,Salmons Online Fish Store.mhtml,TempFiles,25-02-2023
1504,General,JavaSetup8u361.exe,D:\Downloads\JavaSetup8u361.exe,D:\Downloads\JavaSetup8u361.exe,JavaSetup8u361.exe,JavaSetup8u361.exe,TempFiles,27-02-2023
1505,General,jdk-19_windows-x64_bin.exe,D:\Downloads\jdk-19_windows-x64_bin.exe,D:\Downloads\jdk-19_windows-x64_bin.exe,jdk-19_windows-x64_bin.exe,jdk-19_windows-x64_bin.exe,TempFiles,27-02-2023
1506,General,jdk-8u361-windows-x64.exe,D:\Downloads\jdk-8u361-windows-x64.exe,D:\Downloads\jdk-8u361-windows-x64.exe,jdk-8u361-windows-x64.exe,jdk-8u361-windows-x64.exe,TempFiles,27-02-2023
1507,General,Apache-NetBeans-17-bin-windows-x64.exe,D:\Downloads\Apache-NetBeans-17-bin-windows-x64.exe,D:\Downloads\Apache-NetBeans-17-bin-windows-x64.exe,Apache-NetBeans-17-bin-windows-x64.exe,Apache-NetBeans-17-bin-windows-x64.exe,TempFiles,27-02-2023
1508,General,gdrivecred.json,D:\Downloads\gdrivecred.json,D:\Downloads\gdrivecred.json,gdrivecred.json,gdrivecred.json,TempFiles,27-02-2023
1512,General,Modify a function..mhtml,D:\Downloads\Modify a function..mhtml,D:\Downloads\Modify a function..mhtml,Modify a function..mhtml,Modify a function..mhtml,TempFiles,28-02-2023
1513,General,jremy.avi,D:\Downloads\jremy.avi,D:\Downloads\jremy.avi,jremy.avi,jremy.avi,TempFiles,28-02-2023
1515,General,iOrbit (1).pptx,D:\Downloads\iOrbit (1).pptx,D:\Downloads\iOrbit (1).pptx,iOrbit (1).pptx,iOrbit (1).pptx,TempFiles,01-03-2023
1517,General,Docking Station Requirements v1.0.docx,D:\Downloads\Docking Station Requirements v1.0.docx,D:\Downloads\Docking Station Requirements v1.0.docx,Docking Station Requirements v1.0.docx,Docking Station Requirements v1.0.docx,TempFiles,01-03-2023
1525,General,AnyDesk (1).exe,D:\Downloads\AnyDesk (1).exe,D:\Downloads\AnyDesk (1).exe,AnyDesk (1).exe,AnyDesk (1).exe,TempFiles,02-03-2023
1526,General,AnyDesk (2).exe,D:\Downloads\AnyDesk (2).exe,D:\Downloads\AnyDesk (2).exe,AnyDesk (2).exe,AnyDesk (2).exe,TempFiles,02-03-2023
1531,General,Screencast from 02-03-23 02_29_37 PM IST.webm,D:\Downloads\Screencast from 02-03-23 02_29_37 PM IST.webm,D:\Downloads\Screencast from 02-03-23 02_29_37 PM IST.webm,Screencast from 02-03-23 02_29_37 PM IST.webm,Screencast from 02-03-23 02_29_37 PM IST.webm,TempFiles,02-03-2023
1532,General,Screencast from 02-03-23 02_29_37 PM IST (1).webm,D:\Downloads\Screencast from 02-03-23 02_29_37 PM IST (1).webm,D:\Downloads\Screencast from 02-03-23 02_29_37 PM IST (1).webm,Screencast from 02-03-23 02_29_37 PM IST (1).webm,Screencast from 02-03-23 02_29_37 PM IST (1).webm,TempFiles,02-03-2023
1537,General,spacelab-uiTestingApp-main.zip,D:\Downloads\spacelab-uiTestingApp-main.zip,D:\Downloads\spacelab-uiTestingApp-main.zip,spacelab-uiTestingApp-main.zip,spacelab-uiTestingApp-main.zip,TempFiles,03-03-2023
1544,General,WpfApp1.zip,D:\Downloads\WpfApp1.zip,D:\Downloads\WpfApp1.zip,WpfApp1.zip,WpfApp1.zip,TempFiles,04-03-2023
1545,General,2 _block schematic.docx,D:\Downloads\2 _block schematic.docx,D:\Downloads\2 _block schematic.docx,2 _block schematic.docx,2 _block schematic.docx,TempFiles,04-03-2023
1546,General,Embedded_hackethon.ino,D:\Downloads\Embedded_hackethon.ino,D:\Downloads\Embedded_hackethon.ino,Embedded_hackethon.ino,Embedded_hackethon.ino,TempFiles,04-03-2023
1547,General,Embedded_hackethon.txt,D:\Downloads\Embedded_hackethon.txt,D:\Downloads\Embedded_hackethon.txt,Embedded_hackethon.txt,Embedded_hackethon.txt,TempFiles,04-03-2023
1548,General,BPL-Desktop App UI_v1.2.xd,D:\Downloads\BPL-Desktop App UI_v1.2.xd,D:\Downloads\BPL-Desktop App UI_v1.2.xd,BPL-Desktop App UI_v1.2.xd,BPL-Desktop App UI_v1.2.xd,TempFiles,06-03-2023
1549,General,BPL-Desktop App UI_v1.2.mp4,D:\Downloads\BPL-Desktop App UI_v1.2.mp4,D:\Downloads\BPL-Desktop App UI_v1.2.mp4,BPL-Desktop App UI_v1.2.mp4,BPL-Desktop App UI_v1.2.mp4,TempFiles,06-03-2023
1554,General,"smart,document.odt","D:\Downloads\smart,document.odt","D:\Downloads\smart,document.odt","smart,document.odt","smart,document.odt",TempFiles,06-03-2023
1555,General,Media Player 2023-03-06 17-24-16.mp4,D:\Downloads\Media Player 2023-03-06 17-24-16.mp4,D:\Downloads\Media Player 2023-03-06 17-24-16.mp4,Media Player 2023-03-06 17-24-16.mp4,Media Player 2023-03-06 17-24-16.mp4,TempFiles,06-03-2023
1556,General,Status_form 2023-03-06 16-12-44.mp4,D:\Downloads\Status_form 2023-03-06 16-12-44.mp4,D:\Downloads\Status_form 2023-03-06 16-12-44.mp4,Status_form 2023-03-06 16-12-44.mp4,Status_form 2023-03-06 16-12-44.mp4,TempFiles,06-03-2023
1557,General,Code.txt,D:\Downloads\Code.txt,D:\Downloads\Code.txt,Code.txt,Code.txt,TempFiles,06-03-2023
1561,General,embeded.zip,D:\Downloads\embeded.zip,D:\Downloads\embeded.zip,embeded.zip,embeded.zip,TempFiles,07-03-2023
1562,General,General Meeting-2023-2-14-638120053201333992.docx,D:\Downloads\General Meeting-2023-2-14-638120053201333992.docx,D:\Downloads\General Meeting-2023-2-14-638120053201333992.docx,General Meeting-2023-2-14-638120053201333992.docx,General Meeting-2023-2-14-638120053201333992.docx,TempFiles,07-03-2023
1575,General,Sucharitha_R.doc,D:\Downloads\Sucharitha_R.doc,D:\Downloads\Sucharitha_R.doc,Sucharitha_R.doc,Sucharitha_R.doc,TempFiles,08-03-2023
1576,General,Justin+Varghese.zip,D:\Downloads\Justin+Varghese.zip,D:\Downloads\Justin+Varghese.zip,Justin+Varghese.zip,Justin+Varghese.zip,TempFiles,08-03-2023
1577,General,Embeded Resumes (2).zip,D:\Downloads\Embeded Resumes (2).zip,D:\Downloads\Embeded Resumes (2).zip,Embeded Resumes (2).zip,Embeded Resumes (2).zip,TempFiles,08-03-2023
1578,General,embeded (1).zip,D:\Downloads\embeded (1).zip,D:\Downloads\embeded (1).zip,embeded (1).zip,embeded (1).zip,TempFiles,08-03-2023
1581,General,VisualStudioSetup (1).exe,D:\Downloads\VisualStudioSetup (1).exe,D:\Downloads\VisualStudioSetup (1).exe,VisualStudioSetup (1).exe,VisualStudioSetup (1).exe,TempFiles,08-03-2023
1582,General,VisualStudioSetup (2).exe,D:\Downloads\VisualStudioSetup (2).exe,D:\Downloads\VisualStudioSetup (2).exe,VisualStudioSetup (2).exe,VisualStudioSetup (2).exe,TempFiles,08-03-2023
1583,General,vs_community__5cc2ffe94e524653b50b762432ffc1b3.exe,D:\Downloads\vs_community__5cc2ffe94e524653b50b762432ffc1b3.exe,D:\Downloads\vs_community__5cc2ffe94e524653b50b762432ffc1b3.exe,vs_community__5cc2ffe94e524653b50b762432ffc1b3.exe,vs_community__5cc2ffe94e524653b50b762432ffc1b3.exe,TempFiles,08-03-2023
1593,General,Ajeeshiorbit.docx,D:\Downloads\Ajeeshiorbit.docx,D:\Downloads\Ajeeshiorbit.docx,Ajeeshiorbit.docx,Ajeeshiorbit.docx,TempFiles,09-03-2023
1609,General,CV_Embeded NEW-1.zip,D:\Downloads\CV_Embeded NEW-1.zip,D:\Downloads\CV_Embeded NEW-1.zip,CV_Embeded NEW-1.zip,CV_Embeded NEW-1.zip,TempFiles,10-03-2023
1621,General,OpTransactionHistory11-03-2023.xls,D:\Downloads\OpTransactionHistory11-03-2023.xls,D:\Downloads\OpTransactionHistory11-03-2023.xls,OpTransactionHistory11-03-2023.xls,OpTransactionHistory11-03-2023.xls,TempFiles,11-03-2023
1622,General,Feb-2023-iOrbit-Invoice-35.xlsx,D:\Downloads\Feb-2023-iOrbit-Invoice-35.xlsx,D:\Downloads\Feb-2023-iOrbit-Invoice-35.xlsx,Feb-2023-iOrbit-Invoice-35.xlsx,Feb-2023-iOrbit-Invoice-35.xlsx,TempFiles,11-03-2023
1623,General,Dec-2022-iOrbit-Invoice-33.xlsx,D:\Downloads\Dec-2022-iOrbit-Invoice-33.xlsx,D:\Downloads\Dec-2022-iOrbit-Invoice-33.xlsx,Dec-2022-iOrbit-Invoice-33.xlsx,Dec-2022-iOrbit-Invoice-33.xlsx,TempFiles,11-03-2023
1624,General,Jan-2023-iOrbit-Invoice-34.xlsx,D:\Downloads\Jan-2023-iOrbit-Invoice-34.xlsx,D:\Downloads\Jan-2023-iOrbit-Invoice-34.xlsx,Jan-2023-iOrbit-Invoice-34.xlsx,Jan-2023-iOrbit-Invoice-34.xlsx,TempFiles,11-03-2023
1625,General,Jan-2023-iOrbit-Invoice-34 (1).xlsx,D:\Downloads\Jan-2023-iOrbit-Invoice-34 (1).xlsx,D:\Downloads\Jan-2023-iOrbit-Invoice-34 (1).xlsx,Jan-2023-iOrbit-Invoice-34 (1).xlsx,Jan-2023-iOrbit-Invoice-34 (1).xlsx,TempFiles,11-03-2023
1664,General,Privacy Policy for myHearWell V0p1.docx,D:\Downloads\Privacy Policy for myHearWell V0p1.docx,D:\Downloads\Privacy Policy for myHearWell V0p1.docx,Privacy Policy for myHearWell V0p1.docx,Privacy Policy for myHearWell V0p1.docx,TempFiles,14-03-2023
1672,General,DVTk-Storage-SCP-Emulator-5.0.2.msi,D:\Downloads\DVTk-Storage-SCP-Emulator-5.0.2.msi,D:\Downloads\DVTk-Storage-SCP-Emulator-5.0.2.msi,DVTk-Storage-SCP-Emulator-5.0.2.msi,DVTk-Storage-SCP-Emulator-5.0.2.msi,TempFiles,15-03-2023
1673,General,Natus video for iOrbit.mp4,D:\Downloads\Natus video for iOrbit.mp4,D:\Downloads\Natus video for iOrbit.mp4,Natus video for iOrbit.mp4,Natus video for iOrbit.mp4,TempFiles,15-03-2023
1678,General,VSCodeUserSetup-x64-1.76.1.exe,D:\Downloads\VSCodeUserSetup-x64-1.76.1.exe,D:\Downloads\VSCodeUserSetup-x64-1.76.1.exe,VSCodeUserSetup-x64-1.76.1.exe,VSCodeUserSetup-x64-1.76.1.exe,TempFiles,15-03-2023
1679,General,EMG-EIM working Rotary Added_15_03.zip,D:\Downloads\EMG-EIM working Rotary Added_15_03.zip,D:\Downloads\EMG-EIM working Rotary Added_15_03.zip,EMG-EIM working Rotary Added_15_03.zip,EMG-EIM working Rotary Added_15_03.zip,TempFiles,15-03-2023
1682,General,VSCodeUserSetup-x64-1.76.2.exe,D:\Downloads\VSCodeUserSetup-x64-1.76.2.exe,D:\Downloads\VSCodeUserSetup-x64-1.76.2.exe,VSCodeUserSetup-x64-1.76.2.exe,VSCodeUserSetup-x64-1.76.2.exe,TempFiles,16-03-2023
1683,General,PTT measurement Feasibility Research SOW v0.5.docx,D:\Downloads\PTT measurement Feasibility Research SOW v0.5.docx,D:\Downloads\PTT measurement Feasibility Research SOW v0.5.docx,PTT measurement Feasibility Research SOW v0.5.docx,PTT measurement Feasibility Research SOW v0.5.docx,TempFiles,16-03-2023
1684,General,PTT measurement Feasibility Research SOW v0.5 (1).docx,D:\Downloads\PTT measurement Feasibility Research SOW v0.5 (1).docx,D:\Downloads\PTT measurement Feasibility Research SOW v0.5 (1).docx,PTT measurement Feasibility Research SOW v0.5 (1).docx,PTT measurement Feasibility Research SOW v0.5 (1).docx,TempFiles,16-03-2023
1687,General,icic agaoda debit.bmp,D:\Downloads\icic agaoda debit.bmp,D:\Downloads\icic agaoda debit.bmp,icic agaoda debit.bmp,icic agaoda debit.bmp,TempFiles,16-03-2023
1694,General,tosummarize.txt,D:\Downloads\tosummarize.txt,D:\Downloads\tosummarize.txt,tosummarize.txt,tosummarize.txt,TempFiles,18-03-2023
1704,General,esp8266.ino,D:\Downloads\esp8266.ino,D:\Downloads\esp8266.ino,esp8266.ino,esp8266.ino,TempFiles,20-03-2023
1710,General,SQLCipher database encryption.mhtml,D:\Downloads\SQLCipher database encryption.mhtml,D:\Downloads\SQLCipher database encryption.mhtml,SQLCipher database encryption.mhtml,SQLCipher database encryption.mhtml,TempFiles,22-03-2023
1712,General,CMSDesktop.rar,D:\Downloads\CMSDesktop.rar,D:\Downloads\CMSDesktop.rar,CMSDesktop.rar,CMSDesktop.rar,TempFiles,23-03-2023
1724,General,Swarup+CV.docx,D:\Downloads\Swarup+CV.docx,D:\Downloads\Swarup+CV.docx,Swarup+CV.docx,Swarup+CV.docx,TempFiles,24-03-2023
1744,General,Harish10081999-digitalbrainex-5f834afd334f.zip,D:\Downloads\Harish10081999-digitalbrainex-5f834afd334f.zip,D:\Downloads\Harish10081999-digitalbrainex-5f834afd334f.zip,Harish10081999-digitalbrainex-5f834afd334f.zip,Harish10081999-digitalbrainex-5f834afd334f.zip,TempFiles,28-03-2023
1745,General,play-services-vision-common-12.0.1.pom,D:\Downloads\play-services-vision-common-12.0.1.pom,D:\Downloads\play-services-vision-common-12.0.1.pom,play-services-vision-common-12.0.1.pom,play-services-vision-common-12.0.1.pom,TempFiles,28-03-2023
1746,General,SpaceLabs - Sibel Patch Integration Status update - 28 Mar 2023.pptx,D:\Downloads\SpaceLabs - Sibel Patch Integration Status update - 28 Mar 2023.pptx,D:\Downloads\SpaceLabs - Sibel Patch Integration Status update - 28 Mar 2023.pptx,SpaceLabs - Sibel Patch Integration Status update - 28 Mar 2023.pptx,SpaceLabs - Sibel Patch Integration Status update - 28 Mar 2023.pptx,TempFiles,28-03-2023
1749,General,Fresh2Rely.mp4,D:\Downloads\Fresh2Rely.mp4,D:\Downloads\Fresh2Rely.mp4,Fresh2Rely.mp4,Fresh2Rely.mp4,TempFiles,29-03-2023
1750,General,Salmons Online Fish Store (1).mhtml,D:\Downloads\Salmons Online Fish Store (1).mhtml,D:\Downloads\Salmons Online Fish Store (1).mhtml,Salmons Online Fish Store (1).mhtml,Salmons Online Fish Store (1).mhtml,TempFiles,29-03-2023
1765,General,NEERSMSI.zip,D:\Downloads\NEERSMSI.zip,D:\Downloads\NEERSMSI.zip,NEERSMSI.zip,NEERSMSI.zip,TempFiles,31-03-2023
1774,General,Stimulator_testing_video2.mp4,D:\Downloads\Stimulator_testing_video2.mp4,D:\Downloads\Stimulator_testing_video2.mp4,Stimulator_testing_video2.mp4,Stimulator_testing_video2.mp4,TempFiles,01-04-2023
1852,General,Figure1-8-Compound-muscle-action-potential-CMAP-32-1-Latency-Represents-the-time.ppm,D:\Downloads\Figure1-8-Compound-muscle-action-potential-CMAP-32-1-Latency-Represents-the-time.ppm,D:\Downloads\Figure1-8-Compound-muscle-action-potential-CMAP-32-1-Latency-Represents-the-time.ppm,Figure1-8-Compound-muscle-action-potential-CMAP-32-1-Latency-Represents-the-time.ppm,Figure1-8-Compound-muscle-action-potential-CMAP-32-1-Latency-Represents-the-time.ppm,TempFiles,03-04-2023
1856,General,WSSInstallHelper.exe,D:\Downloads\WSSInstallHelper.exe,D:\Downloads\WSSInstallHelper.exe,WSSInstallHelper.exe,WSSInstallHelper.exe,TempFiles,04-04-2023
1860,General,DADataRetentionPolicy.json,D:\Downloads\DADataRetentionPolicy.json,D:\Downloads\DADataRetentionPolicy.json,DADataRetentionPolicy.json,DADataRetentionPolicy.json,TempFiles,04-04-2023
1905,General,Nandhu-Answers.docx,D:\Downloads\Nandhu-Answers.docx,D:\Downloads\Nandhu-Answers.docx,Nandhu-Answers.docx,Nandhu-Answers.docx,TempFiles,05-04-2023
1930,General,Evernote-10.55.2-win-ddl-ga-4019-de3b05e844-setup.exe,D:\Downloads\Evernote-10.55.2-win-ddl-ga-4019-de3b05e844-setup.exe,D:\Downloads\Evernote-10.55.2-win-ddl-ga-4019-de3b05e844-setup.exe,Evernote-10.55.2-win-ddl-ga-4019-de3b05e844-setup.exe,Evernote-10.55.2-win-ddl-ga-4019-de3b05e844-setup.exe,TempFiles,10-04-2023
1931,General,Notion Setup 2.0.41.exe,D:\Downloads\Notion Setup 2.0.41.exe,D:\Downloads\Notion Setup 2.0.41.exe,Notion Setup 2.0.41.exe,Notion Setup 2.0.41.exe,TempFiles,10-04-2023
1939,General,iOrbit_LuxiSens_SoW_v1.7.docx,D:\Downloads\iOrbit_LuxiSens_SoW_v1.7.docx,D:\Downloads\iOrbit_LuxiSens_SoW_v1.7.docx,iOrbit_LuxiSens_SoW_v1.7.docx,iOrbit_LuxiSens_SoW_v1.7.docx,TempFiles,10-04-2023
1946,General,ss.bmp,D:\Downloads\ss.bmp,D:\Downloads\ss.bmp,ss.bmp,ss.bmp,TempFiles,11-04-2023
1947,General,22.bmp,D:\Downloads\22.bmp,D:\Downloads\22.bmp,22.bmp,22.bmp,TempFiles,11-04-2023
1950,General,BINDIYA+K+NAIR+CV_0704.docx,D:\Downloads\BINDIYA+K+NAIR+CV_0704.docx,D:\Downloads\BINDIYA+K+NAIR+CV_0704.docx,BINDIYA+K+NAIR+CV_0704.docx,BINDIYA+K+NAIR+CV_0704.docx,TempFiles,11-04-2023
1964,General,BINDIYA+K+NAIR+CV_0704 (1).docx,D:\Downloads\BINDIYA+K+NAIR+CV_0704 (1).docx,D:\Downloads\BINDIYA+K+NAIR+CV_0704 (1).docx,Some experience,BINDIYA+K+NAIR+CV_0704 (1).docx,TempFiles,11-04-2023
1967,General,CV-Aanchal+Sinha+marketing.docx,D:\Downloads\CV-Aanchal+Sinha+marketing.docx,D:\Downloads\CV-Aanchal+Sinha+marketing.docx,2 Years of experience,CV-Aanchal+Sinha+marketing.docx,TempFiles,11-04-2023
1975,General,MarketingResumes.zip,D:\Downloads\MarketingResumes.zip,D:\Downloads\MarketingResumes.zip,MarketingResumes.zip,MarketingResumes.zip,TempFiles,11-04-2023
1981,General,sfensound screen,\1\ScreenShot-990.bmp,D:\DBX\LocalDocFolder\1\ScreenShot-990.bmp,,,General,11-04-2023
1985,General,iOrbit_LuxiSens_SoW_v1.8.docx,D:\Downloads\iOrbit_LuxiSens_SoW_v1.8.docx,D:\Downloads\iOrbit_LuxiSens_SoW_v1.8.docx,iOrbit_LuxiSens_SoW_v1.8.docx,iOrbit_LuxiSens_SoW_v1.8.docx,TempFiles,12-04-2023
1993,General,sfensound screen,\1\ScreenShot-990.bmp,D:\DBX\LocalDocFolder\1\ScreenShot-990.bmp,,,General,11-04-2023
2016,General,BPL-iOrbit-IRT_SoW v2.0.docx,D:\Downloads\BPL-iOrbit-IRT_SoW v2.0.docx,D:\Downloads\BPL-iOrbit-IRT_SoW v2.0.docx,BPL-iOrbit-IRT_SoW v2.0.docx,BPL-iOrbit-IRT_SoW v2.0.docx,TempFiles,13-04-2023
2028,General,iOrbit_LuxiSens_SoW_v1.9.docx,D:\Downloads\iOrbit_LuxiSens_SoW_v1.9.docx,D:\Downloads\iOrbit_LuxiSens_SoW_v1.9.docx,iOrbit_LuxiSens_SoW_v1.9.docx,iOrbit_LuxiSens_SoW_v1.9.docx,TempFiles,13-04-2023
2096,General,odroid-xu4-user-manual.pdf,D:\Downloads\odroid-xu4-user-manual.pdf,D:\Downloads\odroid-xu4-user-manual.pdf,odroid-xu4-user-manual.pdf,odroid-xu4-user-manual.pdf,TempFiles,17-04-2023
2098,General,NEERS Prototype 3DPrint.mp4,D:\Downloads\NEERS Prototype 3DPrint.mp4,D:\Downloads\NEERS Prototype 3DPrint.mp4,NEERS Prototype 3DPrint.mp4,NEERS Prototype 3DPrint.mp4,TempFiles,17-04-2023
2109,General,Weekly Meeting -2023-4-18-638174271874675423.rtf,D:\Downloads\Weekly Meeting -2023-4-18-638174271874675423.rtf,D:\Downloads\Weekly Meeting -2023-4-18-638174271874675423.rtf,Weekly Meeting -2023-4-18-638174271874675423.rtf,Weekly Meeting -2023-4-18-638174271874675423.rtf,TempFiles,18-04-2023
2122,DevDiary,api key clientid android app json,D:\Downloads\client_secret_290097206461-u1mroq5b1suimb77qdvb9plm8prukf6m.apps.googleusercontent.com.json,D:\Downloads\client_secret_290097206461-u1mroq5b1suimb77qdvb9plm8prukf6m.apps.googleusercontent.com.json,Client ID -->290097206461u1mroq5b1suimb77qdvb9plm8prukf6m.apps.googleusercontent.com,client_secret_290097206461-u1mroq5b1suimb77qdvb9plm8prukf6m.apps.googleusercontent.com.json,TempFiles,20-04-2023
2125,General,angle,D:\Downloads\angle,D:\Downloads\angle,angle,angle,TempFiles,20-04-2023
2127,General,client_secret_290097206461-u1mroq5b1suimb77qdvb9plm8prukf6m.apps.googleusercontent.com (1).json,D:\Downloads\client_secret_290097206461-u1mroq5b1suimb77qdvb9plm8prukf6m.apps.googleusercontent.com (1).json,D:\Downloads\client_secret_290097206461-u1mroq5b1suimb77qdvb9plm8prukf6m.apps.googleusercontent.com (1).json,client_secret_290097206461-u1mroq5b1suimb77qdvb9plm8prukf6m.apps.googleusercontent.com (1).json,client_secret_290097206461-u1mroq5b1suimb77qdvb9plm8prukf6m.apps.googleusercontent.com (1).json,TempFiles,20-04-2023
2142,General,AI-Short.pptx,D:\Downloads\AI-Short.pptx,D:\Downloads\AI-Short.pptx,AI-Short.pptx,AI-Short.pptx,TempFiles,24-04-2023
2144,General,MANAGER PROBATION REVIEW FORM FOR EMPLOYEES.docx,D:\Downloads\MANAGER PROBATION REVIEW FORM FOR EMPLOYEES.docx,D:\Downloads\MANAGER PROBATION REVIEW FORM FOR EMPLOYEES.docx,MANAGER PROBATION REVIEW FORM FOR EMPLOYEES.docx,MANAGER PROBATION REVIEW FORM FOR EMPLOYEES.docx,TempFiles,24-04-2023
2187,General,6.7 HearWell Correct Screenshots.zip,D:\Downloads\6.7 HearWell Correct Screenshots.zip,D:\Downloads\6.7 HearWell Correct Screenshots.zip,6.7 HearWell Correct Screenshots.zip,6.7 HearWell Correct Screenshots.zip,TempFiles,25-04-2023
2188,General,webapp.zip,D:\Downloads\webapp.zip,D:\Downloads\webapp.zip,webapp.zip,webapp.zip,TempFiles,25-04-2023
2189,General,webapp (1).zip,D:\Downloads\webapp (1).zip,D:\Downloads\webapp (1).zip,webapp (1).zip,webapp (1).zip,TempFiles,25-04-2023
2190,General,iOrbitDigitalTechnologies-AWL-CorpOverview-BM-1.8.pptx,D:\Downloads\iOrbitDigitalTechnologies-AWL-CorpOverview-BM-1.8.pptx,D:\Downloads\iOrbitDigitalTechnologies-AWL-CorpOverview-BM-1.8.pptx,iOrbitDigitalTechnologies-AWL-CorpOverview-BM-1.8.pptx,iOrbitDigitalTechnologies-AWL-CorpOverview-BM-1.8.pptx,TempFiles,25-04-2023
2204,General,json sibel.bmp,D:\Downloads\json sibel.bmp,D:\Downloads\json sibel.bmp,json sibel.bmp,json sibel.bmp,TempFiles,26-04-2023
2212,General,iOrbitDigitalTechnologies-AWL-CorpOverview-BM-1.9-cleaned.pptx,D:\Downloads\iOrbitDigitalTechnologies-AWL-CorpOverview-BM-1.9-cleaned.pptx,D:\Downloads\iOrbitDigitalTechnologies-AWL-CorpOverview-BM-1.9-cleaned.pptx,iOrbitDigitalTechnologies-AWL-CorpOverview-BM-1.9-cleaned.pptx,iOrbitDigitalTechnologies-AWL-CorpOverview-BM-1.9-cleaned.pptx,TempFiles,27-04-2023
2214,General,iOrbitDigitalTechnologies-AWL-CorpOverview-BM-1.9-cleaned (1).pptx,D:\Downloads\iOrbitDigitalTechnologies-AWL-CorpOverview-BM-1.9-cleaned (1).pptx,D:\Downloads\iOrbitDigitalTechnologies-AWL-CorpOverview-BM-1.9-cleaned (1).pptx,iOrbitDigitalTechnologies-AWL-CorpOverview-BM-1.9-cleaned (1).pptx,iOrbitDigitalTechnologies-AWL-CorpOverview-BM-1.9-cleaned (1).pptx,TempFiles,27-04-2023
2218,General,digitalbrainex.html,D:\Downloads\digitalbrainex.html,D:\Downloads\digitalbrainex.html,digitalbrainex.html,digitalbrainex.html,TempFiles,27-04-2023
2228,General,SibelPatchBasedAlarmingSystem-SoW-V.1.3.docx,D:\Downloads\SibelPatchBasedAlarmingSystem-SoW-V.1.3.docx,D:\Downloads\SibelPatchBasedAlarmingSystem-SoW-V.1.3.docx,SibelPatchBasedAlarmingSystem-SoW-V.1.3.docx,SibelPatchBasedAlarmingSystem-SoW-V.1.3.docx,TempFiles,02-05-2023
2229,General,SibelPatchBasedAlarmingSystem-SoW-V.1.4.docx,D:\Downloads\SibelPatchBasedAlarmingSystem-SoW-V.1.4.docx,D:\Downloads\SibelPatchBasedAlarmingSystem-SoW-V.1.4.docx,SibelPatchBasedAlarmingSystem-SoW-V.1.4.docx,SibelPatchBasedAlarmingSystem-SoW-V.1.4.docx,TempFiles,02-05-2023
2244,General,BPL-iOrbit-BPM_SoW v1.0...BPL Comments  (1).docx,D:\Downloads\BPL-iOrbit-BPM_SoW v1.0...BPL Comments  (1).docx,D:\Downloads\BPL-iOrbit-BPM_SoW v1.0...BPL Comments  (1).docx,BPL-iOrbit-BPM_SoW v1.0...BPL Comments  (1).docx,BPL-iOrbit-BPM_SoW v1.0...BPL Comments  (1).docx,TempFiles,04-05-2023
2245,General,BPL-iOrbit-BPM_SoW v1.1...BPL Comments.docx,D:\Downloads\BPL-iOrbit-BPM_SoW v1.1...BPL Comments.docx,D:\Downloads\BPL-iOrbit-BPM_SoW v1.1...BPL Comments.docx,BPL-iOrbit-BPM_SoW v1.1...BPL Comments.docx,BPL-iOrbit-BPM_SoW v1.1...BPL Comments.docx,TempFiles,04-05-2023
2246,General,BPL-iOrbit-BPM_SoW v1.2.docx,D:\Downloads\BPL-iOrbit-BPM_SoW v1.2.docx,D:\Downloads\BPL-iOrbit-BPM_SoW v1.2.docx,BPL-iOrbit-BPM_SoW v1.2.docx,BPL-iOrbit-BPM_SoW v1.2.docx,TempFiles,04-05-2023
2250,General,Molyneux_10075774_thesis_minus confidential material.pdf,D:\Downloads\Molyneux_10075774_thesis_minus confidential material.pdf,D:\Downloads\Molyneux_10075774_thesis_minus confidential material.pdf,Molyneux_10075774_thesis_minus confidential material.pdf,Molyneux_10075774_thesis_minus confidential material.pdf,TempFiles,05-05-2023
2252,General,EcgData.txt,D:\Downloads\EcgData.txt,D:\Downloads\EcgData.txt,EcgData.txt,EcgData.txt,TempFiles,05-05-2023
2255,General,SDK Data Stream Data Dictionary.xlsx,D:\Downloads\SDK Data Stream Data Dictionary.xlsx,D:\Downloads\SDK Data Stream Data Dictionary.xlsx,SDK Data Stream Data Dictionary.xlsx,SDK Data Stream Data Dictionary.xlsx,TempFiles,05-05-2023
2263,General,MyDatabase,D:\Downloads\MyDatabase,D:\Downloads\MyDatabase,MyDatabase,MyDatabase,TempFiles,06-05-2023
2264,General,MyDatabase-journal,D:\Downloads\MyDatabase-journal,D:\Downloads\MyDatabase-journal,MyDatabase-journal,MyDatabase-journal,TempFiles,06-05-2023
2273,General,iOrbitDigitalTechnologies-AWL-CorpOverview-2.0.pptx,D:\Downloads\iOrbitDigitalTechnologies-AWL-CorpOverview-2.0.pptx,D:\Downloads\iOrbitDigitalTechnologies-AWL-CorpOverview-2.0.pptx,iOrbitDigitalTechnologies-AWL-CorpOverview-2.0.pptx,iOrbitDigitalTechnologies-AWL-CorpOverview-2.0.pptx,TempFiles,08-05-2023
2276,General,iOrbitDigitalTechnologies-AWL-CorpOverview-2.0 (1).pptx,D:\Downloads\iOrbitDigitalTechnologies-AWL-CorpOverview-2.0 (1).pptx,D:\Downloads\iOrbitDigitalTechnologies-AWL-CorpOverview-2.0 (1).pptx,iOrbitDigitalTechnologies-AWL-CorpOverview-2.0 (1).pptx,iOrbitDigitalTechnologies-AWL-CorpOverview-2.0 (1).pptx,TempFiles,08-05-2023
2282,General,hercules_3-2-8.exe,D:\Downloads\hercules_3-2-8.exe,D:\Downloads\hercules_3-2-8.exe,hercules_3-2-8.exe,hercules_3-2-8.exe,TempFiles,09-05-2023
2284,General,iOrbit_LuxiSens_SoW_v1.10 (1).docx,D:\Downloads\iOrbit_LuxiSens_SoW_v1.10 (1).docx,D:\Downloads\iOrbit_LuxiSens_SoW_v1.10 (1).docx,iOrbit_LuxiSens_SoW_v1.10 (1).docx,iOrbit_LuxiSens_SoW_v1.10 (1).docx,TempFiles,09-05-2023
2285,General,iOrbit_LuxiSens_SoW_v1.11.docx,D:\Downloads\iOrbit_LuxiSens_SoW_v1.11.docx,D:\Downloads\iOrbit_LuxiSens_SoW_v1.11.docx,iOrbit_LuxiSens_SoW_v1.11.docx,iOrbit_LuxiSens_SoW_v1.11.docx,TempFiles,09-05-2023
2291,General,iOrbit_LuxiSens_SoW_v1.12.docx,D:\Downloads\iOrbit_LuxiSens_SoW_v1.12.docx,D:\Downloads\iOrbit_LuxiSens_SoW_v1.12.docx,iOrbit_LuxiSens_SoW_v1.12.docx,iOrbit_LuxiSens_SoW_v1.12.docx,TempFiles,10-05-2023
2292,General,iOrbit_LuxiSens_SoW_v1.123.docx,D:\Downloads\iOrbit_LuxiSens_SoW_v1.123.docx,D:\Downloads\iOrbit_LuxiSens_SoW_v1.123.docx,iOrbit_LuxiSens_SoW_v1.123.docx,iOrbit_LuxiSens_SoW_v1.123.docx,TempFiles,10-05-2023
2305,General,F2R Status report 1 latest.pptx,D:\Downloads\F2R Status report 1 latest.pptx,D:\Downloads\F2R Status report 1 latest.pptx,F2R Status report 1 latest.pptx,F2R Status report 1 latest.pptx,TempFiles,11-05-2023
2306,General,CP210x_Windows_Drivers_with_Serial_Enumeration.zip,D:\Downloads\CP210x_Windows_Drivers_with_Serial_Enumeration.zip,D:\Downloads\CP210x_Windows_Drivers_with_Serial_Enumeration.zip,CP210x_Windows_Drivers_with_Serial_Enumeration.zip,CP210x_Windows_Drivers_with_Serial_Enumeration.zip,TempFiles,11-05-2023
2312,General,TTT1100 Alcohol Monitoring.pdf,D:\Downloads\TTT1100 Alcohol Monitoring.pdf,D:\Downloads\TTT1100 Alcohol Monitoring.pdf,TTT1100 Alcohol Monitoring.pdf,TTT1100 Alcohol Monitoring.pdf,TempFiles,11-05-2023
2316,General,NEERS_ESP,D:\Downloads\NEERS_ESP,D:\Downloads\NEERS_ESP,NEERS_ESP,NEERS_ESP,TempFiles,11-05-2023
2318,General,arduino-ide_2.1.0_Windows_64bit.exe,D:\Downloads\arduino-ide_2.1.0_Windows_64bit.exe,D:\Downloads\arduino-ide_2.1.0_Windows_64bit.exe,arduino-ide_2.1.0_Windows_64bit.exe,arduino-ide_2.1.0_Windows_64bit.exe,TempFiles,12-05-2023
2319,General,adc_data list.doc,D:\Downloads\adc_data list.doc,D:\Downloads\adc_data list.doc,adc_data list.doc,adc_data list.doc,TempFiles,12-05-2023
2326,General,app-release.apk,D:\Downloads\app-release.apk,D:\Downloads\app-release.apk,app-release.apk,app-release.apk,TempFiles,15-05-2023
2337,General,playwave.avi,D:\Downloads\playwave.avi,D:\Downloads\playwave.avi,playwave.avi,playwave.avi,TempFiles,16-05-2023
2340,General,1.Serial Communication Protocol_Tuya IoT Development Platform_Tuya IoT Development Platform.pdf,D:\Downloads\1.Serial Communication Protocol_Tuya IoT Development Platform_Tuya IoT Development Platform.pdf,D:\Downloads\1.Serial Communication Protocol_Tuya IoT Development Platform_Tuya IoT Development Platform.pdf,1.Serial Communication Protocol_Tuya IoT Development Platform_Tuya IoT Development Platform.pdf,1.Serial Communication Protocol_Tuya IoT Development Platform_Tuya IoT Development Platform.pdf,TempFiles,17-05-2023
2345,General,iOrbit_LuxiSens_SoW_v1.13-CR.docx,D:\Downloads\iOrbit_LuxiSens_SoW_v1.13-CR.docx,D:\Downloads\iOrbit_LuxiSens_SoW_v1.13-CR.docx,iOrbit_LuxiSens_SoW_v1.13-CR.docx,iOrbit_LuxiSens_SoW_v1.13-CR.docx,TempFiles,17-05-2023
2352,General,iOrbit_LuxiSens_SoW_v1.15.docx,D:\Downloads\iOrbit_LuxiSens_SoW_v1.15.docx,D:\Downloads\iOrbit_LuxiSens_SoW_v1.15.docx,iOrbit_LuxiSens_SoW_v1.15.docx,iOrbit_LuxiSens_SoW_v1.15.docx,TempFiles,17-05-2023
2357,General,savgol.py,D:\Downloads\savgol.py,D:\Downloads\savgol.py,savgol.py,savgol.py,TempFiles,18-05-2023
2358,General,app-release (1).apk,D:\Downloads\app-release (1).apk,D:\Downloads\app-release (1).apk,app-release (1).apk,app-release (1).apk,TempFiles,18-05-2023
2360,General,SWCodeReviewGuidelines.doc,D:\Downloads\SWCodeReviewGuidelines.doc,D:\Downloads\SWCodeReviewGuidelines.doc,SWCodeReviewGuidelines.doc,SWCodeReviewGuidelines.doc,TempFiles,19-05-2023
2369,General,JPEG_20230522_155753_2409714826511457788.jpg,D:\Downloads\JPEG_20230522_155753_2409714826511457788.jpg,D:\Downloads\JPEG_20230522_155753_2409714826511457788.jpg,JPEG_20230522_155753_2409714826511457788.jpg,JPEG_20230522_155753_2409714826511457788.jpg,TempFiles,22-05-2023
2371,General,d connect.pdf,D:\Downloads\d connect.pdf,D:\Downloads\d connect.pdf,d connect.pdf,d connect.pdf,TempFiles,23-05-2023
2377,General,MyDatabase2405,D:\Downloads\MyDatabase2405,D:\Downloads\MyDatabase2405,MyDatabase2405,MyDatabase2405,TempFiles,24-05-2023
2380,General,NEERS-Addendum-v1.2-Int.docx,D:\Downloads\NEERS-Addendum-v1.2-Int.docx,D:\Downloads\NEERS-Addendum-v1.2-Int.docx,NEERS-Addendum-v1.2-Int.docx,NEERS-Addendum-v1.2-Int.docx,TempFiles,24-05-2023
2387,General,NEERS-Addendum-v1.3-Int.docx,D:\Downloads\NEERS-Addendum-v1.3-Int.docx,D:\Downloads\NEERS-Addendum-v1.3-Int.docx,NEERS-Addendum-v1.3-Int.docx,NEERS-Addendum-v1.3-Int.docx,TempFiles,25-05-2023
2388,General,NEERS-Addendum-v1.3-Int (1).docx,D:\Downloads\NEERS-Addendum-v1.3-Int (1).docx,D:\Downloads\NEERS-Addendum-v1.3-Int (1).docx,NEERS-Addendum-v1.3-Int (1).docx,NEERS-Addendum-v1.3-Int (1).docx,TempFiles,25-05-2023
2398,General,Nupura_Vartak__Updated_final.pdf,D:\Downloads\Nupura_Vartak__Updated_final.pdf,D:\Downloads\Nupura_Vartak__Updated_final.pdf,Nupura_Vartak__Updated_final.pdf,Nupura_Vartak__Updated_final.pdf,TempFiles,26-05-2023
2399,General,HDx examination of software 051723 (1).pptx,D:\Downloads\HDx examination of software 051723 (1).pptx,D:\Downloads\HDx examination of software 051723 (1).pptx,HDx examination of software 051723 (1).pptx,HDx examination of software 051723 (1).pptx,TempFiles,26-05-2023
2412,General,StimulusResponse.cs,D:\Downloads\StimulusResponse.cs,D:\Downloads\StimulusResponse.cs,StimulusResponse.cs,StimulusResponse.cs,TempFiles,30-05-2023
2414,General,iOrbit-BPL-CPAPBiPAP-31052023_External.pptx,D:\Downloads\iOrbit-BPL-CPAPBiPAP-31052023_External.pptx,D:\Downloads\iOrbit-BPL-CPAPBiPAP-31052023_External.pptx,iOrbit-BPL-CPAPBiPAP-31052023_External.pptx,iOrbit-BPL-CPAPBiPAP-31052023_External.pptx,TempFiles,31-05-2023
2415,General,main.py,D:\Downloads\main.py,D:\Downloads\main.py,main.py,main.py,TempFiles,31-05-2023
2420,General,Spacelabs2023.pptx,D:\Downloads\Spacelabs2023.pptx,D:\Downloads\Spacelabs2023.pptx,Spacelabs2023.pptx,Spacelabs2023.pptx,TempFiles,01-06-2023
2422,General,AnyDesk (3).exe,D:\Downloads\AnyDesk (3).exe,D:\Downloads\AnyDesk (3).exe,AnyDesk (3).exe,AnyDesk (3).exe,TempFiles,01-06-2023
2438,General,testwav.avi,D:\Downloads\testwav.avi,D:\Downloads\testwav.avi,testwav.avi,testwav.avi,TempFiles,05-06-2023
2441,General,NEERS.rar,D:\Downloads\NEERS.rar,D:\Downloads\NEERS.rar,NEERS.rar,NEERS.rar,TempFiles,05-06-2023
2442,General,python-3.7.5.exe,D:\Downloads\python-3.7.5.exe,D:\Downloads\python-3.7.5.exe,python-3.7.5.exe,python-3.7.5.exe,TempFiles,05-06-2023
2444,General,PandaSharp.Framework.dll,D:\Downloads\PandaSharp.Framework.dll,D:\Downloads\PandaSharp.Framework.dll,PandaSharp.Framework.dll,PandaSharp.Framework.dll,TempFiles,05-06-2023
2449,General,pythonnetinstallation.docx,D:\Downloads\pythonnetinstallation.docx,D:\Downloads\pythonnetinstallation.docx,pythonnetinstallation.docx,pythonnetinstallation.docx,TempFiles,07-06-2023
2453,General,1.Serial Communication Protocol_Tuya IoT Development Platform_Tuya IoT Development Platform (1).pdf,D:\Downloads\1.Serial Communication Protocol_Tuya IoT Development Platform_Tuya IoT Development Platform (1).pdf,D:\Downloads\1.Serial Communication Protocol_Tuya IoT Development Platform_Tuya IoT Development Platform (1).pdf,1.Serial Communication Protocol_Tuya IoT Development Platform_Tuya IoT Development Platform (1).pdf,1.Serial Communication Protocol_Tuya IoT Development Platform_Tuya IoT Development Platform (1).pdf,TempFiles,07-06-2023
2455,General,baselineCorrection.cs,D:\Downloads\baselineCorrection.cs,D:\Downloads\baselineCorrection.cs,baselineCorrection.cs,baselineCorrection.cs,TempFiles,07-06-2023
2459,General,baselineCorrection.docx,D:\Downloads\baselineCorrection.docx,D:\Downloads\baselineCorrection.docx,baselineCorrection.docx,baselineCorrection.docx,TempFiles,08-06-2023
2465,General,Hardware Design Document_458_HDD_01_Rev2.0.docx,D:\Downloads\Hardware Design Document_458_HDD_01_Rev2.0.docx,D:\Downloads\Hardware Design Document_458_HDD_01_Rev2.0.docx,Hardware Design Document_458_HDD_01_Rev2.0.docx,Hardware Design Document_458_HDD_01_Rev2.0.docx,TempFiles,09-06-2023
2467,General,AKRASC Brochure F.pdf,D:\Downloads\AKRASC Brochure F.pdf,D:\Downloads\AKRASC Brochure F.pdf,AKRASC Brochure F.pdf,AKRASC Brochure F.pdf,TempFiles,09-06-2023
2478,General,AKRASC Brochure F.docx,D:\Downloads\AKRASC Brochure F.docx,D:\Downloads\AKRASC Brochure F.docx,AKRASC Brochure F.docx,AKRASC Brochure F.docx,TempFiles,12-06-2023
2479,General,IO-SW-SOP-005.docx,D:\Downloads\IO-SW-SOP-005.docx,D:\Downloads\IO-SW-SOP-005.docx,IO-SW-SOP-005.docx,IO-SW-SOP-005.docx,TempFiles,12-06-2023
2483,General,WifiConnectivityTest.zip,D:\Downloads\WifiConnectivityTest.zip,D:\Downloads\WifiConnectivityTest.zip,WifiConnectivityTest.zip,WifiConnectivityTest.zip,TempFiles,12-06-2023
2484,General,IO-FW-SOP-004_V1p0_Superseded.docx,D:\Downloads\IO-FW-SOP-004_V1p0_Superseded.docx,D:\Downloads\IO-FW-SOP-004_V1p0_Superseded.docx,IO-FW-SOP-004_V1p0_Superseded.docx,IO-FW-SOP-004_V1p0_Superseded.docx,TempFiles,12-06-2023
2485,General,FWsop.docx,D:\Downloads\FWsop.docx,D:\Downloads\FWsop.docx,FWsop.docx,FWsop.docx,TempFiles,12-06-2023
2486,General,Firmware Dev SOP.mhtml,D:\Downloads\Firmware Dev SOP.mhtml,D:\Downloads\Firmware Dev SOP.mhtml,Firmware Dev SOP.mhtml,Firmware Dev SOP.mhtml,TempFiles,12-06-2023
2487,General,FWSOPBYGPT.docx,D:\Downloads\FWSOPBYGPT.docx,D:\Downloads\FWSOPBYGPT.docx,FWSOPBYGPT.docx,FWSOPBYGPT.docx,TempFiles,12-06-2023
2489,General,DESIGN FOR MANUFACTURING OF INJECTION MOLD PLASTIC PARTS.docx,D:\Downloads\DESIGN FOR MANUFACTURING OF INJECTION MOLD PLASTIC PARTS.docx,D:\Downloads\DESIGN FOR MANUFACTURING OF INJECTION MOLD PLASTIC PARTS.docx,DESIGN FOR MANUFACTURING OF INJECTION MOLD PLASTIC PARTS.docx,DESIGN FOR MANUFACTURING OF INJECTION MOLD PLASTIC PARTS.docx,TempFiles,13-06-2023
2495,General,NEERS STM32 Code,D:\Downloads\NEERS STM32 Code,D:\Downloads\NEERS STM32 Code,NEERS STM32 Code,NEERS STM32 Code,TempFiles,14-06-2023
2500,General,iOrbit_BMPMS_BWS_14_06_2023.pptx,D:\Downloads\iOrbit_BMPMS_BWS_14_06_2023.pptx,D:\Downloads\iOrbit_BMPMS_BWS_14_06_2023.pptx,iOrbit_BMPMS_BWS_14_06_2023.pptx,iOrbit_BMPMS_BWS_14_06_2023.pptx,TempFiles,15-06-2023
2501,General,iOrbit_BMPMS_BWS_15_06_2023.pptx,D:\Downloads\iOrbit_BMPMS_BWS_15_06_2023.pptx,D:\Downloads\iOrbit_BMPMS_BWS_15_06_2023.pptx,iOrbit_BMPMS_BWS_15_06_2023.pptx,iOrbit_BMPMS_BWS_15_06_2023.pptx,TempFiles,15-06-2023
2502,General,iOrbit_BMPMS_BWS_15_06_2023(2).pptx,D:\Downloads\iOrbit_BMPMS_BWS_15_06_2023(2).pptx,D:\Downloads\iOrbit_BMPMS_BWS_15_06_2023(2).pptx,iOrbit_BMPMS_BWS_15_06_2023(2).pptx,iOrbit_BMPMS_BWS_15_06_2023(2).pptx,TempFiles,15-06-2023
2508,General,WinMerge-2.16.30-x64-Setup.exe,D:\Downloads\WinMerge-2.16.30-x64-Setup.exe,D:\Downloads\WinMerge-2.16.30-x64-Setup.exe,WinMerge-2.16.30-x64-Setup.exe,WinMerge-2.16.30-x64-Setup.exe,TempFiles,16-06-2023
2518,General,test.fig,D:\Downloads\test.fig,D:\Downloads\test.fig,test.fig,test.fig,TempFiles,19-06-2023
2524,General,Apache-NetBeans-18-bin-windows-x64.exe,D:\Downloads\Apache-NetBeans-18-bin-windows-x64.exe,D:\Downloads\Apache-NetBeans-18-bin-windows-x64.exe,Apache-NetBeans-18-bin-windows-x64.exe,Apache-NetBeans-18-bin-windows-x64.exe,TempFiles,21-06-2023
2531,General,OpTransactionHistory22-06-2023.xls,D:\Downloads\OpTransactionHistory22-06-2023.xls,D:\Downloads\OpTransactionHistory22-06-2023.xls,OpTransactionHistory22-06-2023.xls,OpTransactionHistory22-06-2023.xls,TempFiles,22-06-2023
2534,General,DigitalBrainEx.apk,D:\Downloads\DigitalBrainEx.apk,D:\Downloads\DigitalBrainEx.apk,DigitalBrainEx.apk,DigitalBrainEx.apk,TempFiles,23-06-2023
2545,General,Orbit Lease agreement_240623.docx,D:\Downloads\Orbit Lease agreement_240623.docx,D:\Downloads\Orbit Lease agreement_240623.docx,Orbit Lease agreement_240623.docx,Orbit Lease agreement_240623.docx,TempFiles,26-06-2023
2546,General,Orbit Lease agreement_240623 (1).docx,D:\Downloads\Orbit Lease agreement_240623 (1).docx,D:\Downloads\Orbit Lease agreement_240623 (1).docx,Orbit Lease agreement_240623 (1).docx,Orbit Lease agreement_240623 (1).docx,TempFiles,26-06-2023
2548,General,Orbit Lease agreement_240623 (2).docx,D:\Downloads\Orbit Lease agreement_240623 (2).docx,D:\Downloads\Orbit Lease agreement_240623 (2).docx,Orbit Lease agreement_240623 (2).docx,Orbit Lease agreement_240623 (2).docx,TempFiles,26-06-2023
2550,General,Project_Profile_Rainier Telemetry v1.1.docx,D:\Downloads\Project_Profile_Rainier Telemetry v1.1.docx,D:\Downloads\Project_Profile_Rainier Telemetry v1.1.docx,Project_Profile_Rainier Telemetry v1.1.docx,Project_Profile_Rainier Telemetry v1.1.docx,TempFiles,26-06-2023
2552,General,DigitalBrainEx.zip,D:\Downloads\DigitalBrainEx.zip,D:\Downloads\DigitalBrainEx.zip,DigitalBrainEx.zip,DigitalBrainEx.zip,TempFiles,26-06-2023
2553,General,Trips_Flight_DownloadETicket.pdf,D:\Downloads\Trips_Flight_DownloadETicket.pdf,D:\Downloads\Trips_Flight_DownloadETicket.pdf,Trips_Flight_DownloadETicket.pdf,Trips_Flight_DownloadETicket.pdf,TempFiles,26-06-2023
2554,General,ProjectAddFragment.java,D:\Downloads\ProjectAddFragment.java,D:\Downloads\ProjectAddFragment.java,ProjectAddFragment.java,ProjectAddFragment.java,TempFiles,27-06-2023
2555,General,GoogleAuthFragment.java,D:\Downloads\GoogleAuthFragment.java,D:\Downloads\GoogleAuthFragment.java,GoogleAuthFragment.java,GoogleAuthFragment.java,TempFiles,27-06-2023
2557,General,iOrbit-BPL-CPAPBiPAP-31052023_External (1).pptx,D:\Downloads\iOrbit-BPL-CPAPBiPAP-31052023_External (1).pptx,D:\Downloads\iOrbit-BPL-CPAPBiPAP-31052023_External (1).pptx,iOrbit-BPL-CPAPBiPAP-31052023_External (1).pptx,iOrbit-BPL-CPAPBiPAP-31052023_External (1).pptx,TempFiles,27-06-2023
2568,General,1687928726471.JPEG,D:\Downloads\1687928726471.JPEG,D:\Downloads\1687928726471.JPEG,1687928726471.JPEG,1687928726471.JPEG,TempFiles,28-06-2023
2584,General,41824-EN-VEGAFLEX-81-4-20-mA-HART-two-wire-Rod-and-cable-probe.pdf,D:\Downloads\41824-EN-VEGAFLEX-81-4-20-mA-HART-two-wire-Rod-and-cable-probe.pdf,D:\Downloads\41824-EN-VEGAFLEX-81-4-20-mA-HART-two-wire-Rod-and-cable-probe.pdf,41824-EN-VEGAFLEX-81-4-20-mA-HART-two-wire-Rod-and-cable-probe.pdf,41824-EN-VEGAFLEX-81-4-20-mA-HART-two-wire-Rod-and-cable-probe.pdf,TempFiles,28-06-2023
2586,General,Ariatele Disc about SOW-2023-6-26-638233975270198371.rtf,D:\Downloads\Ariatele Disc about SOW-2023-6-26-638233975270198371.rtf,D:\Downloads\Ariatele Disc about SOW-2023-6-26-638233975270198371.rtf,Ariatele Disc about SOW-2023-6-26-638233975270198371.rtf,Ariatele Disc about SOW-2023-6-26-638233975270198371.rtf,TempFiles,28-06-2023
2605,General,jijil_abhi_adc+AT_command+filter_june23_pc_stm.py,D:\Downloads\jijil_abhi_adc+AT_command+filter_june23_pc_stm.py,D:\Downloads\jijil_abhi_adc+AT_command+filter_june23_pc_stm.py,jijil_abhi_adc+AT_command+filter_june23_pc_stm.py,jijil_abhi_adc+AT_command+filter_june23_pc_stm.py,TempFiles,30-06-2023
2606,General,ver3_64_09May2022.rar,D:\Downloads\ver3_64_09May2022.rar,D:\Downloads\ver3_64_09May2022.rar,ver3_64_09May2022.rar,ver3_64_09May2022.rar,TempFiles,30-06-2023
2611,General,client_secret_587588583055-9cblskqugjq18sojqaf0je38d8sg5ka4.apps.googleusercontent.com.json,D:\Downloads\client_secret_587588583055-9cblskqugjq18sojqaf0je38d8sg5ka4.apps.googleusercontent.com.json,D:\Downloads\client_secret_587588583055-9cblskqugjq18sojqaf0je38d8sg5ka4.apps.googleusercontent.com.json,client_secret_587588583055-9cblskqugjq18sojqaf0je38d8sg5ka4.apps.googleusercontent.com.json,client_secret_587588583055-9cblskqugjq18sojqaf0je38d8sg5ka4.apps.googleusercontent.com.json,TempFiles,04-07-2023
2636,General,BPL  DOCUMENT TRACKER REV1.1.xlsx,D:\Downloads\BPL  DOCUMENT TRACKER REV1.1.xlsx,D:\Downloads\BPL  DOCUMENT TRACKER REV1.1.xlsx,BPL  DOCUMENT TRACKER REV1.1.xlsx,BPL  DOCUMENT TRACKER REV1.1.xlsx,TempFiles,05-07-2023
2637,General,bmjoblrticket.bmp,D:\Downloads\bmjoblrticket.bmp,D:\Downloads\bmjoblrticket.bmp,bmjoblrticket.bmp,bmjoblrticket.bmp,TempFiles,05-07-2023
2641,General,DigitalBrainExSetup (1).msi,D:\Downloads\DigitalBrainExSetup (1).msi,D:\Downloads\DigitalBrainExSetup (1).msi,DigitalBrainExSetup (1).msi,DigitalBrainExSetup (1).msi,TempFiles,06-07-2023
2644,General,NEERS DATA CSV.rar,D:\Downloads\NEERS DATA CSV.rar,D:\Downloads\NEERS DATA CSV.rar,NEERS DATA CSV.rar,NEERS DATA CSV.rar,TempFiles,06-07-2023
2646,General,fragment_notes.xml,D:\Downloads\fragment_notes.xml,D:\Downloads\fragment_notes.xml,fragment_notes.xml,fragment_notes.xml,TempFiles,06-07-2023
2647,General,notes_add_edit_fragment.xml,D:\Downloads\notes_add_edit_fragment.xml,D:\Downloads\notes_add_edit_fragment.xml,notes_add_edit_fragment.xml,notes_add_edit_fragment.xml,TempFiles,06-07-2023
2648,General,9A3FD3176798E842DDCB12C262F11CFACCA70A8B84C6EA6FDA30842A95A94CD8.crt,D:\Downloads\9A3FD3176798E842DDCB12C262F11CFACCA70A8B84C6EA6FDA30842A95A94CD8.crt,D:\Downloads\9A3FD3176798E842DDCB12C262F11CFACCA70A8B84C6EA6FDA30842A95A94CD8.crt,9A3FD3176798E842DDCB12C262F11CFACCA70A8B84C6EA6FDA30842A95A94CD8.crt,9A3FD3176798E842DDCB12C262F11CFACCA70A8B84C6EA6FDA30842A95A94CD8.crt,TempFiles,07-07-2023
2650,General,DigitalBrainExSetup (2).msi,D:\Downloads\DigitalBrainExSetup (2).msi,D:\Downloads\DigitalBrainExSetup (2).msi,DigitalBrainExSetup (2).msi,DigitalBrainExSetup (2).msi,TempFiles,07-07-2023
2651,General,DigitalBrainEx (1).zip,D:\Downloads\DigitalBrainEx (1).zip,D:\Downloads\DigitalBrainEx (1).zip,DigitalBrainEx (1).zip,DigitalBrainEx (1).zip,TempFiles,07-07-2023
2652,General,secret_add_edit_fragment - Copy.xml,D:\Downloads\secret_add_edit_fragment - Copy.xml,D:\Downloads\secret_add_edit_fragment - Copy.xml,secret_add_edit_fragment - Copy.xml,secret_add_edit_fragment - Copy.xml,TempFiles,08-07-2023
2654,General,iOrbit_LuxiSens_SoW_v1.17.docx,D:\Downloads\iOrbit_LuxiSens_SoW_v1.17.docx,D:\Downloads\iOrbit_LuxiSens_SoW_v1.17.docx,iOrbit_LuxiSens_SoW_v1.17.docx,iOrbit_LuxiSens_SoW_v1.17.docx,TempFiles,10-07-2023
2658,General,NEERS DATA CSV-10-07-23.rar,D:\Downloads\NEERS DATA CSV-10-07-23.rar,D:\Downloads\NEERS DATA CSV-10-07-23.rar,NEERS DATA CSV-10-07-23.rar,NEERS DATA CSV-10-07-23.rar,TempFiles,10-07-2023
2665,General,gauge.pdf,D:\Downloads\gauge.pdf,D:\Downloads\gauge.pdf,gauge.pdf,gauge.pdf,TempFiles,11-07-2023
2666,General,Quotation Egcs2023-2024 Q008 Voafone Sreekariyam.docx,D:\Downloads\Quotation Egcs2023-2024 Q008 Voafone Sreekariyam.docx,D:\Downloads\Quotation Egcs2023-2024 Q008 Voafone Sreekariyam.docx,Quotation Egcs2023-2024 Q008 Voafone Sreekariyam.docx,Quotation Egcs2023-2024 Q008 Voafone Sreekariyam.docx,TempFiles,11-07-2023
2669,General,NEERS DATA CSV - ESP32 STIM JULY 12.rar,D:\Downloads\NEERS DATA CSV - ESP32 STIM JULY 12.rar,D:\Downloads\NEERS DATA CSV - ESP32 STIM JULY 12.rar,NEERS DATA CSV - ESP32 STIM JULY 12.rar,NEERS DATA CSV - ESP32 STIM JULY 12.rar,TempFiles,12-07-2023
2670,General,NEERS DATA CSV - JULY12(Raw+Processed).rar,D:\Downloads\NEERS DATA CSV - JULY12(Raw+Processed).rar,D:\Downloads\NEERS DATA CSV - JULY12(Raw+Processed).rar,NEERS DATA CSV - JULY12(Raw+Processed).rar,NEERS DATA CSV - JULY12(Raw+Processed).rar,TempFiles,12-07-2023
2676,General,Resume_Satheesh.docx,D:\Downloads\Resume_Satheesh.docx,D:\Downloads\Resume_Satheesh.docx,Resume_Satheesh.docx,Resume_Satheesh.docx,TempFiles,13-07-2023
2680,General,IOMTWebSockServer-main.zip,D:\Downloads\IOMTWebSockServer-main.zip,D:\Downloads\IOMTWebSockServer-main.zip,IOMTWebSockServer-main.zip,IOMTWebSockServer-main.zip,TempFiles,13-07-2023
2682,General,I_410163775996_517000038701_20230428.pdf,D:\Downloads\I_410163775996_517000038701_20230428.pdf,D:\Downloads\I_410163775996_517000038701_20230428.pdf,I_410163775996_517000038701_20230428.pdf,I_410163775996_517000038701_20230428.pdf,TempFiles,14-07-2023
2684,General,I_410163775996_517000038701_20230428 (1).pdf,D:\Downloads\I_410163775996_517000038701_20230428 (1).pdf,D:\Downloads\I_410163775996_517000038701_20230428 (1).pdf,I_410163775996_517000038701_20230428 (1).pdf,I_410163775996_517000038701_20230428 (1).pdf,TempFiles,14-07-2023
2686,General,NEERS DATA JULY14T2.rar,D:\Downloads\NEERS DATA JULY14T2.rar,D:\Downloads\NEERS DATA JULY14T2.rar,NEERS DATA JULY14T2.rar,NEERS DATA JULY14T2.rar,TempFiles,14-07-2023
2687,General,main.c,D:\Downloads\main.c,D:\Downloads\main.c,main.c,main.c,TempFiles,14-07-2023
2696,General,pressure-sensors-mattress-master.zip,D:\Downloads\pressure-sensors-mattress-master.zip,D:\Downloads\pressure-sensors-mattress-master.zip,pressure-sensors-mattress-master.zip,pressure-sensors-mattress-master.zip,TempFiles,17-07-2023
2697,General,Boxspring_to_visual_studio_LED_Dec.zip,D:\Downloads\Boxspring_to_visual_studio_LED_Dec.zip,D:\Downloads\Boxspring_to_visual_studio_LED_Dec.zip,Boxspring_to_visual_studio_LED_Dec.zip,Boxspring_to_visual_studio_LED_Dec.zip,TempFiles,17-07-2023
2698,General,iorbit.ino,D:\Downloads\iorbit.ino,D:\Downloads\iorbit.ino,iorbit.ino,iorbit.ino,TempFiles,17-07-2023
2699,General,Mattress_Markus.zip,D:\Downloads\Mattress_Markus.zip,D:\Downloads\Mattress_Markus.zip,Mattress_Markus.zip,Mattress_Markus.zip,TempFiles,17-07-2023
2700,General,pressure-sensors-mattress-master (1).zip,D:\Downloads\pressure-sensors-mattress-master (1).zip,D:\Downloads\pressure-sensors-mattress-master (1).zip,pressure-sensors-mattress-master (1).zip,pressure-sensors-mattress-master (1).zip,TempFiles,17-07-2023
2701,General,Boxspring_to_visual_studio_LED_Dec (1).zip,D:\Downloads\Boxspring_to_visual_studio_LED_Dec (1).zip,D:\Downloads\Boxspring_to_visual_studio_LED_Dec (1).zip,Boxspring_to_visual_studio_LED_Dec (1).zip,Boxspring_to_visual_studio_LED_Dec (1).zip,TempFiles,17-07-2023
2702,General,Setup_HSR_Toolkit.zip,D:\Downloads\Setup_HSR_Toolkit.zip,D:\Downloads\Setup_HSR_Toolkit.zip,Setup_HSR_Toolkit.zip,Setup_HSR_Toolkit.zip,TempFiles,17-07-2023
2708,General,en.st-stm32cubeide_1.13.0_17399_20230707_0829_x86_64.exe.zip,D:\Downloads\en.st-stm32cubeide_1.13.0_17399_20230707_0829_x86_64.exe.zip,D:\Downloads\en.st-stm32cubeide_1.13.0_17399_20230707_0829_x86_64.exe.zip,en.st-stm32cubeide_1.13.0_17399_20230707_0829_x86_64.exe.zip,en.st-stm32cubeide_1.13.0_17399_20230707_0829_x86_64.exe.zip,TempFiles,17-07-2023
2730,General,POL_76050034222700000112.zip,D:\Downloads\POL_76050034222700000112.zip,D:\Downloads\POL_76050034222700000112.zip,POL_76050034222700000112.zip,POL_76050034222700000112.zip,TempFiles,18-07-2023
2738,General,Doc1.docx,D:\Downloads\Doc1.docx,D:\Downloads\Doc1.docx,Doc1.docx,Doc1.docx,TempFiles,20-07-2023
2752,General,iEDXFirmware-steppedsine.zip,D:\Downloads\iEDXFirmware-steppedsine.zip,D:\Downloads\iEDXFirmware-steppedsine.zip,iEDXFirmware-steppedsine.zip,iEDXFirmware-steppedsine.zip,TempFiles,21-07-2023
2756,General,OpTransactionHistoryTpr22-07-2023.pdf,D:\Downloads\OpTransactionHistoryTpr22-07-2023.pdf,D:\Downloads\OpTransactionHistoryTpr22-07-2023.pdf,OpTransactionHistoryTpr22-07-2023.pdf,OpTransactionHistoryTpr22-07-2023.pdf,TempFiles,22-07-2023
2757,General,drive-download-20230722T104947Z-001.zip,D:\Downloads\drive-download-20230722T104947Z-001.zip,D:\Downloads\drive-download-20230722T104947Z-001.zip,drive-download-20230722T104947Z-001.zip,drive-download-20230722T104947Z-001.zip,TempFiles,22-07-2023
2770,General,screens1.bmp,D:\Downloads\screens1.bmp,D:\Downloads\screens1.bmp,screens1.bmp,screens1.bmp,TempFiles,24-07-2023
2772,General,Screencast from 24-07-23 10_56_14 AM IST.webm,D:\Downloads\Screencast from 24-07-23 10_56_14 AM IST.webm,D:\Downloads\Screencast from 24-07-23 10_56_14 AM IST.webm,Screencast from 24-07-23 10_56_14 AM IST.webm,Screencast from 24-07-23 10_56_14 AM IST.webm,TempFiles,24-07-2023
2773,General,Screencast from 24-07-23 10_55_19 AM IST.webm,D:\Downloads\Screencast from 24-07-23 10_55_19 AM IST.webm,D:\Downloads\Screencast from 24-07-23 10_55_19 AM IST.webm,Screencast from 24-07-23 10_55_19 AM IST.webm,Screencast from 24-07-23 10_55_19 AM IST.webm,TempFiles,24-07-2023
2774,General,TSG SW.zip,D:\Downloads\TSG SW.zip,D:\Downloads\TSG SW.zip,TSG SW.zip,TSG SW.zip,TempFiles,24-07-2023
2776,General,TSG SW (1).zip,D:\Downloads\TSG SW (1).zip,D:\Downloads\TSG SW (1).zip,TSG SW (1).zip,TSG SW (1).zip,TempFiles,24-07-2023
2778,General,LUXISENS ANALYSIS REPORT.docx,D:\Downloads\LUXISENS ANALYSIS REPORT.docx,D:\Downloads\LUXISENS ANALYSIS REPORT.docx,LUXISENS ANALYSIS REPORT.docx,LUXISENS ANALYSIS REPORT.docx,TempFiles,24-07-2023
2780,General,NEERS CSV 25 JULY - T1.rar,D:\Downloads\NEERS CSV 25 JULY - T1.rar,D:\Downloads\NEERS CSV 25 JULY - T1.rar,NEERS CSV 25 JULY - T1.rar,NEERS CSV 25 JULY - T1.rar,TempFiles,25-07-2023
2781,General,A S Aluminium Fabrications (1).docx,D:\Downloads\A S Aluminium Fabrications (1).docx,D:\Downloads\A S Aluminium Fabrications (1).docx,A S Aluminium Fabrications (1).docx,A S Aluminium Fabrications (1).docx,TempFiles,25-07-2023
2783,General,NEERS CSV 25 JULY - CONST + REV.rar,D:\Downloads\NEERS CSV 25 JULY - CONST + REV.rar,D:\Downloads\NEERS CSV 25 JULY - CONST + REV.rar,NEERS CSV 25 JULY - CONST + REV.rar,NEERS CSV 25 JULY - CONST + REV.rar,TempFiles,25-07-2023
2785,General,stripe_backup_code.txt,D:\Downloads\stripe_backup_code.txt,D:\Downloads\stripe_backup_code.txt,stripe_backup_code.txt,stripe_backup_code.txt,TempFiles,26-07-2023
2790,General,Element40noPressSF1000.csv,D:\Downloads\Element40noPressSF1000.csv,D:\Downloads\Element40noPressSF1000.csv,Element40noPressSF1000.csv,Element40noPressSF1000.csv,TempFiles,26-07-2023
2791,General,Element40_5PressSF1000.csv,D:\Downloads\Element40_5PressSF1000.csv,D:\Downloads\Element40_5PressSF1000.csv,Element40_5PressSF1000.csv,Element40_5PressSF1000.csv,TempFiles,26-07-2023
2792,General,Element40_5PressSF1000 (1).csv,D:\Downloads\Element40_5PressSF1000 (1).csv,D:\Downloads\Element40_5PressSF1000 (1).csv,Element40_5PressSF1000 (1).csv,Element40_5PressSF1000 (1).csv,TempFiles,26-07-2023
2793,General,Elem40_5_PressSF1000_20Ssec.csv.csv,D:\Downloads\Elem40_5_PressSF1000_20Ssec.csv.csv,D:\Downloads\Elem40_5_PressSF1000_20Ssec.csv.csv,Elem40_5_PressSF1000_20Ssec.csv.csv,Elem40_5_PressSF1000_20Ssec.csv.csv,TempFiles,26-07-2023
2794,General,Elem40_NoPressSF1000_20Sec.csv.csv,D:\Downloads\Elem40_NoPressSF1000_20Sec.csv.csv,D:\Downloads\Elem40_NoPressSF1000_20Sec.csv.csv,Elem40_NoPressSF1000_20Sec.csv.csv,Elem40_NoPressSF1000_20Sec.csv.csv,TempFiles,26-07-2023
2795,General,NEERS JULY 26 T1.rar,D:\Downloads\NEERS JULY 26 T1.rar,D:\Downloads\NEERS JULY 26 T1.rar,NEERS JULY 26 T1.rar,NEERS JULY 26 T1.rar,TempFiles,26-07-2023
2796,General,digibran banner.png,D:\Downloads\digibran banner.png,D:\Downloads\digibran banner.png,digibran banner.png,digibran banner.png,TempFiles,27-07-2023
2797,General,DigitalBrainExSetup (3).msi,D:\Downloads\DigitalBrainExSetup (3).msi,D:\Downloads\DigitalBrainExSetup (3).msi,DigitalBrainExSetup (3).msi,DigitalBrainExSetup (3).msi,TempFiles,27-07-2023
2799,General,DigitalBrainExSetup (4).msi,D:\Downloads\DigitalBrainExSetup (4).msi,D:\Downloads\DigitalBrainExSetup (4).msi,DigitalBrainExSetup (4).msi,DigitalBrainExSetup (4).msi,TempFiles,27-07-2023
2800,General,WhatsApp Video 2023-07-28 at 16.51.12.mp4,D:\Downloads\WhatsApp Video 2023-07-28 at 16.51.12.mp4,D:\Downloads\WhatsApp Video 2023-07-28 at 16.51.12.mp4,WhatsApp Video 2023-07-28 at 16.51.12.mp4,WhatsApp Video 2023-07-28 at 16.51.12.mp4,TempFiles,28-07-2023
2801,General,WhatsApp Video 2023-07-28 at 16.51.16.mp4,D:\Downloads\WhatsApp Video 2023-07-28 at 16.51.16.mp4,D:\Downloads\WhatsApp Video 2023-07-28 at 16.51.16.mp4,WhatsApp Video 2023-07-28 at 16.51.16.mp4,WhatsApp Video 2023-07-28 at 16.51.16.mp4,TempFiles,28-07-2023
2802,General,WhatsApp Video 2023-07-28 at 16.51.29.mp4,D:\Downloads\WhatsApp Video 2023-07-28 at 16.51.29.mp4,D:\Downloads\WhatsApp Video 2023-07-28 at 16.51.29.mp4,WhatsApp Video 2023-07-28 at 16.51.29.mp4,WhatsApp Video 2023-07-28 at 16.51.29.mp4,TempFiles,28-07-2023
2803,General,WhatsApp Video 2023-07-28 at 17.18.45.mp4,D:\Downloads\WhatsApp Video 2023-07-28 at 17.18.45.mp4,D:\Downloads\WhatsApp Video 2023-07-28 at 17.18.45.mp4,WhatsApp Video 2023-07-28 at 17.18.45.mp4,WhatsApp Video 2023-07-28 at 17.18.45.mp4,TempFiles,28-07-2023
2805,General,untitled (3).png,D:\Downloads\untitled (3).png,D:\Downloads\untitled (3).png,untitled (3).png,untitled (3).png,TempFiles,29-07-2023
2806,General,aji.rar,D:\Downloads\aji.rar,D:\Downloads\aji.rar,aji.rar,aji.rar,TempFiles,29-07-2023
2832,General,github-iorbit-tech-receipt-2023-08-01.pdf,D:\Downloads\github-iorbit-tech-receipt-2023-08-01.pdf,D:\Downloads\github-iorbit-tech-receipt-2023-08-01.pdf,github-iorbit-tech-receipt-2023-08-01.pdf,github-iorbit-tech-receipt-2023-08-01.pdf,TempFiles,02-08-2023
2833,General,ads1293.pdf,D:\Downloads\ads1293.pdf,D:\Downloads\ads1293.pdf,ads1293.pdf,ads1293.pdf,TempFiles,02-08-2023
2834,General,RPM API - Overview 02Aug2023.pdf,D:\Downloads\RPM API - Overview 02Aug2023.pdf,D:\Downloads\RPM API - Overview 02Aug2023.pdf,RPM API - Overview 02Aug2023.pdf,RPM API - Overview 02Aug2023.pdf,TempFiles,02-08-2023
2835,General,RPM API - Overview 02Aug2023 (1).pdf,D:\Downloads\RPM API - Overview 02Aug2023 (1).pdf,D:\Downloads\RPM API - Overview 02Aug2023 (1).pdf,RPM API - Overview 02Aug2023 (1).pdf,RPM API - Overview 02Aug2023 (1).pdf,TempFiles,02-08-2023
2838,General,Postman-win64-Setup (1).exe,D:\Downloads\Postman-win64-Setup (1).exe,D:\Downloads\Postman-win64-Setup (1).exe,Postman-win64-Setup (1).exe,Postman-win64-Setup (1).exe,TempFiles,03-08-2023
2842,General,JPEG_20230803_191732.jpg,\Documents\JPEG_20230803_191732.jpg,D:\DBX\LocalDocFolder\Documents\JPEG_20230803_191732.jpg,pcpic,,,03-08-2023
2843,General,JPEG_20230803_191813.jpg,\Documents\JPEG_20230803_191813.jpg,D:\DBX\LocalDocFolder\Documents\JPEG_20230803_191813.jpg,pcpic_1,,,03-08-2023
2844,General,JPEG_20230803_191940.jpg,\Documents\JPEG_20230803_191940.jpg,D:\DBX\LocalDocFolder\Documents\JPEG_20230803_191940.jpg,bmjo bijumon driving licence,,,03-08-2023
2845,General,JPEG_20230803_192019.jpg,\Documents\JPEG_20230803_192019.jpg,D:\DBX\LocalDocFolder\Documents\JPEG_20230803_192019.jpg,bmjo bijumon driving licence_back,,,03-08-2023
2846,General,JPEG_20230803_192102.jpg,\Documents\JPEG_20230803_192102.jpg,D:\DBX\LocalDocFolder\Documents\JPEG_20230803_192102.jpg,bmjo bijumon pan card,,,03-08-2023
2847,General,JPEG_20230803_192206.jpg,\Documents\JPEG_20230803_192206.jpg,D:\DBX\LocalDocFolder\Documents\JPEG_20230803_192206.jpg,bmjo bijumon adhar card,,,03-08-2023
2848,General,JPEG_20230803_192304.jpg,\Documents\JPEG_20230803_192304.jpg,D:\DBX\LocalDocFolder\Documents\JPEG_20230803_192304.jpg,bmjo bijumon adhar card_full,,,03-08-2023
2850,General,1691128582423.JPEG,D:\Downloads\1691128582423.JPEG,D:\Downloads\1691128582423.JPEG,1691128582423.JPEG,1691128582423.JPEG,TempFiles,04-08-2023
2851,General,1691128590105.JPEG,D:\Downloads\1691128590105.JPEG,D:\Downloads\1691128590105.JPEG,1691128590105.JPEG,1691128590105.JPEG,TempFiles,04-08-2023
2852,General,1691128594343.JPEG,D:\Downloads\1691128594343.JPEG,D:\Downloads\1691128594343.JPEG,1691128594343.JPEG,1691128594343.JPEG,TempFiles,04-08-2023
2853,General,JPEG_20230804_151946.jpg,\Documents\JPEG_20230804_151946.jpg,D:\DBX\LocalDocFolder\Documents\JPEG_20230804_151946.jpg,Generator diesel expense,,,04-08-2023
2854,General,xampp-windows-x64-8.2.4-0-VS16-installer.exe,D:\Downloads\xampp-windows-x64-8.2.4-0-VS16-installer.exe,D:\Downloads\xampp-windows-x64-8.2.4-0-VS16-installer.exe,xampp-windows-x64-8.2.4-0-VS16-installer.exe,xampp-windows-x64-8.2.4-0-VS16-installer.exe,TempFiles,04-08-2023
2856,General,OBS-Studio-29.1.3-Full-Installer-x64.exe,D:\Downloads\OBS-Studio-29.1.3-Full-Installer-x64.exe,D:\Downloads\OBS-Studio-29.1.3-Full-Installer-x64.exe,OBS-Studio-29.1.3-Full-Installer-x64.exe,OBS-Studio-29.1.3-Full-Installer-x64.exe,TempFiles,05-08-2023
2858,General,JPEG_20230805_143656.jpg,\Documents\JPEG_20230805_143656.jpg,D:\DBX\LocalDocFolder\Documents\JPEG_20230805_143656.jpg,milk powder bottles for iorbit,,,05-08-2023
2867,General,POL_76050034232700000143 (1).zip,D:\Downloads\POL_76050034232700000143 (1).zip,D:\Downloads\POL_76050034232700000143 (1).zip,POL_76050034232700000143 (1).zip,POL_76050034232700000143 (1).zip,TempFiles,05-08-2023
2870,General,CPAP_Reprt temp.pdf,D:\Downloads\CPAP_Reprt temp.pdf,D:\Downloads\CPAP_Reprt temp.pdf,CPAP_Reprt temp.pdf,CPAP_Reprt temp.pdf,TempFiles,07-08-2023
2871,General,electronics-12-02389-v2.pdf,D:\Downloads\electronics-12-02389-v2.pdf,D:\Downloads\electronics-12-02389-v2.pdf,electronics-12-02389-v2.pdf,electronics-12-02389-v2.pdf,TempFiles,07-08-2023
2873,General,faissmask-master.zip,D:\Downloads\faissmask-master.zip,D:\Downloads\faissmask-master.zip,faissmask-master.zip,faissmask-master.zip,TempFiles,07-08-2023
2874,General,faissmask-master (1).zip,D:\Downloads\faissmask-master (1).zip,D:\Downloads\faissmask-master (1).zip,faissmask-master (1).zip,faissmask-master (1).zip,TempFiles,07-08-2023
2875,General,faissmask-master (2).zip,D:\Downloads\faissmask-master (2).zip,D:\Downloads\faissmask-master (2).zip,faissmask-master (2).zip,faissmask-master (2).zip,TempFiles,07-08-2023
2876,General,digibrainlogoandroid.png,D:\Downloads\digibrainlogoandroid.png,D:\Downloads\digibrainlogoandroid.png,digibrainlogoandroid.png,digibrainlogoandroid.png,TempFiles,08-08-2023
2877,General,WhatsApp Image 2023-08-08 at 09.39.15.jpg,D:\Downloads\WhatsApp Image 2023-08-08 at 09.39.15.jpg,D:\Downloads\WhatsApp Image 2023-08-08 at 09.39.15.jpg,WhatsApp Image 2023-08-08 at 09.39.15.jpg,WhatsApp Image 2023-08-08 at 09.39.15.jpg,TempFiles,08-08-2023
2878,General,WhatsApp Image 2023-08-08 at 09.39.15-2.jpg,D:\Downloads\WhatsApp Image 2023-08-08 at 09.39.15-2.jpg,D:\Downloads\WhatsApp Image 2023-08-08 at 09.39.15-2.jpg,WhatsApp Image 2023-08-08 at 09.39.15-2.jpg,WhatsApp Image 2023-08-08 at 09.39.15-2.jpg,TempFiles,08-08-2023
2879,General,WhatsApp Image 2023-08-08 at 09.39.16.jpg,D:\Downloads\WhatsApp Image 2023-08-08 at 09.39.16.jpg,D:\Downloads\WhatsApp Image 2023-08-08 at 09.39.16.jpg,WhatsApp Image 2023-08-08 at 09.39.16.jpg,WhatsApp Image 2023-08-08 at 09.39.16.jpg,TempFiles,08-08-2023
2880,General,WhatsApp Image 2023-08-08 at 09.44.20-8.jpg,D:\Downloads\WhatsApp Image 2023-08-08 at 09.44.20-8.jpg,D:\Downloads\WhatsApp Image 2023-08-08 at 09.44.20-8.jpg,WhatsApp Image 2023-08-08 at 09.44.20-8.jpg,WhatsApp Image 2023-08-08 at 09.44.20-8.jpg,TempFiles,08-08-2023
2882,General,Maple Home Status Report 13-02-2020- web screen images.odt,D:\Downloads\Maple Home Status Report 13-02-2020- web screen images.odt,D:\Downloads\Maple Home Status Report 13-02-2020- web screen images.odt,Maple Home Status Report 13-02-2020- web screen images.odt,Maple Home Status Report 13-02-2020- web screen images.odt,TempFiles,08-08-2023
2883,General,WhatsApp Image 2023-08-08 at 16.50.23.jpg,D:\Downloads\WhatsApp Image 2023-08-08 at 16.50.23.jpg,D:\Downloads\WhatsApp Image 2023-08-08 at 16.50.23.jpg,WhatsApp Image 2023-08-08 at 16.50.23.jpg,WhatsApp Image 2023-08-08 at 16.50.23.jpg,TempFiles,08-08-2023
2884,General,WhatsApp Image 2023-08-08 at 16.50.24.jpg,D:\Downloads\WhatsApp Image 2023-08-08 at 16.50.24.jpg,D:\Downloads\WhatsApp Image 2023-08-08 at 16.50.24.jpg,WhatsApp Image 2023-08-08 at 16.50.24.jpg,WhatsApp Image 2023-08-08 at 16.50.24.jpg,TempFiles,08-08-2023
2885,General,iOrbit Digital Technologies Inaugurates New Facility to Accommodate Expansion Plans.docx,D:\Downloads\iOrbit Digital Technologies Inaugurates New Facility to Accommodate Expansion Plans.docx,D:\Downloads\iOrbit Digital Technologies Inaugurates New Facility to Accommodate Expansion Plans.docx,iOrbit Digital Technologies Inaugurates New Facility to Accommodate Expansion Plans.docx,iOrbit Digital Technologies Inaugurates New Facility to Accommodate Expansion Plans.docx,TempFiles,08-08-2023
2886,General,Priyam_Resume (1).pdf,D:\Downloads\Priyam_Resume (1).pdf,D:\Downloads\Priyam_Resume (1).pdf,Priyam_Resume (1).pdf,Priyam_Resume (1).pdf,TempFiles,08-08-2023
2888,General,client_secret_587588583055-2e79s4istdo9f0pbcsn3t3g1eosp63tk.apps.googleusercontent.com.json,D:\Downloads\client_secret_587588583055-2e79s4istdo9f0pbcsn3t3g1eosp63tk.apps.googleusercontent.com.json,D:\Downloads\client_secret_587588583055-2e79s4istdo9f0pbcsn3t3g1eosp63tk.apps.googleusercontent.com.json,client_secret_587588583055-2e79s4istdo9f0pbcsn3t3g1eosp63tk.apps.googleusercontent.com.json,client_secret_587588583055-2e79s4istdo9f0pbcsn3t3g1eosp63tk.apps.googleusercontent.com.json,TempFiles,09-08-2023
2895,General,HDx Testing and Software Resource Document.pdf,D:\Downloads\HDx Testing and Software Resource Document.pdf,D:\Downloads\HDx Testing and Software Resource Document.pdf,HDx Testing and Software Resource Document.pdf,HDx Testing and Software Resource Document.pdf,TempFiles,09-08-2023
2898,General,1691642735966.JPEG,D:\Downloads\1691642735966.JPEG,D:\Downloads\1691642735966.JPEG,1691642735966.JPEG,1691642735966.JPEG,TempFiles,10-08-2023
2899,General,1691642734727.JPEG,D:\Downloads\1691642734727.JPEG,D:\Downloads\1691642734727.JPEG,1691642734727.JPEG,1691642734727.JPEG,TempFiles,10-08-2023
2900,General,1691642734899.JPEG,D:\Downloads\1691642734899.JPEG,D:\Downloads\1691642734899.JPEG,1691642734899.JPEG,1691642734899.JPEG,TempFiles,10-08-2023
2901,General,1691642735059.JPEG,D:\Downloads\1691642735059.JPEG,D:\Downloads\1691642735059.JPEG,1691642735059.JPEG,1691642735059.JPEG,TempFiles,10-08-2023
2904,General,aadhar2.jpg,D:\Downloads\aadhar2.jpg,D:\Downloads\aadhar2.jpg,aadhar2.jpg,aadhar2.jpg,TempFiles,10-08-2023
2905,General,aadhar (1).jpg,D:\Downloads\aadhar (1).jpg,D:\Downloads\aadhar (1).jpg,aadhar (1).jpg,aadhar (1).jpg,TempFiles,10-08-2023
2906,General,OpTransactionHistory10-08-2023.xls,D:\Downloads\OpTransactionHistory10-08-2023.xls,D:\Downloads\OpTransactionHistory10-08-2023.xls,OpTransactionHistory10-08-2023.xls,OpTransactionHistory10-08-2023.xls,TempFiles,10-08-2023
2907,General,github-iorbit-tech-receipt-2023-08-01 (1).pdf,D:\Downloads\github-iorbit-tech-receipt-2023-08-01 (1).pdf,D:\Downloads\github-iorbit-tech-receipt-2023-08-01 (1).pdf,github-iorbit-tech-receipt-2023-08-01 (1).pdf,github-iorbit-tech-receipt-2023-08-01 (1).pdf,TempFiles,10-08-2023
2908,General,Software background-2023-07-11 (1).docx,D:\Downloads\Software background-2023-07-11 (1).docx,D:\Downloads\Software background-2023-07-11 (1).docx,Software background-2023-07-11 (1).docx,Software background-2023-07-11 (1).docx,TempFiles,10-08-2023
2911,General,flutter_windows_3.10.6-stable.zip,D:\Downloads\flutter_windows_3.10.6-stable.zip,D:\Downloads\flutter_windows_3.10.6-stable.zip,flutter_windows_3.10.6-stable.zip,flutter_windows_3.10.6-stable.zip,TempFiles,11-08-2023
2923,General,USB to HDMI.pdf,D:\Downloads\USB to HDMI.pdf,D:\Downloads\USB to HDMI.pdf,USB to HDMI.pdf,USB to HDMI.pdf,TempFiles,14-08-2023
2925,General,BodyMountADS1293.ino,D:\Downloads\BodyMountADS1293.ino,D:\Downloads\BodyMountADS1293.ino,BodyMountADS1293.ino,BodyMountADS1293.ino,TempFiles,14-08-2023
2937,General,leadership.bmp,D:\Downloads\leadership.bmp,D:\Downloads\leadership.bmp,leadership.bmp,leadership.bmp,TempFiles,17-08-2023
2938,General,RR_data.zip,D:\Downloads\RR_data.zip,D:\Downloads\RR_data.zip,RR_data.zip,RR_data.zip,TempFiles,17-08-2023
2939,General,ecgSuccessData.csv,D:\Downloads\ecgSuccessData.csv,D:\Downloads\ecgSuccessData.csv,ecgSuccessData.csv,ecgSuccessData.csv,TempFiles,17-08-2023
2941,General,Resume_vinay_chandekar_6_year.pdf,D:\Downloads\Resume_vinay_chandekar_6_year.pdf,D:\Downloads\Resume_vinay_chandekar_6_year.pdf,Resume_vinay_chandekar_6_year.pdf,Resume_vinay_chandekar_6_year.pdf,TempFiles,18-08-2023
2942,General,Resume_vinay_chandekar_6_year (1).pdf,D:\Downloads\Resume_vinay_chandekar_6_year (1).pdf,D:\Downloads\Resume_vinay_chandekar_6_year (1).pdf,Resume_vinay_chandekar_6_year (1).pdf,Resume_vinay_chandekar_6_year (1).pdf,TempFiles,18-08-2023
2944,General,Hospex.pdf,D:\Downloads\Hospex.pdf,D:\Downloads\Hospex.pdf,Hospex.pdf,Hospex.pdf,TempFiles,18-08-2023
2945,General,Software background-2023-07-11 (2).docx,D:\Downloads\Software background-2023-07-11 (2).docx,D:\Downloads\Software background-2023-07-11 (2).docx,Software background-2023-07-11 (2).docx,Software background-2023-07-11 (2).docx,TempFiles,18-08-2023
2946,General,ecgSuccessData (1).csv,D:\Downloads\ecgSuccessData (1).csv,D:\Downloads\ecgSuccessData (1).csv,ecgSuccessData (1).csv,ecgSuccessData (1).csv,TempFiles,18-08-2023
2949,General,dbxrtf.rtf,D:\Downloads\dbxrtf.rtf,D:\Downloads\dbxrtf.rtf,dbxrtf.rtf,dbxrtf.rtf,TempFiles,19-08-2023
2951,General,Prajoy Salary Increment Letter 01-09-2023.pdf,D:\Downloads\Prajoy Salary Increment Letter 01-09-2023.pdf,D:\Downloads\Prajoy Salary Increment Letter 01-09-2023.pdf,Prajoy Salary Increment Letter 01-09-2023.pdf,Prajoy Salary Increment Letter 01-09-2023.pdf,TempFiles,21-08-2023
2952,General,Swathy Salary Increment Letter 01-09-2023.pdf,D:\Downloads\Swathy Salary Increment Letter 01-09-2023.pdf,D:\Downloads\Swathy Salary Increment Letter 01-09-2023.pdf,Swathy Salary Increment Letter 01-09-2023.pdf,Swathy Salary Increment Letter 01-09-2023.pdf,TempFiles,21-08-2023
2953,General,Swathy Salary Increment Letter 01-09-2023 (1).pdf,D:\Downloads\Swathy Salary Increment Letter 01-09-2023 (1).pdf,D:\Downloads\Swathy Salary Increment Letter 01-09-2023 (1).pdf,Swathy Salary Increment Letter 01-09-2023 (1).pdf,Swathy Salary Increment Letter 01-09-2023 (1).pdf,TempFiles,21-08-2023
2954,General,John Salary Increment Letter 01-09-2023.pdf,D:\Downloads\John Salary Increment Letter 01-09-2023.pdf,D:\Downloads\John Salary Increment Letter 01-09-2023.pdf,John Salary Increment Letter 01-09-2023.pdf,John Salary Increment Letter 01-09-2023.pdf,TempFiles,21-08-2023
2955,General,John Salary Increment Letter 01-09-2023 (1).pdf,D:\Downloads\John Salary Increment Letter 01-09-2023 (1).pdf,D:\Downloads\John Salary Increment Letter 01-09-2023 (1).pdf,John Salary Increment Letter 01-09-2023 (1).pdf,John Salary Increment Letter 01-09-2023 (1).pdf,TempFiles,21-08-2023
2956,General,John Salary Increment Letter 01-09-2023 (2).pdf,D:\Downloads\John Salary Increment Letter 01-09-2023 (2).pdf,D:\Downloads\John Salary Increment Letter 01-09-2023 (2).pdf,John Salary Increment Letter 01-09-2023 (2).pdf,John Salary Increment Letter 01-09-2023 (2).pdf,TempFiles,21-08-2023
2957,General,Jinisha Salary Increment Letter 01-09-2023.pdf,D:\Downloads\Jinisha Salary Increment Letter 01-09-2023.pdf,D:\Downloads\Jinisha Salary Increment Letter 01-09-2023.pdf,Jinisha Salary Increment Letter 01-09-2023.pdf,Jinisha Salary Increment Letter 01-09-2023.pdf,TempFiles,21-08-2023
2958,General,Mohan Salary Increment Letter 01-09-2023.pdf,D:\Downloads\Mohan Salary Increment Letter 01-09-2023.pdf,D:\Downloads\Mohan Salary Increment Letter 01-09-2023.pdf,Mohan Salary Increment Letter 01-09-2023.pdf,Mohan Salary Increment Letter 01-09-2023.pdf,TempFiles,21-08-2023
2959,General,Prakash Salary Increment Letter 01-09-2023.pdf,D:\Downloads\Prakash Salary Increment Letter 01-09-2023.pdf,D:\Downloads\Prakash Salary Increment Letter 01-09-2023.pdf,Prakash Salary Increment Letter 01-09-2023.pdf,Prakash Salary Increment Letter 01-09-2023.pdf,TempFiles,21-08-2023
2960,General,Abhijith Salary Increment Letter 01-09-2023.pdf,D:\Downloads\Abhijith Salary Increment Letter 01-09-2023.pdf,D:\Downloads\Abhijith Salary Increment Letter 01-09-2023.pdf,Abhijith Salary Increment Letter 01-09-2023.pdf,Abhijith Salary Increment Letter 01-09-2023.pdf,TempFiles,21-08-2023
2961,General,Rohini Salary Increment Letter 01-09-2023.pdf,D:\Downloads\Rohini Salary Increment Letter 01-09-2023.pdf,D:\Downloads\Rohini Salary Increment Letter 01-09-2023.pdf,Rohini Salary Increment Letter 01-09-2023.pdf,Rohini Salary Increment Letter 01-09-2023.pdf,TempFiles,21-08-2023
2962,General,Rohini Salary Increment Letter 01-09-2023 (1).pdf,D:\Downloads\Rohini Salary Increment Letter 01-09-2023 (1).pdf,D:\Downloads\Rohini Salary Increment Letter 01-09-2023 (1).pdf,Rohini Salary Increment Letter 01-09-2023 (1).pdf,Rohini Salary Increment Letter 01-09-2023 (1).pdf,TempFiles,21-08-2023
2963,General,Pournami Salary Increment Letter 01-09-2023.pdf,D:\Downloads\Pournami Salary Increment Letter 01-09-2023.pdf,D:\Downloads\Pournami Salary Increment Letter 01-09-2023.pdf,Pournami Salary Increment Letter 01-09-2023.pdf,Pournami Salary Increment Letter 01-09-2023.pdf,TempFiles,21-08-2023
2964,General,Athul Salary Increment Letter 01-09-2023.pdf,D:\Downloads\Athul Salary Increment Letter 01-09-2023.pdf,D:\Downloads\Athul Salary Increment Letter 01-09-2023.pdf,Athul Salary Increment Letter 01-09-2023.pdf,Athul Salary Increment Letter 01-09-2023.pdf,TempFiles,21-08-2023
2968,General,CMS.zip,D:\Downloads\CMS.zip,D:\Downloads\CMS.zip,CMS.zip,CMS.zip,TempFiles,21-08-2023
2973,General,TSG SW (2).zip,D:\Downloads\TSG SW (2).zip,D:\Downloads\TSG SW (2).zip,TSG SW (2).zip,TSG SW (2).zip,TempFiles,22-08-2023
2974,General,ongev-front-end-development.zip,D:\Downloads\ongev-front-end-development.zip,D:\Downloads\ongev-front-end-development.zip,ongev-front-end-development.zip,ongev-front-end-development.zip,TempFiles,22-08-2023
2984,General,ecgSuccessData (2).csv,D:\Downloads\ecgSuccessData (2).csv,D:\Downloads\ecgSuccessData (2).csv,ecgSuccessData (2).csv,ecgSuccessData (2).csv,TempFiles,24-08-2023
2985,General,ecgSuccessData (3).csv,D:\Downloads\ecgSuccessData (3).csv,D:\Downloads\ecgSuccessData (3).csv,ecgSuccessData (3).csv,ecgSuccessData (3).csv,TempFiles,24-08-2023
2986,General,CMS -Luxi.zip,D:\Downloads\CMS -Luxi.zip,D:\Downloads\CMS -Luxi.zip,CMS -Luxi.zip,CMS -Luxi.zip,TempFiles,25-08-2023
2992,General,MedicalDashboardChart.js,D:\Downloads\MedicalDashboardChart.js,D:\Downloads\MedicalDashboardChart.js,MedicalDashboardChart.js,MedicalDashboardChart.js,TempFiles,25-08-2023
2993,General,UPS_Logtech.pdf,D:\Downloads\UPS_Logtech.pdf,D:\Downloads\UPS_Logtech.pdf,UPS_Logtech.pdf,UPS_Logtech.pdf,TempFiles,25-08-2023
2997,General,Devasekhar_Resume_Final.pdf,D:\Downloads\Devasekhar_Resume_Final.pdf,D:\Downloads\Devasekhar_Resume_Final.pdf,Devasekhar_Resume_Final.pdf,Devasekhar_Resume_Final.pdf,TempFiles,30-08-2023
2998,General,SHAMEEM+V+P(KTE19EC047)+Resume+(1).pdf,D:\Downloads\SHAMEEM+V+P(KTE19EC047)+Resume+(1).pdf,D:\Downloads\SHAMEEM+V+P(KTE19EC047)+Resume+(1).pdf,SHAMEEM+V+P(KTE19EC047)+Resume+(1).pdf,SHAMEEM+V+P(KTE19EC047)+Resume+(1).pdf,TempFiles,30-08-2023
2999,General,Likanthkumar.pdf,D:\Downloads\Likanthkumar.pdf,D:\Downloads\Likanthkumar.pdf,Likanthkumar.pdf,Likanthkumar.pdf,TempFiles,30-08-2023
3000,General,NANDHINI+PRIYA+K+R+CV.pdf,D:\Downloads\NANDHINI+PRIYA+K+R+CV.pdf,D:\Downloads\NANDHINI+PRIYA+K+R+CV.pdf,NANDHINI+PRIYA+K+R+CV.pdf,NANDHINI+PRIYA+K+R+CV.pdf,TempFiles,30-08-2023
3001,General,abinsh+bnb1.pdf,D:\Downloads\abinsh+bnb1.pdf,D:\Downloads\abinsh+bnb1.pdf,abinsh+bnb1.pdf,abinsh+bnb1.pdf,TempFiles,30-08-2023
3002,General,Nithin+S+S_Resume.pdf,D:\Downloads\Nithin+S+S_Resume.pdf,D:\Downloads\Nithin+S+S_Resume.pdf,Nithin+S+S_Resume.pdf,Nithin+S+S_Resume.pdf,TempFiles,30-08-2023
3003,General,rohith+resume.pdf,D:\Downloads\rohith+resume.pdf,D:\Downloads\rohith+resume.pdf,rohith+resume.pdf,rohith+resume.pdf,TempFiles,30-08-2023
3004,General,BALAGOPAL+G_Resume.pdf,D:\Downloads\BALAGOPAL+G_Resume.pdf,D:\Downloads\BALAGOPAL+G_Resume.pdf,BALAGOPAL+G_Resume.pdf,BALAGOPAL+G_Resume.pdf,TempFiles,30-08-2023
3005,General,Resume_AbhishekVijayan.pdf,D:\Downloads\Resume_AbhishekVijayan.pdf,D:\Downloads\Resume_AbhishekVijayan.pdf,Resume_AbhishekVijayan.pdf,Resume_AbhishekVijayan.pdf,TempFiles,30-08-2023
3006,General,ADARSH_+NEW.docx,D:\Downloads\ADARSH_+NEW.docx,D:\Downloads\ADARSH_+NEW.docx,ADARSH_+NEW.docx,ADARSH_+NEW.docx,TempFiles,30-08-2023
3007,General,Arjun+C+A+Resume (1).pdf,D:\Downloads\Arjun+C+A+Resume (1).pdf,D:\Downloads\Arjun+C+A+Resume (1).pdf,Arjun+C+A+Resume (1).pdf,Arjun+C+A+Resume (1).pdf,TempFiles,30-08-2023
3008,General,resumes.zip,D:\Downloads\resumes.zip,D:\Downloads\resumes.zip,resumes.zip,resumes.zip,TempFiles,30-08-2023
3015,General,transcript neers meeting discussing SR protocol .txt,D:\Downloads\transcript neers meeting discussing SR protocol .txt,D:\Downloads\transcript neers meeting discussing SR protocol .txt,transcript neers meeting discussing SR protocol .txt,transcript neers meeting discussing SR protocol .txt,TempFiles,01-09-2023
3020,General,Rent sep invoice.pdf,D:\Downloads\Rent sep invoice.pdf,D:\Downloads\Rent sep invoice.pdf,Rent sep invoice.pdf,Rent sep invoice.pdf,TempFiles,02-09-2023
3021,General,Rent sep invoice-sept.pdf,D:\Downloads\Rent sep invoice-sept.pdf,D:\Downloads\Rent sep invoice-sept.pdf,Rent sep invoice-sept.pdf,Rent sep invoice-sept.pdf,TempFiles,02-09-2023
3023,General,aadhar2 (1).jpg,D:\Downloads\aadhar2 (1).jpg,D:\Downloads\aadhar2 (1).jpg,aadhar2 (1).jpg,aadhar2 (1).jpg,TempFiles,02-09-2023
3024,General,aadhar (2).jpg,D:\Downloads\aadhar (2).jpg,D:\Downloads\aadhar (2).jpg,aadhar (2).jpg,aadhar (2).jpg,TempFiles,02-09-2023
3028,General,Recording.wav,D:\Downloads\Recording.wav,D:\Downloads\Recording.wav,Recording.wav,Recording.wav,TempFiles,02-09-2023
3030,General,2023 Work Placement Digest.pdf,D:\Downloads\2023 Work Placement Digest.pdf,D:\Downloads\2023 Work Placement Digest.pdf,2023 Work Placement Digest.pdf,2023 Work Placement Digest.pdf,TempFiles,04-09-2023
3031,General,2023 Work Placement Digest (1).pdf,D:\Downloads\2023 Work Placement Digest (1).pdf,D:\Downloads\2023 Work Placement Digest (1).pdf,2023 Work Placement Digest (1).pdf,2023 Work Placement Digest (1).pdf,TempFiles,04-09-2023
3035,General,Luxisens (1).png,D:\Downloads\Luxisens (1).png,D:\Downloads\Luxisens (1).png,Luxisens (1).png,Luxisens (1).png,TempFiles,04-09-2023
3042,General,12.Analysis of Fibre Cross-Coupling Mechanisms in Fibre-Optical.pdf,D:\Downloads\12.Analysis of Fibre Cross-Coupling Mechanisms in Fibre-Optical.pdf,D:\Downloads\12.Analysis of Fibre Cross-Coupling Mechanisms in Fibre-Optical.pdf,12.Analysis of Fibre Cross-Coupling Mechanisms in Fibre-Optical.pdf,12.Analysis of Fibre Cross-Coupling Mechanisms in Fibre-Optical.pdf,TempFiles,05-09-2023
3043,General,untitled (4).png,D:\Downloads\untitled (4).png,D:\Downloads\untitled (4).png,untitled (4).png,untitled (4).png,TempFiles,05-09-2023
3045,General,MedicalDashboardChart (1).js,D:\Downloads\MedicalDashboardChart (1).js,D:\Downloads\MedicalDashboardChart (1).js,MedicalDashboardChart (1).js,MedicalDashboardChart (1).js,TempFiles,05-09-2023
3055,General,banner V2.png,D:\Downloads\banner V2.png,D:\Downloads\banner V2.png,banner V2.png,banner V2.png,TempFiles,07-09-2023
3056,General,banner V2.jpg,D:\Downloads\banner V2.jpg,D:\Downloads\banner V2.jpg,banner V2.jpg,banner V2.jpg,TempFiles,07-09-2023
3064,General,DigitalBrainEXBanner.png,D:\Downloads\DigitalBrainEXBanner.png,D:\Downloads\DigitalBrainEXBanner.png,DigitalBrainEXBanner.png,DigitalBrainEXBanner.png,TempFiles,07-09-2023
3067,General,Luxisens (2).png,D:\Downloads\Luxisens (2).png,D:\Downloads\Luxisens (2).png,Luxisens (2).png,Luxisens (2).png,TempFiles,07-09-2023
3068,General,Luxisens (3).png,D:\Downloads\Luxisens (3).png,D:\Downloads\Luxisens (3).png,Luxisens (3).png,Luxisens (3).png,TempFiles,07-09-2023
3069,General,1Z7759450429651105.PDF,D:\Downloads\1Z7759450429651105.PDF,D:\Downloads\1Z7759450429651105.PDF,1Z7759450429651105.PDF,1Z7759450429651105.PDF,TempFiles,07-09-2023
3070,General,1Z5674320442320017.PDF,D:\Downloads\1Z5674320442320017.PDF,D:\Downloads\1Z5674320442320017.PDF,1Z5674320442320017.PDF,1Z5674320442320017.PDF,TempFiles,07-09-2023
3071,General,untitled (5).png,D:\Downloads\untitled (5).png,D:\Downloads\untitled (5).png,untitled (5).png,untitled (5).png,TempFiles,07-09-2023
3072,General,Luxisense Software Architecture.png,D:\Downloads\Luxisense Software Architecture.png,D:\Downloads\Luxisense Software Architecture.png,Luxisense Software Architecture.png,Luxisense Software Architecture.png,TempFiles,07-09-2023
3075,General,Digital Brain EX Features.pdf,D:\Downloads\Digital Brain EX Features.pdf,D:\Downloads\Digital Brain EX Features.pdf,Digital Brain EX Features.pdf,Digital Brain EX Features.pdf,TempFiles,08-09-2023
3077,General,Screenshot 2023-09-08 092747.png,D:\Downloads\Screenshot 2023-09-08 092747.png,D:\Downloads\Screenshot 2023-09-08 092747.png,Screenshot 2023-09-08 092747.png,Screenshot 2023-09-08 092747.png,TempFiles,08-09-2023
3078,General,Screenshot 2023-09-08 093251.png,D:\Downloads\Screenshot 2023-09-08 093251.png,D:\Downloads\Screenshot 2023-09-08 093251.png,Screenshot 2023-09-08 093251.png,Screenshot 2023-09-08 093251.png,TempFiles,08-09-2023
3080,General,Luxi architecture.png,D:\Downloads\Luxi architecture.png,D:\Downloads\Luxi architecture.png,Luxi architecture.png,Luxi architecture.png,TempFiles,08-09-2023
3087,General,PPT Meeting -2023-9-8-638297750856377591.rtf,D:\Downloads\PPT Meeting -2023-9-8-638297750856377591.rtf,D:\Downloads\PPT Meeting -2023-9-8-638297750856377591.rtf,PPT Meeting -2023-9-8-638297750856377591.rtf,PPT Meeting -2023-9-8-638297750856377591.rtf,TempFiles,08-09-2023
3088,General,FDA req Meeting -2023-9-8-638297761083162802-1.rtf,D:\Downloads\FDA req Meeting -2023-9-8-638297761083162802-1.rtf,D:\Downloads\FDA req Meeting -2023-9-8-638297761083162802-1.rtf,FDA req Meeting -2023-9-8-638297761083162802-1.rtf,FDA req Meeting -2023-9-8-638297761083162802-1.rtf,TempFiles,08-09-2023
3089,General,PPT Meeting -2023-9-8-638297750856377591-1.rtf,D:\Downloads\PPT Meeting -2023-9-8-638297750856377591-1.rtf,D:\Downloads\PPT Meeting -2023-9-8-638297750856377591-1.rtf,PPT Meeting -2023-9-8-638297750856377591-1.rtf,PPT Meeting -2023-9-8-638297750856377591-1.rtf,TempFiles,08-09-2023
3091,General,family.jpg,D:\Downloads\family.jpg,D:\Downloads\family.jpg,family.jpg,family.jpg,TempFiles,12-09-2023
3092,General,family2.jpg,D:\Downloads\family2.jpg,D:\Downloads\family2.jpg,family2.jpg,family2.jpg,TempFiles,12-09-2023
3093,General,family3.jpg,D:\Downloads\family3.jpg,D:\Downloads\family3.jpg,family3.jpg,family3.jpg,TempFiles,12-09-2023
3094,General,Resume - Rakhi DS.pdf,D:\Downloads\Resume - Rakhi DS.pdf,D:\Downloads\Resume - Rakhi DS.pdf,Resume - Rakhi DS.pdf,Resume - Rakhi DS.pdf,TempFiles,12-09-2023
3098,General,WhatsApp Image 2023-09-11 at 17.31.44.jpg,D:\Downloads\WhatsApp Image 2023-09-11 at 17.31.44.jpg,D:\Downloads\WhatsApp Image 2023-09-11 at 17.31.44.jpg,WhatsApp Image 2023-09-11 at 17.31.44.jpg,WhatsApp Image 2023-09-11 at 17.31.44.jpg,TempFiles,12-09-2023
3103,General,Weekly Meeting -2023-9-12-638301439630827241.rtf,D:\Downloads\Weekly Meeting -2023-9-12-638301439630827241.rtf,D:\Downloads\Weekly Meeting -2023-9-12-638301439630827241.rtf,Weekly Meeting -2023-9-12-638301439630827241.rtf,Weekly Meeting -2023-9-12-638301439630827241.rtf,TempFiles,13-09-2023
3108,General,Homepage.zip,D:\Downloads\Homepage.zip,D:\Downloads\Homepage.zip,Homepage.zip,Homepage.zip,TempFiles,13-09-2023
3110,General,IMG_20230913_151921 (1).jpg,D:\Downloads\IMG_20230913_151921 (1).jpg,D:\Downloads\IMG_20230913_151921 (1).jpg,IMG_20230913_151921 (1).jpg,IMG_20230913_151921 (1).jpg,TempFiles,13-09-2023
3111,General,IMG_20230913_151910 (1).jpg,D:\Downloads\IMG_20230913_151910 (1).jpg,D:\Downloads\IMG_20230913_151910 (1).jpg,IMG_20230913_151910 (1).jpg,IMG_20230913_151910 (1).jpg,TempFiles,13-09-2023
3112,General,kevin-hasbu.gif,D:\Downloads\kevin-hasbu.gif,D:\Downloads\kevin-hasbu.gif,kevin-hasbu.gif,kevin-hasbu.gif,TempFiles,13-09-2023
3114,General,untitled (6).png,D:\Downloads\untitled (6).png,D:\Downloads\untitled (6).png,untitled (6).png,untitled (6).png,TempFiles,14-09-2023
3117,General,MEMORANDUM OF UNDERSTANDING FAMILY APP.docx,D:\Downloads\MEMORANDUM OF UNDERSTANDING FAMILY APP.docx,D:\Downloads\MEMORANDUM OF UNDERSTANDING FAMILY APP.docx,MEMORANDUM OF UNDERSTANDING FAMILY APP.docx,MEMORANDUM OF UNDERSTANDING FAMILY APP.docx,TempFiles,14-09-2023
3118,General,MEMORANDUM OF UNDERSTANDING FAMILY APP (1).docx,D:\Downloads\MEMORANDUM OF UNDERSTANDING FAMILY APP (1).docx,D:\Downloads\MEMORANDUM OF UNDERSTANDING FAMILY APP (1).docx,MEMORANDUM OF UNDERSTANDING FAMILY APP (1).docx,MEMORANDUM OF UNDERSTANDING FAMILY APP (1).docx,TempFiles,14-09-2023
3120,General,CMClientWebSock.cs,D:\Downloads\CMClientWebSock.cs,D:\Downloads\CMClientWebSock.cs,CMClientWebSock.cs,CMClientWebSock.cs,TempFiles,15-09-2023
3123,General,Sibel FDA submissions.pdf,D:\Downloads\Sibel FDA submissions.pdf,D:\Downloads\Sibel FDA submissions.pdf,Sibel FDA submissions.pdf,Sibel FDA submissions.pdf,TempFiles,15-09-2023
3124,General,Sibel FDA submissions and timeline.pdf,D:\Downloads\Sibel FDA submissions and timeline.pdf,D:\Downloads\Sibel FDA submissions and timeline.pdf,Sibel FDA submissions and timeline.pdf,Sibel FDA submissions and timeline.pdf,TempFiles,15-09-2023
3127,General,SampleQA with DBX about CPAP.rtf,D:\Downloads\SampleQA with DBX about CPAP.rtf,D:\Downloads\SampleQA with DBX about CPAP.rtf,SampleQA with DBX about CPAP.rtf,SampleQA with DBX about CPAP.rtf,TempFiles,15-09-2023
3128,General,20230915_173332.mp4,D:\Downloads\20230915_173332.mp4,D:\Downloads\20230915_173332.mp4,20230915_173332.mp4,20230915_173332.mp4,TempFiles,15-09-2023
3129,General,passport1.jpg,D:\Downloads\passport1.jpg,D:\Downloads\passport1.jpg,passport1.jpg,passport1.jpg,TempFiles,16-09-2023
3130,General,passport1 (1).jpg,D:\Downloads\passport1 (1).jpg,D:\Downloads\passport1 (1).jpg,passport1 (1).jpg,passport1 (1).jpg,TempFiles,16-09-2023
3134,General,aadhar2 (2).jpg,D:\Downloads\aadhar2 (2).jpg,D:\Downloads\aadhar2 (2).jpg,aadhar2 (2).jpg,aadhar2 (2).jpg,TempFiles,16-09-2023
3135,General,aadhar (3).jpg,D:\Downloads\aadhar (3).jpg,D:\Downloads\aadhar (3).jpg,aadhar (3).jpg,aadhar (3).jpg,TempFiles,16-09-2023
3136,General,Screenshot 2023-09-16 104511.png,D:\Downloads\Screenshot 2023-09-16 104511.png,D:\Downloads\Screenshot 2023-09-16 104511.png,Screenshot 2023-09-16 104511.png,Screenshot 2023-09-16 104511.png,TempFiles,16-09-2023
3138,General,General Meeting -2023-9-15-638303913001398830.rtf,D:\Downloads\General Meeting -2023-9-15-638303913001398830.rtf,D:\Downloads\General Meeting -2023-9-15-638303913001398830.rtf,General Meeting -2023-9-15-638303913001398830.rtf,General Meeting -2023-9-15-638303913001398830.rtf,TempFiles,16-09-2023
3139,General,meeting.png,D:\Downloads\meeting.png,D:\Downloads\meeting.png,meeting.png,meeting.png,TempFiles,16-09-2023
3140,General,conversation.png,D:\Downloads\conversation.png,D:\Downloads\conversation.png,conversation.png,conversation.png,TempFiles,16-09-2023
3141,General,workshop.png,D:\Downloads\workshop.png,D:\Downloads\workshop.png,workshop.png,workshop.png,TempFiles,16-09-2023
3142,General,ask-me.png,D:\Downloads\ask-me.png,D:\Downloads\ask-me.png,ask-me.png,ask-me.png,TempFiles,16-09-2023
3143,General,capture.png,D:\Downloads\capture.png,D:\Downloads\capture.png,capture.png,capture.png,TempFiles,16-09-2023
3144,General,screen.png,D:\Downloads\screen.png,D:\Downloads\screen.png,screen.png,screen.png,TempFiles,16-09-2023
3145,General,notification-bell.png,D:\Downloads\notification-bell.png,D:\Downloads\notification-bell.png,notification-bell.png,notification-bell.png,TempFiles,16-09-2023
3146,General,documentation.png,D:\Downloads\documentation.png,D:\Downloads\documentation.png,documentation.png,documentation.png,TempFiles,16-09-2023
3147,General,data-encryption.png,D:\Downloads\data-encryption.png,D:\Downloads\data-encryption.png,data-encryption.png,data-encryption.png,TempFiles,16-09-2023
3148,General,url.png,D:\Downloads\url.png,D:\Downloads\url.png,url.png,url.png,TempFiles,16-09-2023
3149,General,link.png,D:\Downloads\link.png,D:\Downloads\link.png,link.png,link.png,TempFiles,16-09-2023
3150,General,folder.png,D:\Downloads\folder.png,D:\Downloads\folder.png,folder.png,folder.png,TempFiles,16-09-2023
3151,General,safe.png,D:\Downloads\safe.png,D:\Downloads\safe.png,safe.png,safe.png,TempFiles,16-09-2023
3152,General,pencil.png,D:\Downloads\pencil.png,D:\Downloads\pencil.png,pencil.png,pencil.png,TempFiles,16-09-2023
3153,General,backup.png,D:\Downloads\backup.png,D:\Downloads\backup.png,backup.png,backup.png,TempFiles,16-09-2023
3154,General,planning.png,D:\Downloads\planning.png,D:\Downloads\planning.png,planning.png,planning.png,TempFiles,16-09-2023
3155,General,monitoring.png,D:\Downloads\monitoring.png,D:\Downloads\monitoring.png,monitoring.png,monitoring.png,TempFiles,16-09-2023
3156,General,monitoring (1).png,D:\Downloads\monitoring (1).png,D:\Downloads\monitoring (1).png,monitoring (1).png,monitoring (1).png,TempFiles,16-09-2023
3158,General,iphone.png,D:\Downloads\iphone.png,D:\Downloads\iphone.png,iphone.png,iphone.png,TempFiles,16-09-2023
3159,General,unnamed.jpg,D:\Downloads\unnamed.jpg,D:\Downloads\unnamed.jpg,unnamed.jpg,unnamed.jpg,TempFiles,18-09-2023
3160,General,unnamed (1).jpg,D:\Downloads\unnamed (1).jpg,D:\Downloads\unnamed (1).jpg,unnamed (1).jpg,unnamed (1).jpg,TempFiles,18-09-2023
3161,General,unnamed (2).jpg,D:\Downloads\unnamed (2).jpg,D:\Downloads\unnamed (2).jpg,unnamed (2).jpg,unnamed (2).jpg,TempFiles,18-09-2023
3162,General,unnamed (3).jpg,D:\Downloads\unnamed (3).jpg,D:\Downloads\unnamed (3).jpg,unnamed (3).jpg,unnamed (3).jpg,TempFiles,18-09-2023
3163,General,unnamed (4).jpg,D:\Downloads\unnamed (4).jpg,D:\Downloads\unnamed (4).jpg,unnamed (4).jpg,unnamed (4).jpg,TempFiles,18-09-2023
3164,General,unnamed (5).jpg,D:\Downloads\unnamed (5).jpg,D:\Downloads\unnamed (5).jpg,unnamed (5).jpg,unnamed (5).jpg,TempFiles,18-09-2023
3165,General,unnamed (6).jpg,D:\Downloads\unnamed (6).jpg,D:\Downloads\unnamed (6).jpg,unnamed (6).jpg,unnamed (6).jpg,TempFiles,18-09-2023
3166,General,unnamed (7).jpg,D:\Downloads\unnamed (7).jpg,D:\Downloads\unnamed (7).jpg,unnamed (7).jpg,unnamed (7).jpg,TempFiles,18-09-2023
3167,General,unnamed (8).jpg,D:\Downloads\unnamed (8).jpg,D:\Downloads\unnamed (8).jpg,unnamed (8).jpg,unnamed (8).jpg,TempFiles,18-09-2023
3168,General,unnamed (9).jpg,D:\Downloads\unnamed (9).jpg,D:\Downloads\unnamed (9).jpg,unnamed (9).jpg,unnamed (9).jpg,TempFiles,18-09-2023
3169,General,unnamed (10).jpg,D:\Downloads\unnamed (10).jpg,D:\Downloads\unnamed (10).jpg,unnamed (10).jpg,unnamed (10).jpg,TempFiles,18-09-2023
3170,General,unnamed (11).jpg,D:\Downloads\unnamed (11).jpg,D:\Downloads\unnamed (11).jpg,unnamed (11).jpg,unnamed (11).jpg,TempFiles,18-09-2023
3173,General,iorbit-tech.fig,D:\Downloads\iorbit-tech.fig,D:\Downloads\iorbit-tech.fig,iorbit-tech.fig,iorbit-tech.fig,TempFiles,18-09-2023
3174,General,Luxisense RR detection methods research.pdf,D:\Downloads\Luxisense RR detection methods research.pdf,D:\Downloads\Luxisense RR detection methods research.pdf,Luxisense RR detection methods research.pdf,Luxisense RR detection methods research.pdf,TempFiles,18-09-2023
3176,General,android-studio-2022.3.1.19-windows.exe,D:\Downloads\android-studio-2022.3.1.19-windows.exe,D:\Downloads\android-studio-2022.3.1.19-windows.exe,android-studio-2022.3.1.19-windows.exe,android-studio-2022.3.1.19-windows.exe,TempFiles,18-09-2023
3178,General,Cyber Security Requirement for Android Application SLHUB.docx,D:\Downloads\Cyber Security Requirement for Android Application SLHUB.docx,D:\Downloads\Cyber Security Requirement for Android Application SLHUB.docx,Cyber Security Requirement for Android Application SLHUB.docx,Cyber Security Requirement for Android Application SLHUB.docx,TempFiles,19-09-2023
3179,General,Cyber Security Requirement for SLHUB.docx,D:\Downloads\Cyber Security Requirement for SLHUB.docx,D:\Downloads\Cyber Security Requirement for SLHUB.docx,Cyber Security Requirement for SLHUB.docx,Cyber Security Requirement for SLHUB.docx,TempFiles,19-09-2023
3181,General,algodev using dbx.rtf,D:\Downloads\algodev using dbx.rtf,D:\Downloads\algodev using dbx.rtf,algodev using dbx.rtf,algodev using dbx.rtf,TempFiles,19-09-2023
3183,General,Acknowledgement_Slip.pdf,D:\Downloads\Acknowledgement_Slip.pdf,D:\Downloads\Acknowledgement_Slip.pdf,Acknowledgement_Slip.pdf,Acknowledgement_Slip.pdf,TempFiles,20-09-2023
3184,General,Luxisens_fibermat_control_sch_ver1p1.pdf,D:\Downloads\Luxisens_fibermat_control_sch_ver1p1.pdf,D:\Downloads\Luxisens_fibermat_control_sch_ver1p1.pdf,Luxisens_fibermat_control_sch_ver1p1.pdf,Luxisens_fibermat_control_sch_ver1p1.pdf,TempFiles,20-09-2023
3194,General,yourfile.csv,D:\Downloads\yourfile.csv,D:\Downloads\yourfile.csv,yourfile.csv,yourfile.csv,TempFiles,21-09-2023
3204,General,NEERS Threshhold.rtf,D:\Downloads\NEERS Threshhold.rtf,D:\Downloads\NEERS Threshhold.rtf,NEERS Threshhold.rtf,NEERS Threshhold.rtf,TempFiles,25-09-2023
3206,General,rohsna1.pdf,D:\Downloads\rohsna1.pdf,D:\Downloads\rohsna1.pdf,rohsna1.pdf,rohsna1.pdf,TempFiles,25-09-2023
3208,General,rohsna2.pdf,D:\Downloads\rohsna2.pdf,D:\Downloads\rohsna2.pdf,rohsna2.pdf,rohsna2.pdf,TempFiles,25-09-2023
3209,General,ANNE One _ Dragonfly Presub.docx,D:\Downloads\ANNE One _ Dragonfly Presub.docx,D:\Downloads\ANNE One _ Dragonfly Presub.docx,ANNE One _ Dragonfly Presub.docx,ANNE One _ Dragonfly Presub.docx,TempFiles,26-09-2023
3213,General,tvccbe.pdf,D:\Downloads\tvccbe.pdf,D:\Downloads\tvccbe.pdf,tvccbe.pdf,tvccbe.pdf,TempFiles,26-09-2023
3214,General,cbemtp.pdf,D:\Downloads\cbemtp.pdf,D:\Downloads\cbemtp.pdf,cbemtp.pdf,cbemtp.pdf,TempFiles,26-09-2023
3215,General,PTJTVC.pdf,D:\Downloads\PTJTVC.pdf,D:\Downloads\PTJTVC.pdf,PTJTVC.pdf,PTJTVC.pdf,TempFiles,26-09-2023
3216,General,cvm.docx,D:\Downloads\cvm.docx,D:\Downloads\cvm.docx,cvm.docx,cvm.docx,TempFiles,26-09-2023
3217,General,bm.bmp,D:\Downloads\bm.bmp,D:\Downloads\bm.bmp,bm.bmp,bm.bmp,TempFiles,26-09-2023
3220,General,yourfile (1).csv,D:\Downloads\yourfile (1).csv,D:\Downloads\yourfile (1).csv,yourfile (1).csv,yourfile (1).csv,TempFiles,27-09-2023
3221,General,yourfile23.csv,D:\Downloads\yourfile23.csv,D:\Downloads\yourfile23.csv,yourfile23.csv,yourfile23.csv,TempFiles,27-09-2023
3222,General,yourfile2.csv,D:\Downloads\yourfile2.csv,D:\Downloads\yourfile2.csv,yourfile2.csv,yourfile2.csv,TempFiles,27-09-2023
3224,General,yourfile234.csv,D:\Downloads\yourfile234.csv,D:\Downloads\yourfile234.csv,yourfile234.csv,yourfile234.csv,TempFiles,27-09-2023
3230,General,vijay sept.pdf,D:\Downloads\vijay sept.pdf,D:\Downloads\vijay sept.pdf,vijay sept.pdf,vijay sept.pdf,TempFiles,28-09-2023
3231,General,DigitalBrainExSetup-23-09-2023.msi,D:\Downloads\DigitalBrainExSetup-23-09-2023.msi,D:\Downloads\DigitalBrainExSetup-23-09-2023.msi,DigitalBrainExSetup-23-09-2023.msi,DigitalBrainExSetup-23-09-2023.msi,TempFiles,28-09-2023
3234,General,yourfile (2).csv,D:\Downloads\yourfile (2).csv,D:\Downloads\yourfile (2).csv,yourfile (2).csv,yourfile (2).csv,TempFiles,03-10-2023
3236,General,Screencast from 03-10-23 01_09_43 PM IST.webm,D:\Downloads\Screencast from 03-10-23 01_09_43 PM IST.webm,D:\Downloads\Screencast from 03-10-23 01_09_43 PM IST.webm,Screencast from 03-10-23 01_09_43 PM IST.webm,Screencast from 03-10-23 01_09_43 PM IST.webm,TempFiles,03-10-2023
3238,General,scrnshot.bmp,D:\Downloads\scrnshot.bmp,D:\Downloads\scrnshot.bmp,scrnshot.bmp,scrnshot.bmp,TempFiles,04-10-2023
3242,General,allEcgData.csv,D:\Downloads\allEcgData.csv,D:\Downloads\allEcgData.csv,allEcgData.csv,allEcgData.csv,TempFiles,04-10-2023
3243,General,dbSibelPatch2,D:\Downloads\dbSibelPatch2,D:\Downloads\dbSibelPatch2,dbSibelPatch2,dbSibelPatch2,TempFiles,04-10-2023
3246,General,roshna12.pdf,D:\Downloads\roshna12.pdf,D:\Downloads\roshna12.pdf,roshna12.pdf,roshna12.pdf,TempFiles,05-10-2023
3249,General,data.csv,D:\Downloads\data.csv,D:\Downloads\data.csv,data.csv,data.csv,TempFiles,05-10-2023
3253,General,dbSibelPatch_1,D:\Downloads\dbSibelPatch_1,D:\Downloads\dbSibelPatch_1,dbSibelPatch_1,dbSibelPatch_1,TempFiles,05-10-2023
3256,General,dbSibelPatch-3,D:\Downloads\dbSibelPatch-3,D:\Downloads\dbSibelPatch-3,dbSibelPatch-3,dbSibelPatch-3,TempFiles,05-10-2023
3257,General,dbSibelPatch_31,D:\Downloads\dbSibelPatch_31,D:\Downloads\dbSibelPatch_31,dbSibelPatch_31,dbSibelPatch_31,TempFiles,05-10-2023
3259,General,dbSibelPatch5,D:\Downloads\dbSibelPatch5,D:\Downloads\dbSibelPatch5,dbSibelPatch5,dbSibelPatch5,TempFiles,05-10-2023
3260,General,dbSibelPatch_5,D:\Downloads\dbSibelPatch_5,D:\Downloads\dbSibelPatch_5,dbSibelPatch_5,dbSibelPatch_5,TempFiles,05-10-2023
3261,General,dbSibelPatch_5 (1),D:\Downloads\dbSibelPatch_5 (1),D:\Downloads\dbSibelPatch_5 (1),dbSibelPatch_5 (1),dbSibelPatch_5 (1),TempFiles,05-10-2023
3265,General,flutter_windows_3.13.6-stable.zip,D:\Downloads\flutter_windows_3.13.6-stable.zip,D:\Downloads\flutter_windows_3.13.6-stable.zip,flutter_windows_3.13.6-stable.zip,flutter_windows_3.13.6-stable.zip,TempFiles,06-10-2023
3269,General,dbSibelPatch (1),D:\Downloads\dbSibelPatch (1),D:\Downloads\dbSibelPatch (1),dbSibelPatch (1),dbSibelPatch (1),TempFiles,06-10-2023
3273,General,RR_SQI_valid_stream_index.py,D:\Downloads\RR_SQI_valid_stream_index.py,D:\Downloads\RR_SQI_valid_stream_index.py,RR_SQI_valid_stream_index.py,RR_SQI_valid_stream_index.py,TempFiles,06-10-2023
3277,General,ticketrr.pdf,D:\Downloads\ticketrr.pdf,D:\Downloads\ticketrr.pdf,ticketrr.pdf,ticketrr.pdf,TempFiles,07-10-2023
3280,General,WhatsApp Image 2023-10-07 at 10.56.02_273abf24.jpg,D:\Downloads\WhatsApp Image 2023-10-07 at 10.56.02_273abf24.jpg,D:\Downloads\WhatsApp Image 2023-10-07 at 10.56.02_273abf24.jpg,WhatsApp Image 2023-10-07 at 10.56.02_273abf24.jpg,WhatsApp Image 2023-10-07 at 10.56.02_273abf24.jpg,TempFiles,07-10-2023
3282,General,WhatsApp Image 2023-10-07 at 10.56.14_790f69ba.jpg,D:\Downloads\WhatsApp Image 2023-10-07 at 10.56.14_790f69ba.jpg,D:\Downloads\WhatsApp Image 2023-10-07 at 10.56.14_790f69ba.jpg,WhatsApp Image 2023-10-07 at 10.56.14_790f69ba.jpg,WhatsApp Image 2023-10-07 at 10.56.14_790f69ba.jpg,TempFiles,07-10-2023
3284,General,WhatsApp Image 2023-10-07 at 10.56.02_cb1ebcb6.jpg,D:\Downloads\WhatsApp Image 2023-10-07 at 10.56.02_cb1ebcb6.jpg,D:\Downloads\WhatsApp Image 2023-10-07 at 10.56.02_cb1ebcb6.jpg,WhatsApp Image 2023-10-07 at 10.56.02_cb1ebcb6.jpg,WhatsApp Image 2023-10-07 at 10.56.02_cb1ebcb6.jpg,TempFiles,07-10-2023
3285,General,ticketrrr.pdf,D:\Downloads\ticketrrr.pdf,D:\Downloads\ticketrrr.pdf,ticketrrr.pdf,ticketrrr.pdf,TempFiles,08-10-2023
3286,General,ECO HTTP API Protocol For IP Media Device-22.8.9.docx,D:\Downloads\ECO HTTP API Protocol For IP Media Device-22.8.9.docx,D:\Downloads\ECO HTTP API Protocol For IP Media Device-22.8.9.docx,ECO HTTP API Protocol For IP Media Device-22.8.9.docx,ECO HTTP API Protocol For IP Media Device-22.8.9.docx,TempFiles,08-10-2023
3287,General,InitiateSingleEntryPaymentSummary08-10-2023.pdf,D:\Downloads\InitiateSingleEntryPaymentSummary08-10-2023.pdf,D:\Downloads\InitiateSingleEntryPaymentSummary08-10-2023.pdf,InitiateSingleEntryPaymentSummary08-10-2023.pdf,InitiateSingleEntryPaymentSummary08-10-2023.pdf,TempFiles,08-10-2023
3288,General,InitiateSingleEntryPaymentSummary08-10-2023 (1).pdf,D:\Downloads\InitiateSingleEntryPaymentSummary08-10-2023 (1).pdf,D:\Downloads\InitiateSingleEntryPaymentSummary08-10-2023 (1).pdf,InitiateSingleEntryPaymentSummary08-10-2023 (1).pdf,InitiateSingleEntryPaymentSummary08-10-2023 (1).pdf,TempFiles,08-10-2023
3290,General,DigitalBrainExSetup-23-09-2023 (1).msi,D:\Downloads\DigitalBrainExSetup-23-09-2023 (1).msi,D:\Downloads\DigitalBrainExSetup-23-09-2023 (1).msi,DigitalBrainExSetup-23-09-2023 (1).msi,DigitalBrainExSetup-23-09-2023 (1).msi,TempFiles,09-10-2023
3292,General,▶ Page 1 - digitalbrainex.mhtml,D:\Downloads\▶ Page 1 - digitalbrainex.mhtml,D:\Downloads\▶ Page 1 - digitalbrainex.mhtml,▶ Page 1 - digitalbrainex.mhtml,▶ Page 1 - digitalbrainex.mhtml,TempFiles,09-10-2023
3293,General,▶ Page 1 - digitalbrainex.htm,D:\Downloads\▶ Page 1 - digitalbrainex.htm,D:\Downloads\▶ Page 1 - digitalbrainex.htm,▶ Page 1 - digitalbrainex.htm,▶ Page 1 - digitalbrainex.htm,TempFiles,09-10-2023
3295,General,RR_data (1).zip,D:\Downloads\RR_data (1).zip,D:\Downloads\RR_data (1).zip,RR_data (1).zip,RR_data (1).zip,TempFiles,09-10-2023
3297,General,DigitalBrainExSetup-23-09-2023 (2).msi,D:\Downloads\DigitalBrainExSetup-23-09-2023 (2).msi,D:\Downloads\DigitalBrainExSetup-23-09-2023 (2).msi,DigitalBrainExSetup-23-09-2023 (2).msi,DigitalBrainExSetup-23-09-2023 (2).msi,TempFiles,10-10-2023
3301,General,teensyDSP_TRY02.ino,D:\Downloads\teensyDSP_TRY02.ino,D:\Downloads\teensyDSP_TRY02.ino,teensyDSP_TRY02.ino,teensyDSP_TRY02.ino,TempFiles,10-10-2023
3303,General,PD en LED module.pptx,D:\Downloads\PD en LED module.pptx,D:\Downloads\PD en LED module.pptx,PD en LED module.pptx,PD en LED module.pptx,TempFiles,10-10-2023
3312,General,mailformat.odt,D:\Downloads\mailformat.odt,D:\Downloads\mailformat.odt,mailformat.odt,mailformat.odt,TempFiles,12-10-2023
3315,General,jd-chief-technology-officer-indian-market-wintexsupport.pdf,D:\Downloads\jd-chief-technology-officer-indian-market-wintexsupport.pdf,D:\Downloads\jd-chief-technology-officer-indian-market-wintexsupport.pdf,jd-chief-technology-officer-indian-market-wintexsupport.pdf,jd-chief-technology-officer-indian-market-wintexsupport.pdf,TempFiles,12-10-2023
3316,General,Screencast from 12-10-23 05_24_24 PM IST.webm,D:\Downloads\Screencast from 12-10-23 05_24_24 PM IST.webm,D:\Downloads\Screencast from 12-10-23 05_24_24 PM IST.webm,Screencast from 12-10-23 05_24_24 PM IST.webm,Screencast from 12-10-23 05_24_24 PM IST.webm,TempFiles,12-10-2023
3317,General,V1-Bijumon Janardhanan - CV - Ver.03-oct-23.docx,D:\Downloads\V1-Bijumon Janardhanan - CV - Ver.03-oct-23.docx,D:\Downloads\V1-Bijumon Janardhanan - CV - Ver.03-oct-23.docx,V1-Bijumon Janardhanan - CV - Ver.03-oct-23.docx,V1-Bijumon Janardhanan - CV - Ver.03-oct-23.docx,TempFiles,13-10-2023
3319,General,Bostock Threshold tracking techniques 1998 (2).pdf,D:\Downloads\Bostock Threshold tracking techniques 1998 (2).pdf,D:\Downloads\Bostock Threshold tracking techniques 1998 (2).pdf,Bostock Threshold tracking techniques 1998 (2).pdf,Bostock Threshold tracking techniques 1998 (2).pdf,TempFiles,13-10-2023
3321,General,Medica 2023 Floor Design.pptx,D:\Downloads\Medica 2023 Floor Design.pptx,D:\Downloads\Medica 2023 Floor Design.pptx,Medica 2023 Floor Design.pptx,Medica 2023 Floor Design.pptx,TempFiles,13-10-2023
3322,General,Screencast from 13-10-23 05_56_31 PM IST.webm,D:\Downloads\Screencast from 13-10-23 05_56_31 PM IST.webm,D:\Downloads\Screencast from 13-10-23 05_56_31 PM IST.webm,Screencast from 13-10-23 05_56_31 PM IST.webm,Screencast from 13-10-23 05_56_31 PM IST.webm,TempFiles,13-10-2023
3323,General,V1-Bijumon_Janardhanan_-_CV_-_Ver.03-oct-23[1].docx,C:\Users\user\Documents\V1-Bijumon_Janardhanan_-_CV_-_Ver.03-oct-23[1].docx,C:\Users\user\Documents\V1-Bijumon_Janardhanan_-_CV_-_Ver.03-oct-23[1].docx,V1-Bijumon_Janardhanan_-_CV_-_Ver.03-oct-23[1].docx,V1-Bijumon_Janardhanan_-_CV_-_Ver.03-oct-23[1].docx,TempFiles,13-10-2023
3324,General,V1-Bijumon_Janardhanan_-_CV_-_Ver.04.docx,D:\Downloads\V1-Bijumon_Janardhanan_-_CV_-_Ver.04.docx,D:\Downloads\V1-Bijumon_Janardhanan_-_CV_-_Ver.04.docx,V1-Bijumon_Janardhanan_-_CV_-_Ver.04.docx,V1-Bijumon_Janardhanan_-_CV_-_Ver.04.docx,TempFiles,13-10-2023
3325,General,DigitalBrainEXBanner_template.jpg,D:\Downloads\DigitalBrainEXBanner_template.jpg,D:\Downloads\DigitalBrainEXBanner_template.jpg,DigitalBrainEXBanner_template.jpg,DigitalBrainEXBanner_template.jpg,TempFiles,15-10-2023
3326,General,DigitalBrainEXBanner_template2.jpg,D:\Downloads\DigitalBrainEXBanner_template2.jpg,D:\Downloads\DigitalBrainEXBanner_template2.jpg,DigitalBrainEXBanner_template2.jpg,DigitalBrainEXBanner_template2.jpg,TempFiles,15-10-2023
3327,General,iOrbit BROCHURE main (1).pdf,D:\Downloads\iOrbit BROCHURE main (1).pdf,D:\Downloads\iOrbit BROCHURE main (1).pdf,iOrbit BROCHURE main (1).pdf,iOrbit BROCHURE main (1).pdf,TempFiles,15-10-2023
3329,General,1697343798403.jpeg,D:\Downloads\1697343798403.jpeg,D:\Downloads\1697343798403.jpeg,1697343798403.jpeg,1697343798403.jpeg,TempFiles,16-10-2023
3330,General,roshnalenachntvc.pdf,D:\Downloads\roshnalenachntvc.pdf,D:\Downloads\roshnalenachntvc.pdf,roshnalenachntvc.pdf,roshnalenachntvc.pdf,TempFiles,16-10-2023
3331,General,roshnalenatvcchn.pdf,D:\Downloads\roshnalenatvcchn.pdf,D:\Downloads\roshnalenatvcchn.pdf,roshnalenatvcchn.pdf,roshnalenatvcchn.pdf,TempFiles,16-10-2023
3332,General,scfreen.bmp,D:\Downloads\scfreen.bmp,D:\Downloads\scfreen.bmp,scfreen.bmp,scfreen.bmp,TempFiles,16-10-2023
3333,General,IZEN brochure.pdf,D:\Downloads\IZEN brochure.pdf,D:\Downloads\IZEN brochure.pdf,IZEN brochure.pdf,IZEN brochure.pdf,TempFiles,16-10-2023
3334,General,Colorful Elegant Company Profile Presentation.pdf,D:\Downloads\Colorful Elegant Company Profile Presentation.pdf,D:\Downloads\Colorful Elegant Company Profile Presentation.pdf,Colorful Elegant Company Profile Presentation.pdf,Colorful Elegant Company Profile Presentation.pdf,TempFiles,16-10-2023
3335,General,DBX banner 2 Minutes.jpg,D:\Downloads\DBX banner 2 Minutes.jpg,D:\Downloads\DBX banner 2 Minutes.jpg,DBX banner 2 Minutes.jpg,DBX banner 2 Minutes.jpg,TempFiles,16-10-2023
3336,General,DBX Banner chat with documents.jpg,D:\Downloads\DBX Banner chat with documents.jpg,D:\Downloads\DBX Banner chat with documents.jpg,DBX Banner chat with documents.jpg,DBX Banner chat with documents.jpg,TempFiles,16-10-2023
3337,General,iOrbit BROCHURE (2).pdf,D:\Downloads\iOrbit BROCHURE (2).pdf,D:\Downloads\iOrbit BROCHURE (2).pdf,iOrbit BROCHURE (2).pdf,iOrbit BROCHURE (2).pdf,TempFiles,17-10-2023
3338,General,iOrbit BROCHURE (3).pdf,D:\Downloads\iOrbit BROCHURE (3).pdf,D:\Downloads\iOrbit BROCHURE (3).pdf,iOrbit BROCHURE (3).pdf,iOrbit BROCHURE (3).pdf,TempFiles,17-10-2023
3342,General,Screencast from 17-10-23 06_55_01 AM EDT.webm,D:\Downloads\Screencast from 17-10-23 06_55_01 AM EDT.webm,D:\Downloads\Screencast from 17-10-23 06_55_01 AM EDT.webm,Screencast from 17-10-23 06_55_01 AM EDT.webm,Screencast from 17-10-23 06_55_01 AM EDT.webm,TempFiles,17-10-2023
3343,General,DigitalBrainExSetup-23-09-2023 (3).msi,D:\Downloads\DigitalBrainExSetup-23-09-2023 (3).msi,D:\Downloads\DigitalBrainExSetup-23-09-2023 (3).msi,DigitalBrainExSetup-23-09-2023 (3).msi,DigitalBrainExSetup-23-09-2023 (3).msi,TempFiles,17-10-2023
3344,General,DigitalBrainExSetup-23-09-2023 (4).msi,D:\Downloads\DigitalBrainExSetup-23-09-2023 (4).msi,D:\Downloads\DigitalBrainExSetup-23-09-2023 (4).msi,DigitalBrainExSetup-23-09-2023 (4).msi,DigitalBrainExSetup-23-09-2023 (4).msi,TempFiles,17-10-2023
3345,General,CompanionApp.jpg,D:\Downloads\CompanionApp.jpg,D:\Downloads\CompanionApp.jpg,CompanionApp.jpg,CompanionApp.jpg,TempFiles,18-10-2023
3346,General,aadhar2 (3).jpg,D:\Downloads\aadhar2 (3).jpg,D:\Downloads\aadhar2 (3).jpg,aadhar2 (3).jpg,aadhar2 (3).jpg,TempFiles,18-10-2023
3347,General,aadhar (4).jpg,D:\Downloads\aadhar (4).jpg,D:\Downloads\aadhar (4).jpg,aadhar (4).jpg,aadhar (4).jpg,TempFiles,18-10-2023
3349,General,dbSibelPatch,D:\Downloads\dbSibelPatch,D:\Downloads\dbSibelPatch,dbSibelPatch,dbSibelPatch,TempFiles,18-10-2023
3350,General,DigitalBrainExSetup-23-09-2023 (5).msi,D:\Downloads\DigitalBrainExSetup-23-09-2023 (5).msi,D:\Downloads\DigitalBrainExSetup-23-09-2023 (5).msi,DigitalBrainExSetup-23-09-2023 (5).msi,DigitalBrainExSetup-23-09-2023 (5).msi,TempFiles,19-10-2023
3352,General,Screencast from 19-10-23 06_07_44 PM IST.webm,D:\Downloads\Screencast from 19-10-23 06_07_44 PM IST.webm,D:\Downloads\Screencast from 19-10-23 06_07_44 PM IST.webm,Screencast from 19-10-23 06_07_44 PM IST.webm,Screencast from 19-10-23 06_07_44 PM IST.webm,TempFiles,19-10-2023
3354,General,16666_1579232064_0_Payment_Receipt_0040642564.pdf,D:\Downloads\16666_1579232064_0_Payment_Receipt_0040642564.pdf,D:\Downloads\16666_1579232064_0_Payment_Receipt_0040642564.pdf,16666_1579232064_0_Payment_Receipt_0040642564.pdf,16666_1579232064_0_Payment_Receipt_0040642564.pdf,TempFiles,20-10-2023
3363,General,JD CTO - INDIAN.pdf,D:\Downloads\JD CTO - INDIAN.pdf,D:\Downloads\JD CTO - INDIAN.pdf,JD CTO - INDIAN.pdf,JD CTO - INDIAN.pdf,TempFiles,24-10-2023
3364,General,JD CTO - INDIAN (1).pdf,D:\Downloads\JD CTO - INDIAN (1).pdf,D:\Downloads\JD CTO - INDIAN (1).pdf,JD CTO - INDIAN (1).pdf,JD CTO - INDIAN (1).pdf,TempFiles,24-10-2023
3366,General,DigitalBrainExSetup-23-09-2023 (6).msi,D:\Downloads\DigitalBrainExSetup-23-09-2023 (6).msi,D:\Downloads\DigitalBrainExSetup-23-09-2023 (6).msi,DigitalBrainExSetup-23-09-2023 (6).msi,DigitalBrainExSetup-23-09-2023 (6).msi,TempFiles,26-10-2023
3367,General,donwnload.bmp,D:\Downloads\donwnload.bmp,D:\Downloads\donwnload.bmp,donwnload.bmp,donwnload.bmp,TempFiles,26-10-2023
3371,General,WhatsApp Image 2023-10-26 at 18.34.31_03ff6f63.jpg,D:\Downloads\WhatsApp Image 2023-10-26 at 18.34.31_03ff6f63.jpg,D:\Downloads\WhatsApp Image 2023-10-26 at 18.34.31_03ff6f63.jpg,WhatsApp Image 2023-10-26 at 18.34.31_03ff6f63.jpg,WhatsApp Image 2023-10-26 at 18.34.31_03ff6f63.jpg,TempFiles,26-10-2023
3373,General,github-iorbit-tech-receipt-2023-10-27.pdf,D:\Downloads\github-iorbit-tech-receipt-2023-10-27.pdf,D:\Downloads\github-iorbit-tech-receipt-2023-10-27.pdf,github-iorbit-tech-receipt-2023-10-27.pdf,github-iorbit-tech-receipt-2023-10-27.pdf,TempFiles,27-10-2023
3374,General,iOrbitDigitalTechnologies-AWL-CorpOverview-BM-1.8 (1).pptx,D:\Downloads\iOrbitDigitalTechnologies-AWL-CorpOverview-BM-1.8 (1).pptx,D:\Downloads\iOrbitDigitalTechnologies-AWL-CorpOverview-BM-1.8 (1).pptx,iOrbitDigitalTechnologies-AWL-CorpOverview-BM-1.8 (1).pptx,iOrbitDigitalTechnologies-AWL-CorpOverview-BM-1.8 (1).pptx,TempFiles,28-10-2023
3384,General,Luxisens_producer_RR_modularMatType.ino.ino,D:\Downloads\Luxisens_producer_RR_modularMatType.ino.ino,D:\Downloads\Luxisens_producer_RR_modularMatType.ino.ino,Luxisens_producer_RR_modularMatType.ino.ino,Luxisens_producer_RR_modularMatType.ino.ino,TempFiles,30-10-2023
3390,General,tarun oct 2023.pdf,D:\Downloads\tarun oct 2023.pdf,D:\Downloads\tarun oct 2023.pdf,tarun oct 2023.pdf,tarun oct 2023.pdf,TempFiles,31-10-2023
3391,General,Vijay oct 2023.pdf,D:\Downloads\Vijay oct 2023.pdf,D:\Downloads\Vijay oct 2023.pdf,Vijay oct 2023.pdf,Vijay oct 2023.pdf,TempFiles,31-10-2023
3395,General,20200413_194111.mp4,D:\Downloads\20200413_194111.mp4,D:\Downloads\20200413_194111.mp4,20200413_194111.mp4,20200413_194111.mp4,TempFiles,31-10-2023
3396,General,20200924_124648.mp4,D:\Downloads\20200924_124648.mp4,D:\Downloads\20200924_124648.mp4,20200924_124648.mp4,20200924_124648.mp4,TempFiles,31-10-2023
3397,General,20200413_195707.mp4,D:\Downloads\20200413_195707.mp4,D:\Downloads\20200413_195707.mp4,20200413_195707.mp4,20200413_195707.mp4,TempFiles,31-10-2023
3398,General,SpaceLabs - Sibel Patch Integration Status update - 31 Oct 2023.pptx,D:\Downloads\SpaceLabs - Sibel Patch Integration Status update - 31 Oct 2023.pptx,D:\Downloads\SpaceLabs - Sibel Patch Integration Status update - 31 Oct 2023.pptx,SpaceLabs - Sibel Patch Integration Status update - 31 Oct 2023.pptx,SpaceLabs - Sibel Patch Integration Status update - 31 Oct 2023.pptx,TempFiles,31-10-2023
3399,General,ADE012-I-Orbit-Invoice-29092023.pdf,D:\Downloads\ADE012-I-Orbit-Invoice-29092023.pdf,D:\Downloads\ADE012-I-Orbit-Invoice-29092023.pdf,ADE012-I-Orbit-Invoice-29092023.pdf,ADE012-I-Orbit-Invoice-29092023.pdf,TempFiles,31-10-2023
3401,General,Flier front.pdf,D:\Downloads\Flier front.pdf,D:\Downloads\Flier front.pdf,Flier front.pdf,Flier front.pdf,TempFiles,01-11-2023
3403,General,Screencast from 01-11-23 03_47_24 PM IST.webm,D:\Downloads\Screencast from 01-11-23 03_47_24 PM IST.webm,D:\Downloads\Screencast from 01-11-23 03_47_24 PM IST.webm,Screencast from 01-11-23 03_47_24 PM IST.webm,Screencast from 01-11-23 03_47_24 PM IST.webm,TempFiles,01-11-2023
3405,General,Demo  Meeting -2023-10-27-638339945838230452.rtf,D:\Downloads\Demo  Meeting -2023-10-27-638339945838230452.rtf,D:\Downloads\Demo  Meeting -2023-10-27-638339945838230452.rtf,Demo  Meeting -2023-10-27-638339945838230452.rtf,Demo  Meeting -2023-10-27-638339945838230452.rtf,TempFiles,02-11-2023
3406,General,Screencast from 02-11-23 03_13_04 PM IST.webm,D:\Downloads\Screencast from 02-11-23 03_13_04 PM IST.webm,D:\Downloads\Screencast from 02-11-23 03_13_04 PM IST.webm,Screencast from 02-11-23 03_13_04 PM IST.webm,Screencast from 02-11-23 03_13_04 PM IST.webm,TempFiles,02-11-2023
3418,General,PreSTAR_0-2.pdf,D:\Downloads\PreSTAR_0-2.pdf,D:\Downloads\PreSTAR_0-2.pdf,PreSTAR_0-2.pdf,PreSTAR_0-2.pdf,TempFiles,06-11-2023
3420,General,iOrbit Tri-Fold.pdf,D:\Downloads\iOrbit Tri-Fold.pdf,D:\Downloads\iOrbit Tri-Fold.pdf,iOrbit Tri-Fold.pdf,iOrbit Tri-Fold.pdf,TempFiles,06-11-2023
3421,General,InitiateSingleEntryPaymentSummary06-11-2023.pdf,D:\Downloads\InitiateSingleEntryPaymentSummary06-11-2023.pdf,D:\Downloads\InitiateSingleEntryPaymentSummary06-11-2023.pdf,InitiateSingleEntryPaymentSummary06-11-2023.pdf,InitiateSingleEntryPaymentSummary06-11-2023.pdf,TempFiles,06-11-2023
3433,General,Weekly Meeting -2023-10-10-638325631267553634.rtf,D:\Downloads\Weekly Meeting -2023-10-10-638325631267553634.rtf,D:\Downloads\Weekly Meeting -2023-10-10-638325631267553634.rtf,Weekly Meeting -2023-10-10-638325631267553634.rtf,Weekly Meeting -2023-10-10-638325631267553634.rtf,TempFiles,08-11-2023
3434,General,Confirmation_for_Booking_ID_#_1106286765.pdf,D:\Downloads\Confirmation_for_Booking_ID_#_1106286765.pdf,D:\Downloads\Confirmation_for_Booking_ID_#_1106286765.pdf,Confirmation_for_Booking_ID_#_1106286765.pdf,Confirmation_for_Booking_ID_#_1106286765.pdf,TempFiles,09-11-2023
3435,General,Confirmation_for_Booking_ID_#_1106286765 (1).pdf,D:\Downloads\Confirmation_for_Booking_ID_#_1106286765 (1).pdf,D:\Downloads\Confirmation_for_Booking_ID_#_1106286765 (1).pdf,Confirmation_for_Booking_ID_#_1106286765 (1).pdf,Confirmation_for_Booking_ID_#_1106286765 (1).pdf,TempFiles,09-11-2023
3437,General,iOrbit germany  Poster .jpg,D:\Downloads\iOrbit germany  Poster .jpg,D:\Downloads\iOrbit germany  Poster .jpg,iOrbit germany  Poster .jpg,iOrbit germany  Poster .jpg,TempFiles,10-11-2023
3438,General,WhatsApp Image 2023-11-10 at 10.52.44_80689f3a.jpg,D:\Downloads\WhatsApp Image 2023-11-10 at 10.52.44_80689f3a.jpg,D:\Downloads\WhatsApp Image 2023-11-10 at 10.52.44_80689f3a.jpg,WhatsApp Image 2023-11-10 at 10.52.44_80689f3a.jpg,WhatsApp Image 2023-11-10 at 10.52.44_80689f3a.jpg,TempFiles,10-11-2023
3442,General,InitiateSingleEntryPaymentSummary13-11-2023.pdf,D:\Downloads\InitiateSingleEntryPaymentSummary13-11-2023.pdf,D:\Downloads\InitiateSingleEntryPaymentSummary13-11-2023.pdf,InitiateSingleEntryPaymentSummary13-11-2023.pdf,InitiateSingleEntryPaymentSummary13-11-2023.pdf,TempFiles,13-11-2023
3444,General,BOOKING_INVOICE_M06AI24I13224678.pdf,D:\Downloads\BOOKING_INVOICE_M06AI24I13224678.pdf,D:\Downloads\BOOKING_INVOICE_M06AI24I13224678.pdf,BOOKING_INVOICE_M06AI24I13224678.pdf,BOOKING_INVOICE_M06AI24I13224678.pdf,TempFiles,13-11-2023
3445,General,BOOKING_INVOICE_M06AI24I13446810.pdf,D:\Downloads\BOOKING_INVOICE_M06AI24I13446810.pdf,D:\Downloads\BOOKING_INVOICE_M06AI24I13446810.pdf,BOOKING_INVOICE_M06AI24I13446810.pdf,BOOKING_INVOICE_M06AI24I13446810.pdf,TempFiles,13-11-2023
3446,General,Trips_Cab_DownloadETicket.pdf,D:\Downloads\Trips_Cab_DownloadETicket.pdf,D:\Downloads\Trips_Cab_DownloadETicket.pdf,Trips_Cab_DownloadETicket.pdf,Trips_Cab_DownloadETicket.pdf,TempFiles,13-11-2023
3447,General,GH22202205179608_Trips_Hotel_Invoice.pdf,D:\Downloads\GH22202205179608_Trips_Hotel_Invoice.pdf,D:\Downloads\GH22202205179608_Trips_Hotel_Invoice.pdf,GH22202205179608_Trips_Hotel_Invoice.pdf,GH22202205179608_Trips_Hotel_Invoice.pdf,TempFiles,13-11-2023
3448,General,WhatsApp Image 2023-11-13 at 15.46.07_ba538268.jpg,D:\Downloads\WhatsApp Image 2023-11-13 at 15.46.07_ba538268.jpg,D:\Downloads\WhatsApp Image 2023-11-13 at 15.46.07_ba538268.jpg,WhatsApp Image 2023-11-13 at 15.46.07_ba538268.jpg,WhatsApp Image 2023-11-13 at 15.46.07_ba538268.jpg,TempFiles,13-11-2023
3449,General,WhatsApp Image 2023-11-13 at 15.49.06_ebaca506.jpg,D:\Downloads\WhatsApp Image 2023-11-13 at 15.49.06_ebaca506.jpg,D:\Downloads\WhatsApp Image 2023-11-13 at 15.49.06_ebaca506.jpg,WhatsApp Image 2023-11-13 at 15.49.06_ebaca506.jpg,WhatsApp Image 2023-11-13 at 15.49.06_ebaca506.jpg,TempFiles,13-11-2023
3450,General,WhatsApp Image 2023-11-13 at 15.50.30_f6b87a47.jpg,D:\Downloads\WhatsApp Image 2023-11-13 at 15.50.30_f6b87a47.jpg,D:\Downloads\WhatsApp Image 2023-11-13 at 15.50.30_f6b87a47.jpg,WhatsApp Image 2023-11-13 at 15.50.30_f6b87a47.jpg,WhatsApp Image 2023-11-13 at 15.50.30_f6b87a47.jpg,TempFiles,13-11-2023
3451,General,WhatsApp Image 2023-11-13 at 15.46.07_8ac6eaab.jpg,D:\Downloads\WhatsApp Image 2023-11-13 at 15.46.07_8ac6eaab.jpg,D:\Downloads\WhatsApp Image 2023-11-13 at 15.46.07_8ac6eaab.jpg,WhatsApp Image 2023-11-13 at 15.46.07_8ac6eaab.jpg,WhatsApp Image 2023-11-13 at 15.46.07_8ac6eaab.jpg,TempFiles,13-11-2023
3452,General,WhatsApp Image 2023-11-13 at 16.02.23_03fa25cd.jpg,D:\Downloads\WhatsApp Image 2023-11-13 at 16.02.23_03fa25cd.jpg,D:\Downloads\WhatsApp Image 2023-11-13 at 16.02.23_03fa25cd.jpg,WhatsApp Image 2023-11-13 at 16.02.23_03fa25cd.jpg,WhatsApp Image 2023-11-13 at 16.02.23_03fa25cd.jpg,TempFiles,13-11-2023
3453,General,WhatsApp Image 2023-11-13 at 16.02.23_03fa25cd - Copy.jpg,D:\Downloads\WhatsApp Image 2023-11-13 at 16.02.23_03fa25cd - Copy.jpg,D:\Downloads\WhatsApp Image 2023-11-13 at 16.02.23_03fa25cd - Copy.jpg,WhatsApp Image 2023-11-13 at 16.02.23_03fa25cd - Copy.jpg,WhatsApp Image 2023-11-13 at 16.02.23_03fa25cd - Copy.jpg,TempFiles,13-11-2023
3454,General,GH22202205179608_Trips_Hotel_Invoice - Copy.pdf,D:\Downloads\GH22202205179608_Trips_Hotel_Invoice - Copy.pdf,D:\Downloads\GH22202205179608_Trips_Hotel_Invoice - Copy.pdf,GH22202205179608_Trips_Hotel_Invoice - Copy.pdf,GH22202205179608_Trips_Hotel_Invoice - Copy.pdf,TempFiles,13-11-2023
3456,General,PreSTAR_0-2-1_update 9 Nov 2023 - rev 3.pdf,D:\Downloads\PreSTAR_0-2-1_update 9 Nov 2023 - rev 3.pdf,D:\Downloads\PreSTAR_0-2-1_update 9 Nov 2023 - rev 3.pdf,PreSTAR_0-2-1_update 9 Nov 2023 - rev 3.pdf,PreSTAR_0-2-1_update 9 Nov 2023 - rev 3.pdf,TempFiles,13-11-2023
3458,General,WhatsApp Image 2023-11-13 at 17.28.05_751b5367.jpg,D:\Downloads\WhatsApp Image 2023-11-13 at 17.28.05_751b5367.jpg,D:\Downloads\WhatsApp Image 2023-11-13 at 17.28.05_751b5367.jpg,WhatsApp Image 2023-11-13 at 17.28.05_751b5367.jpg,WhatsApp Image 2023-11-13 at 17.28.05_751b5367.jpg,TempFiles,13-11-2023
3460,General,1_5_Product catalog.pdf,D:\Downloads\1_5_Product catalog.pdf,D:\Downloads\1_5_Product catalog.pdf,1_5_Product catalog.pdf,1_5_Product catalog.pdf,TempFiles,14-11-2023
3463,General,python-3.12.0-amd64.exe,D:\Downloads\python-3.12.0-amd64.exe,D:\Downloads\python-3.12.0-amd64.exe,python-3.12.0-amd64.exe,python-3.12.0-amd64.exe,TempFiles,14-11-2023
3465,General,Demo  Meeting -2023-10-27-638339945838230452 (1).rtf,D:\Downloads\Demo  Meeting -2023-10-27-638339945838230452 (1).rtf,D:\Downloads\Demo  Meeting -2023-10-27-638339945838230452 (1).rtf,Demo  Meeting -2023-10-27-638339945838230452 (1).rtf,Demo  Meeting -2023-10-27-638339945838230452 (1).rtf,TempFiles,15-11-2023
3469,General,BMPMS_code_V3.zip,D:\Downloads\BMPMS_code_V3.zip,D:\Downloads\BMPMS_code_V3.zip,BMPMS_code_V3.zip,BMPMS_code_V3.zip,TempFiles,15-11-2023
3470,General,NEERS_HDX_Discussion_Schedule.xlsx,D:\Downloads\NEERS_HDX_Discussion_Schedule.xlsx,D:\Downloads\NEERS_HDX_Discussion_Schedule.xlsx,NEERS_HDX_Discussion_Schedule.xlsx,NEERS_HDX_Discussion_Schedule.xlsx,TempFiles,15-11-2023
3471,General,NEERS_HDX_Discussion_Schedule - DAY-1.pdf,D:\Downloads\NEERS_HDX_Discussion_Schedule - DAY-1.pdf,D:\Downloads\NEERS_HDX_Discussion_Schedule - DAY-1.pdf,NEERS_HDX_Discussion_Schedule - DAY-1.pdf,NEERS_HDX_Discussion_Schedule - DAY-1.pdf,TempFiles,15-11-2023
3472,General,Image_PDF_1700045864279.pdf,D:\Downloads\Image_PDF_1700045864279.pdf,D:\Downloads\Image_PDF_1700045864279.pdf,Image_PDF_1700045864279.pdf,Image_PDF_1700045864279.pdf,TempFiles,15-11-2023
3474,General,screencast-from-16-11-23-122922-pm-ist.webm,D:\Downloads\screencast-from-16-11-23-122922-pm-ist.webm,D:\Downloads\screencast-from-16-11-23-122922-pm-ist.webm,screencast-from-16-11-23-122922-pm-ist.webm,screencast-from-16-11-23-122922-pm-ist.webm,TempFiles,16-11-2023
3476,General,3dp_NEEER ID(P2) (1).pdf,D:\Downloads\3dp_NEEER ID(P2) (1).pdf,D:\Downloads\3dp_NEEER ID(P2) (1).pdf,3dp_NEEER ID(P2) (1).pdf,3dp_NEEER ID(P2) (1).pdf,TempFiles,17-11-2023
3477,General,NEERS_HDX_Discussion_Schedule (1).xlsx,D:\Downloads\NEERS_HDX_Discussion_Schedule (1).xlsx,D:\Downloads\NEERS_HDX_Discussion_Schedule (1).xlsx,NEERS_HDX_Discussion_Schedule (1).xlsx,NEERS_HDX_Discussion_Schedule (1).xlsx,TempFiles,17-11-2023
3478,General,NEERS_HDX_Discussion_Schedule (1) (1).xlsx,D:\Downloads\NEERS_HDX_Discussion_Schedule (1) (1).xlsx,D:\Downloads\NEERS_HDX_Discussion_Schedule (1) (1).xlsx,NEERS_HDX_Discussion_Schedule (1) (1).xlsx,NEERS_HDX_Discussion_Schedule (1) (1).xlsx,TempFiles,17-11-2023
3479,General,Movie Threshold Electrotonus.pptx,D:\Downloads\Movie Threshold Electrotonus.pptx,D:\Downloads\Movie Threshold Electrotonus.pptx,Movie Threshold Electrotonus.pptx,Movie Threshold Electrotonus.pptx,TempFiles,17-11-2023
3480,General,sns.mp4,D:\Downloads\sns.mp4,D:\Downloads\sns.mp4,sns.mp4,sns.mp4,TempFiles,17-11-2023
3483,General,OpTransactionHistory18-11-2023.pdf,D:\Downloads\OpTransactionHistory18-11-2023.pdf,D:\Downloads\OpTransactionHistory18-11-2023.pdf,OpTransactionHistory18-11-2023.pdf,OpTransactionHistory18-11-2023.pdf,TempFiles,18-11-2023
3497,General,Screencast from 17-11-23 01_31_07 AM EST.webm,D:\Downloads\Screencast from 17-11-23 01_31_07 AM EST.webm,D:\Downloads\Screencast from 17-11-23 01_31_07 AM EST.webm,Screencast from 17-11-23 01_31_07 AM EST.webm,Screencast from 17-11-23 01_31_07 AM EST.webm,TempFiles,20-11-2023
3498,General,Screencast from 17-11-23 01_56_34 AM EST.webm,D:\Downloads\Screencast from 17-11-23 01_56_34 AM EST.webm,D:\Downloads\Screencast from 17-11-23 01_56_34 AM EST.webm,Screencast from 17-11-23 01_56_34 AM EST.webm,Screencast from 17-11-23 01_56_34 AM EST.webm,TempFiles,20-11-2023
3501,General,ThresholdElectrotonusProtocol.cs,D:\Downloads\ThresholdElectrotonusProtocol.cs,D:\Downloads\ThresholdElectrotonusProtocol.cs,ThresholdElectrotonusProtocol.cs,ThresholdElectrotonusProtocol.cs,TempFiles,20-11-2023
3508,General,CE certification of iBSM v0.2-SoW.docx,D:\Downloads\CE certification of iBSM v0.2-SoW.docx,D:\Downloads\CE certification of iBSM v0.2-SoW.docx,CE certification of iBSM v0.2-SoW.docx,CE certification of iBSM v0.2-SoW.docx,TempFiles,22-11-2023
3510,General,2023-11-22T011827.xlsx,D:\Downloads\2023-11-22T011827.xlsx,D:\Downloads\2023-11-22T011827.xlsx,2023-11-22T011827.xlsx,2023-11-22T011827.xlsx,TempFiles,22-11-2023
3514,General,flutter_windows_3.16.0-stable.zip,D:\Downloads\flutter_windows_3.16.0-stable.zip,D:\Downloads\flutter_windows_3.16.0-stable.zip,flutter_windows_3.16.0-stable.zip,flutter_windows_3.16.0-stable.zip,TempFiles,24-11-2023
3515,General,Screencast from 24-11-23 11_16_15 AM IST.webm,D:\Downloads\Screencast from 24-11-23 11_16_15 AM IST.webm,D:\Downloads\Screencast from 24-11-23 11_16_15 AM IST.webm,Screencast from 24-11-23 11_16_15 AM IST.webm,Screencast from 24-11-23 11_16_15 AM IST.webm,TempFiles,24-11-2023
3516,General,Screencast from 24-11-23 11_35_49 AM IST.webm,D:\Downloads\Screencast from 24-11-23 11_35_49 AM IST.webm,D:\Downloads\Screencast from 24-11-23 11_35_49 AM IST.webm,Screencast from 24-11-23 11_35_49 AM IST.webm,Screencast from 24-11-23 11_35_49 AM IST.webm,TempFiles,24-11-2023
3525,General,MDM_Requirements_for_iBSM.docx,D:\Downloads\MDM_Requirements_for_iBSM.docx,D:\Downloads\MDM_Requirements_for_iBSM.docx,MDM_Requirements_for_iBSM.docx,MDM_Requirements_for_iBSM.docx,TempFiles,27-11-2023
3526,General,MDM_Procurement_Requirements_for_iBSM.docx,D:\Downloads\MDM_Procurement_Requirements_for_iBSM.docx,D:\Downloads\MDM_Procurement_Requirements_for_iBSM.docx,MDM_Procurement_Requirements_for_iBSM.docx,MDM_Procurement_Requirements_for_iBSM.docx,TempFiles,27-11-2023
3527,General,MDM_Procurement_Requirements_for_iBSM_Final.docx,D:\Downloads\MDM_Procurement_Requirements_for_iBSM_Final.docx,D:\Downloads\MDM_Procurement_Requirements_for_iBSM_Final.docx,MDM_Procurement_Requirements_for_iBSM_Final.docx,MDM_Procurement_Requirements_for_iBSM_Final.docx,TempFiles,27-11-2023
3528,General,MDM_Procurement_Requirements_for_iBSM_Specified.docx,D:\Downloads\MDM_Procurement_Requirements_for_iBSM_Specified.docx,D:\Downloads\MDM_Procurement_Requirements_for_iBSM_Specified.docx,MDM_Procurement_Requirements_for_iBSM_Specified.docx,MDM_Procurement_Requirements_for_iBSM_Specified.docx,TempFiles,27-11-2023
3541,General,OpTransactionHistory27-11-2023.xls,D:\Downloads\OpTransactionHistory27-11-2023.xls,D:\Downloads\OpTransactionHistory27-11-2023.xls,OpTransactionHistory27-11-2023.xls,OpTransactionHistory27-11-2023.xls,TempFiles,27-11-2023
3544,BMPM,invoice Ecg Modules for BMPM.bmp,D:\Downloads\invoice Ecg Modules for BMPM.bmp,D:\Downloads\invoice Ecg Modules for BMPM.bmp,invoice Ecg Modules for BMPM.bmp,invoice Ecg Modules for BMPM.bmp,TempFiles,28-11-2023
3566,General,jdk-21_windows-x64_bin.exe,D:\Downloads\jdk-21_windows-x64_bin.exe,D:\Downloads\jdk-21_windows-x64_bin.exe,jdk-21_windows-x64_bin.exe,jdk-21_windows-x64_bin.exe,TempFiles,30-11-2023
3573,General,Pedestal_Fan.jpeg,D:\Downloads\Pedestal_Fan.jpeg,D:\Downloads\Pedestal_Fan.jpeg,Pedestal_Fan.jpeg,Pedestal_Fan.jpeg,TempFiles,01-12-2023
3574,General,Toilet_Kitchen_accessories.jpeg,D:\Downloads\Toilet_Kitchen_accessories.jpeg,D:\Downloads\Toilet_Kitchen_accessories.jpeg,Toilet_Kitchen_accessories.jpeg,Toilet_Kitchen_accessories.jpeg,TempFiles,01-12-2023
3576,General,Screencast from 01-12-23 05_34_01 PM IST.webm,D:\Downloads\Screencast from 01-12-23 05_34_01 PM IST.webm,D:\Downloads\Screencast from 01-12-23 05_34_01 PM IST.webm,Screencast from 01-12-23 05_34_01 PM IST.webm,Screencast from 01-12-23 05_34_01 PM IST.webm,TempFiles,01-12-2023
3592,General,Screencast from 05-12-23 09_36_15 AM IST.webm,D:\Downloads\Screencast from 05-12-23 09_36_15 AM IST.webm,D:\Downloads\Screencast from 05-12-23 09_36_15 AM IST.webm,Screencast from 05-12-23 09_36_15 AM IST.webm,Screencast from 05-12-23 09_36_15 AM IST.webm,TempFiles,05-12-2023
3631,General,upload_doc.zip,D:\Downloads\upload_doc.zip,D:\Downloads\upload_doc.zip,upload_doc.zip,upload_doc.zip,TempFiles,07-12-2023
3641,General,Untitled.svg,D:\Downloads\Untitled.svg,D:\Downloads\Untitled.svg,Untitled.svg,Untitled.svg,TempFiles,08-12-2023
3665,General,Lunatask-Setup-1.7.9.exe,D:\Downloads\Lunatask-Setup-1.7.9.exe,D:\Downloads\Lunatask-Setup-1.7.9.exe,Lunatask-Setup-1.7.9.exe,Lunatask-Setup-1.7.9.exe,TempFiles,11-12-2023
3670,General,iOrbit logo.bmp,D:\Downloads\iOrbit logo.bmp,D:\Downloads\iOrbit logo.bmp,iOrbit logo.bmp,iOrbit logo.bmp,TempFiles,12-12-2023
3671,General,iedxEIMController.cpp,D:\Downloads\iedxEIMController.cpp,D:\Downloads\iedxEIMController.cpp,iedxEIMController.cpp,iedxEIMController.cpp,TempFiles,12-12-2023
3676,General,ProtoCentral_MAX30001-1.1.0.zip,D:\Downloads\ProtoCentral_MAX30001-1.1.0.zip,D:\Downloads\ProtoCentral_MAX30001-1.1.0.zip,ProtoCentral_MAX30001-1.1.0.zip,ProtoCentral_MAX30001-1.1.0.zip,TempFiles,12-12-2023
3677,General,upload_doc (2).zip,D:\Downloads\upload_doc (2).zip,D:\Downloads\upload_doc (2).zip,upload_doc (2).zip,upload_doc (2).zip,TempFiles,13-12-2023
3718,General,FamilyDocsApp-main.zip,D:\Downloads\FamilyDocsApp-main.zip,D:\Downloads\FamilyDocsApp-main.zip,FamilyDocsApp-main.zip,FamilyDocsApp-main.zip,TempFiles,19-12-2023
3719,General,bipin.bmp,D:\Downloads\bipin.bmp,D:\Downloads\bipin.bmp,bipin.bmp,bipin.bmp,TempFiles,20-12-2023
3721,General,Screencast from 20-12-23 12_49_18 PM IST.webm,D:\Downloads\Screencast from 20-12-23 12_49_18 PM IST.webm,D:\Downloads\Screencast from 20-12-23 12_49_18 PM IST.webm,Screencast from 20-12-23 12_49_18 PM IST.webm,Screencast from 20-12-23 12_49_18 PM IST.webm,TempFiles,20-12-2023
3722,General,ChatGPT - Code Review.mhtml,D:\Downloads\ChatGPT - Code Review.mhtml,D:\Downloads\ChatGPT - Code Review.mhtml,ChatGPT - Code Review.mhtml,ChatGPT - Code Review.mhtml,TempFiles,20-12-2023
3723,General,Kotlin Code Review & Suggestions.mhtml,D:\Downloads\Kotlin Code Review & Suggestions.mhtml,D:\Downloads\Kotlin Code Review & Suggestions.mhtml,Kotlin Code Review & Suggestions.mhtml,Kotlin Code Review & Suggestions.mhtml,TempFiles,20-12-2023
3730,General,IO-NEERS-MOM-001.docx,D:\Downloads\IO-NEERS-MOM-001.docx,D:\Downloads\IO-NEERS-MOM-001.docx,IO-NEERS-MOM-001.docx,IO-NEERS-MOM-001.docx,TempFiles,21-12-2023
3735,General,ChatGPT - MyCodeModifier.mhtml,D:\Downloads\ChatGPT - MyCodeModifier.mhtml,D:\Downloads\ChatGPT - MyCodeModifier.mhtml,ChatGPT - MyCodeModifier.mhtml,ChatGPT - MyCodeModifier.mhtml,TempFiles,21-12-2023
3745,General,IOT_Smart_Building[1][1].docx,D:\Downloads\IOT_Smart_Building[1][1].docx,D:\Downloads\IOT_Smart_Building[1][1].docx,IOT_Smart_Building[1][1].docx,IOT_Smart_Building[1][1].docx,TempFiles,25-12-2023
3757,General,FamilyDocsApp-main-27 dec.zip,D:\Downloads\FamilyDocsApp-main-27 dec.zip,D:\Downloads\FamilyDocsApp-main-27 dec.zip,FamilyDocsApp-main-27 dec.zip,FamilyDocsApp-main-27 dec.zip,TempFiles,28-12-2023
3759,General,LM+Studio-0.2.10+Setup.exe,D:\Downloads\LM+Studio-0.2.10+Setup.exe,D:\Downloads\LM+Studio-0.2.10+Setup.exe,LM+Studio-0.2.10+Setup.exe,LM+Studio-0.2.10+Setup.exe,TempFiles,28-12-2023
3763,General,Screencast from 29-12-23 03_40_13 PM IST.webm,D:\Downloads\Screencast from 29-12-23 03_40_13 PM IST.webm,D:\Downloads\Screencast from 29-12-23 03_40_13 PM IST.webm,Screencast from 29-12-23 03_40_13 PM IST.webm,Screencast from 29-12-23 03_40_13 PM IST.webm,TempFiles,29-12-2023
3764,General,Screencast from 29-12-23 04_15_58 PM IST.webm,D:\Downloads\Screencast from 29-12-23 04_15_58 PM IST.webm,D:\Downloads\Screencast from 29-12-23 04_15_58 PM IST.webm,Screencast from 29-12-23 04_15_58 PM IST.webm,Screencast from 29-12-23 04_15_58 PM IST.webm,TempFiles,29-12-2023
3766,General,phi2.bmp,D:\Downloads\phi2.bmp,D:\Downloads\phi2.bmp,phi2.bmp,phi2.bmp,TempFiles,30-12-2023
3771,General,IO-NEERS-MOM-001 (1).docx,D:\Downloads\IO-NEERS-MOM-001 (1).docx,D:\Downloads\IO-NEERS-MOM-001 (1).docx,IO-NEERS-MOM-001 (1).docx,IO-NEERS-MOM-001 (1).docx,TempFiles,01-01-2024
3772,General,IO-NEERS-MOM-001 (2).docx,D:\Downloads\IO-NEERS-MOM-001 (2).docx,D:\Downloads\IO-NEERS-MOM-001 (2).docx,IO-NEERS-MOM-001 (2).docx,IO-NEERS-MOM-001 (2).docx,TempFiles,01-01-2024
3775,General,google-services.json,D:\Downloads\google-services.json,D:\Downloads\google-services.json,google-services.json,google-services.json,TempFiles,01-01-2024
3776,General,google-services (1).json,D:\Downloads\google-services (1).json,D:\Downloads\google-services (1).json,google-services (1).json,google-services (1).json,TempFiles,01-01-2024
3777,General,google-services (2).json,D:\Downloads\google-services (2).json,D:\Downloads\google-services (2).json,google-services (2).json,google-services (2).json,TempFiles,01-01-2024
3778,General,google-services (3).json,D:\Downloads\google-services (3).json,D:\Downloads\google-services (3).json,google-services (3).json,google-services (3).json,TempFiles,01-01-2024
3794,General,IO-NEERS-MOM-001 (1).docx.pdf,D:\Downloads\IO-NEERS-MOM-001 (1).docx.pdf,D:\Downloads\IO-NEERS-MOM-001 (1).docx.pdf,IO-NEERS-MOM-001 (1).docx.pdf,IO-NEERS-MOM-001 (1).docx.pdf,TempFiles,02-01-2024
3795,General,IO-NEERS-MOM-001-V2.docx,D:\Downloads\IO-NEERS-MOM-001-V2.docx,D:\Downloads\IO-NEERS-MOM-001-V2.docx,IO-NEERS-MOM-001-V2.docx,IO-NEERS-MOM-001-V2.docx,TempFiles,02-01-2024
3796,General,IO-NEERS-MOM-001-V2 (1).docx,D:\Downloads\IO-NEERS-MOM-001-V2 (1).docx,D:\Downloads\IO-NEERS-MOM-001-V2 (1).docx,IO-NEERS-MOM-001-V2 (1).docx,IO-NEERS-MOM-001-V2 (1).docx,TempFiles,02-01-2024
3799,General,innosetup-6.2.2.exe,D:\Downloads\innosetup-6.2.2.exe,D:\Downloads\innosetup-6.2.2.exe,innosetup-6.2.2.exe,innosetup-6.2.2.exe,TempFiles,03-01-2024
3804,General,Untitled (1).svg,D:\Downloads\Untitled (1).svg,D:\Downloads\Untitled (1).svg,Untitled (1).svg,Untitled (1).svg,TempFiles,04-01-2024
3838,General,Trendgrap_class.kt,D:\Downloads\Trendgrap_class.kt,D:\Downloads\Trendgrap_class.kt,Trendgrap_class.kt,Trendgrap_class.kt,TempFiles,09-01-2024
3845,General,20240107_085235_1704858935172.fmly,D:\Downloads\20240107_085235_1704858935172.fmly,D:\Downloads\20240107_085235_1704858935172.fmly,20240107_085235_1704858935172.fmly,20240107_085235_1704858935172.fmly,TempFiles,10-01-2024
3852,General,BMPMS DEMO.mp4,D:\Downloads\BMPMS DEMO.mp4,D:\Downloads\BMPMS DEMO.mp4,BMPMS DEMO.mp4,BMPMS DEMO.mp4,TempFiles,10-01-2024
3853,General,BMPMS Demo Jan 10.mp4,D:\Downloads\BMPMS Demo Jan 10.mp4,D:\Downloads\BMPMS Demo Jan 10.mp4,BMPMS Demo Jan 10.mp4,BMPMS Demo Jan 10.mp4,TempFiles,10-01-2024
3854,General,20240107_085235_1704858935172 (1).fmly,D:\Downloads\20240107_085235_1704858935172 (1).fmly,D:\Downloads\20240107_085235_1704858935172 (1).fmly,20240107_085235_1704858935172 (1).fmly,20240107_085235_1704858935172 (1).fmly,TempFiles,10-01-2024
3858,General,soji_resume.docx,D:\Downloads\soji_resume.docx,D:\Downloads\soji_resume.docx,soji_resume.docx,soji_resume.docx,TempFiles,15-01-2024
3862,General,MainActivity.java,D:\Downloads\MainActivity.java,D:\Downloads\MainActivity.java,MainActivity.java,MainActivity.java,TempFiles,15-01-2024
3865,General,jdk-8u381-windows-x64.exe,D:\Downloads\jdk-8u381-windows-x64.exe,D:\Downloads\jdk-8u381-windows-x64.exe,jdk-8u381-windows-x64.exe,jdk-8u381-windows-x64.exe,TempFiles,16-01-2024
3866,General,jdk-11.0.20_windows-x64_bin.exe,D:\Downloads\jdk-11.0.20_windows-x64_bin.exe,D:\Downloads\jdk-11.0.20_windows-x64_bin.exe,jdk-11.0.20_windows-x64_bin.exe,jdk-11.0.20_windows-x64_bin.exe,TempFiles,16-01-2024
3867,General,client_secret_312451620388-6blo68s89ho5f6edr6b8bbmlkd30j01c.apps.googleusercontent.com.json,D:\Downloads\client_secret_312451620388-6blo68s89ho5f6edr6b8bbmlkd30j01c.apps.googleusercontent.com.json,D:\Downloads\client_secret_312451620388-6blo68s89ho5f6edr6b8bbmlkd30j01c.apps.googleusercontent.com.json,client_secret_312451620388-6blo68s89ho5f6edr6b8bbmlkd30j01c.apps.googleusercontent.com.json,client_secret_312451620388-6blo68s89ho5f6edr6b8bbmlkd30j01c.apps.googleusercontent.com.json,TempFiles,16-01-2024
3868,General,client_secret_312451620388-6blo68s89ho5f6edr6b8bbmlkd30j01c.apps.googleusercontent.com (1).json,D:\Downloads\client_secret_312451620388-6blo68s89ho5f6edr6b8bbmlkd30j01c.apps.googleusercontent.com (1).json,D:\Downloads\client_secret_312451620388-6blo68s89ho5f6edr6b8bbmlkd30j01c.apps.googleusercontent.com (1).json,client_secret_312451620388-6blo68s89ho5f6edr6b8bbmlkd30j01c.apps.googleusercontent.com (1).json,client_secret_312451620388-6blo68s89ho5f6edr6b8bbmlkd30j01c.apps.googleusercontent.com (1).json,TempFiles,16-01-2024
3869,General,google-services (5).json,D:\Downloads\google-services (5).json,D:\Downloads\google-services (5).json,google-services (5).json,google-services (5).json,TempFiles,16-01-2024
3870,General,soji  CV.docx,D:\Downloads\soji  CV.docx,D:\Downloads\soji  CV.docx,soji  CV.docx,soji  CV.docx,TempFiles,16-01-2024
3871,General,Reformatted_Soji_John_Resume.docx,D:\Downloads\Reformatted_Soji_John_Resume.docx,D:\Downloads\Reformatted_Soji_John_Resume.docx,Reformatted_Soji_John_Resume.docx,Reformatted_Soji_John_Resume.docx,TempFiles,16-01-2024
3872,General,Reformatted_Soji_John_Resume (1).docx,D:\Downloads\Reformatted_Soji_John_Resume (1).docx,D:\Downloads\Reformatted_Soji_John_Resume (1).docx,Reformatted_Soji_John_Resume (1).docx,Reformatted_Soji_John_Resume (1).docx,TempFiles,16-01-2024
3880,General,Soji_John_-_Software_Developer.docx,D:\Downloads\Soji_John_-_Software_Developer.docx,D:\Downloads\Soji_John_-_Software_Developer.docx,Soji_John_-_Software_Developer.docx,Soji_John_-_Software_Developer.docx,TempFiles,16-01-2024
3884,General,Default.rdp,C:\Users\user\Documents\Default.rdp,C:\Users\user\Documents\Default.rdp,Default.rdp,Default.rdp,TempFiles,18-01-2024
3885,General,scr.bmp,D:\Downloads\scr.bmp,D:\Downloads\scr.bmp,scr.bmp,scr.bmp,TempFiles,19-01-2024
3891,General,OpTransactionHistory22-01-2024.xls,D:\Downloads\OpTransactionHistory22-01-2024.xls,D:\Downloads\OpTransactionHistory22-01-2024.xls,OpTransactionHistory22-01-2024.xls,OpTransactionHistory22-01-2024.xls,TempFiles,22-01-2024
3892,General,OpTransactionHistory22-01-2024 (1).xls,D:\Downloads\OpTransactionHistory22-01-2024 (1).xls,D:\Downloads\OpTransactionHistory22-01-2024 (1).xls,OpTransactionHistory22-01-2024 (1).xls,OpTransactionHistory22-01-2024 (1).xls,TempFiles,22-01-2024
3893,General,Server_Based_Security_System_Requirement_Document.docx,D:\Downloads\Server_Based_Security_System_Requirement_Document.docx,D:\Downloads\Server_Based_Security_System_Requirement_Document.docx,Server_Based_Security_System_Requirement_Document.docx,Server_Based_Security_System_Requirement_Document.docx,TempFiles,23-01-2024
3899,General,Screencast from 24-01-24 04_09_05 PM IST.webm,D:\Downloads\Screencast from 24-01-24 04_09_05 PM IST.webm,D:\Downloads\Screencast from 24-01-24 04_09_05 PM IST.webm,Screencast from 24-01-24 04_09_05 PM IST.webm,Screencast from 24-01-24 04_09_05 PM IST.webm,TempFiles,24-01-2024
3900,General,BMPMS WAVES1.mp4,D:\Downloads\BMPMS WAVES1.mp4,D:\Downloads\BMPMS WAVES1.mp4,BMPMS WAVES1.mp4,BMPMS WAVES1.mp4,TempFiles,24-01-2024
3902,General,arrow.bmp,D:\Downloads\arrow.bmp,D:\Downloads\arrow.bmp,arrow.bmp,arrow.bmp,TempFiles,24-01-2024
3905,General,LUXISENS_1.0.zip,D:\Downloads\LUXISENS_1.0.zip,D:\Downloads\LUXISENS_1.0.zip,LUXISENS_1.0.zip,LUXISENS_1.0.zip,TempFiles,25-01-2024
3906,General,LUXISENS_1.0 (1).zip,D:\Downloads\LUXISENS_1.0 (1).zip,D:\Downloads\LUXISENS_1.0 (1).zip,LUXISENS_1.0 (1).zip,LUXISENS_1.0 (1).zip,TempFiles,25-01-2024
3907,General,google-services (4).json,D:\Downloads\google-services (4).json,D:\Downloads\google-services (4).json,google-services (4).json,google-services (4).json,TempFiles,27-01-2024
3908,General,client_secret_312451620388-6blo68s89ho5f6edr6b8bbmlkd30j01c.apps.googleusercontent.com (2).json,D:\Downloads\client_secret_312451620388-6blo68s89ho5f6edr6b8bbmlkd30j01c.apps.googleusercontent.com (2).json,D:\Downloads\client_secret_312451620388-6blo68s89ho5f6edr6b8bbmlkd30j01c.apps.googleusercontent.com (2).json,client_secret_312451620388-6blo68s89ho5f6edr6b8bbmlkd30j01c.apps.googleusercontent.com (2).json,client_secret_312451620388-6blo68s89ho5f6edr6b8bbmlkd30j01c.apps.googleusercontent.com (2).json,TempFiles,27-01-2024
3909,General,client_secret_312451620388-6blo68s89ho5f6edr6b8bbmlkd30j01c.apps.googleusercontent.com (3).json,D:\Downloads\client_secret_312451620388-6blo68s89ho5f6edr6b8bbmlkd30j01c.apps.googleusercontent.com (3).json,D:\Downloads\client_secret_312451620388-6blo68s89ho5f6edr6b8bbmlkd30j01c.apps.googleusercontent.com (3).json,client_secret_312451620388-6blo68s89ho5f6edr6b8bbmlkd30j01c.apps.googleusercontent.com (3).json,client_secret_312451620388-6blo68s89ho5f6edr6b8bbmlkd30j01c.apps.googleusercontent.com (3).json,TempFiles,27-01-2024
3910,General,google-services (6).json,D:\Downloads\google-services (6).json,D:\Downloads\google-services (6).json,google-services (6).json,google-services (6).json,TempFiles,27-01-2024
3912,General,google-services (7).json,D:\Downloads\google-services (7).json,D:\Downloads\google-services (7).json,google-services (7).json,google-services (7).json,TempFiles,27-01-2024
3913,General,firebase-tools-instant-win.exe,D:\Downloads\firebase-tools-instant-win.exe,D:\Downloads\firebase-tools-instant-win.exe,firebase-tools-instant-win.exe,firebase-tools-instant-win.exe,TempFiles,27-01-2024
3914,General,firebase-tools-instant-win (1).exe,D:\Downloads\firebase-tools-instant-win (1).exe,D:\Downloads\firebase-tools-instant-win (1).exe,firebase-tools-instant-win (1).exe,firebase-tools-instant-win (1).exe,TempFiles,27-01-2024
3915,General,node-v20.11.0-x64.msi,D:\Downloads\node-v20.11.0-x64.msi,D:\Downloads\node-v20.11.0-x64.msi,node-v20.11.0-x64.msi,node-v20.11.0-x64.msi,TempFiles,27-01-2024
3920,General,THARANG 2K24 SPONSORSHIP BROCHURE .pdf,D:\Downloads\THARANG 2K24 SPONSORSHIP BROCHURE .pdf,D:\Downloads\THARANG 2K24 SPONSORSHIP BROCHURE .pdf,THARANG 2K24 SPONSORSHIP BROCHURE .pdf,THARANG 2K24 SPONSORSHIP BROCHURE .pdf,TempFiles,29-01-2024
3921,General,THARANG 2K24 SPONSORSHIP BROCHURE  (1).pdf,D:\Downloads\THARANG 2K24 SPONSORSHIP BROCHURE  (1).pdf,D:\Downloads\THARANG 2K24 SPONSORSHIP BROCHURE  (1).pdf,THARANG 2K24 SPONSORSHIP BROCHURE  (1).pdf,THARANG 2K24 SPONSORSHIP BROCHURE  (1).pdf,TempFiles,29-01-2024
3932,General,20240129_183035.mp4,D:\Downloads\20240129_183035.mp4,D:\Downloads\20240129_183035.mp4,20240129_183035.mp4,20240129_183035.mp4,TempFiles,30-01-2024
3936,General,NEERSV2.1.1 FB Response.docx,D:\Downloads\NEERSV2.1.1 FB Response.docx,D:\Downloads\NEERSV2.1.1 FB Response.docx,NEERSV2.1.1 FB Response.docx,NEERSV2.1.1 FB Response.docx,TempFiles,30-01-2024
3942,General,Screencast from 31-01-24 11_54_06 AM IST.webm,D:\Downloads\Screencast from 31-01-24 11_54_06 AM IST.webm,D:\Downloads\Screencast from 31-01-24 11_54_06 AM IST.webm,Screencast from 31-01-24 11_54_06 AM IST.webm,Screencast from 31-01-24 11_54_06 AM IST.webm,TempFiles,31-01-2024
3953,General,WhatsApp Image 2024-01-31 at 16.04.20_78672d8b.jpg,D:\Downloads\WhatsApp Image 2024-01-31 at 16.04.20_78672d8b.jpg,D:\Downloads\WhatsApp Image 2024-01-31 at 16.04.20_78672d8b.jpg,WhatsApp Image 2024-01-31 at 16.04.20_78672d8b.jpg,WhatsApp Image 2024-01-31 at 16.04.20_78672d8b.jpg,TempFiles,31-01-2024
3959,General,iBSM.zip,D:\Downloads\iBSM.zip,D:\Downloads\iBSM.zip,iBSM.zip,iBSM.zip,TempFiles,31-01-2024
3967,General,iOrbit-Overview-Internship.mp4,D:\Downloads\iOrbit-Overview-Internship.mp4,D:\Downloads\iOrbit-Overview-Internship.mp4,iOrbit-Overview-Internship.mp4,iOrbit-Overview-Internship.mp4,TempFiles,01-02-2024
3975,General,Wave_and_grid_RR_Index_Activity.exe,D:\Downloads\Wave_and_grid_RR_Index_Activity.exe,D:\Downloads\Wave_and_grid_RR_Index_Activity.exe,Wave_and_grid_RR_Index_Activity.exe,Wave_and_grid_RR_Index_Activity.exe,TempFiles,02-02-2024
3981,General,websocket1.zip,D:\Downloads\websocket1.zip,D:\Downloads\websocket1.zip,websocket1.zip,websocket1.zip,TempFiles,05-02-2024
3983,General,Luxisens_Debug_App.exe,D:\Downloads\Luxisens_Debug_App.exe,D:\Downloads\Luxisens_Debug_App.exe,Luxisens_Debug_App.exe,Luxisens_Debug_App.exe,TempFiles,05-02-2024
3987,General,FamilyDocsApp-ec00f0897e2bddc7581d48d15e043dbe0e0a305a.zip,D:\Downloads\FamilyDocsApp-ec00f0897e2bddc7581d48d15e043dbe0e0a305a.zip,D:\Downloads\FamilyDocsApp-ec00f0897e2bddc7581d48d15e043dbe0e0a305a.zip,FamilyDocsApp-ec00f0897e2bddc7581d48d15e043dbe0e0a305a.zip,FamilyDocsApp-ec00f0897e2bddc7581d48d15e043dbe0e0a305a.zip,TempFiles,06-02-2024
3988,General,FamilyDocsApp-2c9db97947dd921a831862d4d9c1f80ba787216e.zip,D:\Downloads\FamilyDocsApp-2c9db97947dd921a831862d4d9c1f80ba787216e.zip,D:\Downloads\FamilyDocsApp-2c9db97947dd921a831862d4d9c1f80ba787216e.zip,FamilyDocsApp-2c9db97947dd921a831862d4d9c1f80ba787216e.zip,FamilyDocsApp-2c9db97947dd921a831862d4d9c1f80ba787216e.zip,TempFiles,06-02-2024
3989,General,FamilyDocsApp-7634379aeee5e54d066ad19f1ff3c72f01c75354.zip,D:\Downloads\FamilyDocsApp-7634379aeee5e54d066ad19f1ff3c72f01c75354.zip,D:\Downloads\FamilyDocsApp-7634379aeee5e54d066ad19f1ff3c72f01c75354.zip,FamilyDocsApp-7634379aeee5e54d066ad19f1ff3c72f01c75354.zip,FamilyDocsApp-7634379aeee5e54d066ad19f1ff3c72f01c75354.zip,TempFiles,06-02-2024
3995,General,android-studio-2023.1.1.28-windows.exe,D:\Downloads\android-studio-2023.1.1.28-windows.exe,D:\Downloads\android-studio-2023.1.1.28-windows.exe,android-studio-2023.1.1.28-windows.exe,android-studio-2023.1.1.28-windows.exe,TempFiles,07-02-2024
3996,General,Luxisens_1.0 (2).zip,D:\Downloads\Luxisens_1.0 (2).zip,D:\Downloads\Luxisens_1.0 (2).zip,Luxisens_1.0 (2).zip,Luxisens_1.0 (2).zip,TempFiles,07-02-2024
3998,General,LUXISENS_1.0 (3).zip,D:\Downloads\LUXISENS_1.0 (3).zip,D:\Downloads\LUXISENS_1.0 (3).zip,LUXISENS_1.0 (3).zip,LUXISENS_1.0 (3).zip,TempFiles,07-02-2024
3999,General,iBSM-v78.apk,D:\Downloads\iBSM-v78.apk,D:\Downloads\iBSM-v78.apk,iBSM-v78.apk,iBSM-v78.apk,TempFiles,08-02-2024
4000,General,SLRPM-v78.apk,D:\Downloads\SLRPM-v78.apk,D:\Downloads\SLRPM-v78.apk,SLRPM-v78.apk,SLRPM-v78.apk,TempFiles,08-02-2024
4002,General,SLRPM-v781.apk,D:\Downloads\SLRPM-v781.apk,D:\Downloads\SLRPM-v781.apk,SLRPM-v781.apk,SLRPM-v781.apk,TempFiles,08-02-2024
4004,General,LuxisenseArduinoMain-main.zip,D:\Downloads\LuxisenseArduinoMain-main.zip,D:\Downloads\LuxisenseArduinoMain-main.zip,LuxisenseArduinoMain-main.zip,LuxisenseArduinoMain-main.zip,TempFiles,08-02-2024
4009,General,processAndDownloadFmlyFiles old ver.txt,D:\Downloads\processAndDownloadFmlyFiles old ver.txt,D:\Downloads\processAndDownloadFmlyFiles old ver.txt,processAndDownloadFmlyFiles old ver.txt,processAndDownloadFmlyFiles old ver.txt,TempFiles,12-02-2024
4012,General,Wave_and_grid_RR_Index_Activity.py,D:\Downloads\Wave_and_grid_RR_Index_Activity.py,D:\Downloads\Wave_and_grid_RR_Index_Activity.py,Wave_and_grid_RR_Index_Activity.py,Wave_and_grid_RR_Index_Activity.py,TempFiles,12-02-2024
4013,General,pycharm-community-2023.3.3.exe,D:\Downloads\pycharm-community-2023.3.3.exe,D:\Downloads\pycharm-community-2023.3.3.exe,pycharm-community-2023.3.3.exe,pycharm-community-2023.3.3.exe,TempFiles,12-02-2024
4014,General,gemini created left bar.bmp,D:\Downloads\gemini created left bar.bmp,D:\Downloads\gemini created left bar.bmp,gemini created left bar.bmp,gemini created left bar.bmp,TempFiles,13-02-2024
4015,General,Screencast from 13-02-24 02_54_21 PM IST.webm,D:\Downloads\Screencast from 13-02-24 02_54_21 PM IST.webm,D:\Downloads\Screencast from 13-02-24 02_54_21 PM IST.webm,Screencast from 13-02-24 02_54_21 PM IST.webm,Screencast from 13-02-24 02_54_21 PM IST.webm,TempFiles,13-02-2024
4017,General,Screencast from 13-02-24 04_35_01 PM IST.webm,D:\Downloads\Screencast from 13-02-24 04_35_01 PM IST.webm,D:\Downloads\Screencast from 13-02-24 04_35_01 PM IST.webm,Screencast from 13-02-24 04_35_01 PM IST.webm,Screencast from 13-02-24 04_35_01 PM IST.webm,TempFiles,13-02-2024
4034,General,invoice_1908792 (1).zip,D:\Downloads\invoice_1908792 (1).zip,D:\Downloads\invoice_1908792 (1).zip,invoice_1908792 (1).zip,invoice_1908792 (1).zip,TempFiles,14-02-2024
4035,General,Wave_and_grid_RR_Index_Activity (1).py,D:\Downloads\Wave_and_grid_RR_Index_Activity (1).py,D:\Downloads\Wave_and_grid_RR_Index_Activity (1).py,Wave_and_grid_RR_Index_Activity (1).py,Wave_and_grid_RR_Index_Activity (1).py,TempFiles,15-02-2024
4037,General,LXS_FW_finalcode_LUXBRD_v2.0.1.ino,D:\Downloads\LXS_FW_finalcode_LUXBRD_v2.0.1.ino,D:\Downloads\LXS_FW_finalcode_LUXBRD_v2.0.1.ino,LXS_FW_finalcode_LUXBRD_v2.0.1.ino,LXS_FW_finalcode_LUXBRD_v2.0.1.ino,TempFiles,15-02-2024
4038,General,nullmeasurement old.txt,D:\Downloads\nullmeasurement old.txt,D:\Downloads\nullmeasurement old.txt,nullmeasurement old.txt,nullmeasurement old.txt,TempFiles,16-02-2024
4041,General,Wave_and_grid_RR_Index_Activity_recheck_req.py,D:\Downloads\Wave_and_grid_RR_Index_Activity_recheck_req.py,D:\Downloads\Wave_and_grid_RR_Index_Activity_recheck_req.py,Wave_and_grid_RR_Index_Activity_recheck_req.py,Wave_and_grid_RR_Index_Activity_recheck_req.py,TempFiles,18-02-2024
4043,General,LXS_FW_CommModule_001.ino,D:\Downloads\LXS_FW_CommModule_001.ino,D:\Downloads\LXS_FW_CommModule_001.ino,LXS_FW_CommModule_001.ino,LXS_FW_CommModule_001.ino,TempFiles,18-02-2024
4054,General,output.ico,D:\Downloads\output.ico,D:\Downloads\output.ico,output.ico,output.ico,TempFiles,22-02-2024
4066,General,LXS_FW_finalcode_240224.ino,D:\Downloads\LXS_FW_finalcode_240224.ino,D:\Downloads\LXS_FW_finalcode_240224.ino,LXS_FW_finalcode_240224.ino,LXS_FW_finalcode_240224.ino,TempFiles,24-02-2024
4067,General,LXS_FW_finalcode_240224 (1).ino,D:\Downloads\LXS_FW_finalcode_240224 (1).ino,D:\Downloads\LXS_FW_finalcode_240224 (1).ino,LXS_FW_finalcode_240224 (1).ino,LXS_FW_finalcode_240224 (1).ino,TempFiles,24-02-2024
4074,General,LXS_FW_finalcode_001 (1).ino,D:\Downloads\LXS_FW_finalcode_001 (1).ino,D:\Downloads\LXS_FW_finalcode_001 (1).ino,LXS_FW_finalcode_001 (1).ino,LXS_FW_finalcode_001 (1).ino,TempFiles,27-02-2024
4075,General,NEERS_SETUP_V2.1.2.rar,D:\Downloads\NEERS_SETUP_V2.1.2.rar,D:\Downloads\NEERS_SETUP_V2.1.2.rar,NEERS_SETUP_V2.1.2.rar,NEERS_SETUP_V2.1.2.rar,TempFiles,28-02-2024
4081,General,Engineering Application_V2.1.20240304.exe,D:\Downloads\Engineering Application_V2.1.20240304.exe,D:\Downloads\Engineering Application_V2.1.20240304.exe,Engineering Application_V2.1.20240304.exe,Engineering Application_V2.1.20240304.exe,TempFiles,04-03-2024
4082,General,Engineering Application_V2.1.20240304 (1).exe,D:\Downloads\Engineering Application_V2.1.20240304 (1).exe,D:\Downloads\Engineering Application_V2.1.20240304 (1).exe,Engineering Application_V2.1.20240304 (1).exe,Engineering Application_V2.1.20240304 (1).exe,TempFiles,04-03-2024
4088,General,dr_working_outfile.zip,D:\Downloads\dr_working_outfile.zip,D:\Downloads\dr_working_outfile.zip,dr_working_outfile.zip,dr_working_outfile.zip,TempFiles,08-03-2024
4089,General,chat_code.zip,D:\Downloads\chat_code.zip,D:\Downloads\chat_code.zip,chat_code.zip,chat_code.zip,TempFiles,08-03-2024
4096,General,JPEG_20230522_193840_1709783259833.fmly,D:\Downloads\JPEG_20230522_193840_1709783259833.fmly,D:\Downloads\JPEG_20230522_193840_1709783259833.fmly,JPEG_20230522_193840_1709783259833.fmly,JPEG_20230522_193840_1709783259833.fmly,TempFiles,12-03-2024
4097,General,JPEG_20230522_193840_1709783259833 (1).fmly,D:\Downloads\JPEG_20230522_193840_1709783259833 (1).fmly,D:\Downloads\JPEG_20230522_193840_1709783259833 (1).fmly,JPEG_20230522_193840_1709783259833 (1).fmly,JPEG_20230522_193840_1709783259833 (1).fmly,TempFiles,12-03-2024
4098,General,fmly,D:\Downloads\fmly,D:\Downloads\fmly,fmly,fmly,TempFiles,13-03-2024
4101,General,QueueConsumer.zip,D:\Downloads\QueueConsumer.zip,D:\Downloads\QueueConsumer.zip,QueueConsumer.zip,QueueConsumer.zip,TempFiles,13-03-2024
4102,General,WhatsApp Video 2024-03-12 at 6.16.15 PM.mp4,D:\Downloads\WhatsApp Video 2024-03-12 at 6.16.15 PM.mp4,D:\Downloads\WhatsApp Video 2024-03-12 at 6.16.15 PM.mp4,WhatsApp Video 2024-03-12 at 6.16.15 PM.mp4,WhatsApp Video 2024-03-12 at 6.16.15 PM.mp4,TempFiles,13-03-2024
4103,General,filezila143key.ppk,D:\Downloads\filezila143key.ppk,D:\Downloads\filezila143key.ppk,filezila143key.ppk,filezila143key.ppk,TempFiles,13-03-2024
4104,General,Notes_20240314_091602.fmly,D:\Downloads\Notes_20240314_091602.fmly,D:\Downloads\Notes_20240314_091602.fmly,Notes_20240314_091602.fmly,Notes_20240314_091602.fmly,TempFiles,14-03-2024
4106,General,VirtualBox-7.0.14-161095-Win.exe,D:\Downloads\VirtualBox-7.0.14-161095-Win.exe,D:\Downloads\VirtualBox-7.0.14-161095-Win.exe,VirtualBox-7.0.14-161095-Win.exe,VirtualBox-7.0.14-161095-Win.exe,TempFiles,14-03-2024
4107,General,virtualbox-7.0_7.0.14-161095~Ubuntu~jammy_amd64.deb,D:\Downloads\virtualbox-7.0_7.0.14-161095~Ubuntu~jammy_amd64.deb,D:\Downloads\virtualbox-7.0_7.0.14-161095~Ubuntu~jammy_amd64.deb,virtualbox-7.0_7.0.14-161095~Ubuntu~jammy_amd64.deb,virtualbox-7.0_7.0.14-161095~Ubuntu~jammy_amd64.deb,TempFiles,14-03-2024
4111,General,WebSock.zip,D:\Downloads\WebSock.zip,D:\Downloads\WebSock.zip,WebSock.zip,WebSock.zip,TempFiles,15-03-2024
4114,General,FileZilla_3.66.5_win64_sponsored2-setup.exe,D:\Downloads\FileZilla_3.66.5_win64_sponsored2-setup.exe,D:\Downloads\FileZilla_3.66.5_win64_sponsored2-setup.exe,FileZilla_3.66.5_win64_sponsored2-setup.exe,FileZilla_3.66.5_win64_sponsored2-setup.exe,TempFiles,15-03-2024
4115,General,start.sh,D:\Downloads\start.sh,D:\Downloads\start.sh,start.sh,start.sh,TempFiles,15-03-2024
4116,General,websockserver.txt,D:\Downloads\websockserver.txt,D:\Downloads\websockserver.txt,websockserver.txt,websockserver.txt,TempFiles,15-03-2024
4118,General,queueconsumer.txt,D:\Downloads\queueconsumer.txt,D:\Downloads\queueconsumer.txt,queueconsumer.txt,queueconsumer.txt,TempFiles,15-03-2024
4120,General,APiclient.java,D:\Downloads\APiclient.java,D:\Downloads\APiclient.java,APiclient.java,APiclient.java,TempFiles,16-03-2024
4121,General,ApiResponse.java,D:\Downloads\ApiResponse.java,D:\Downloads\ApiResponse.java,ApiResponse.java,ApiResponse.java,TempFiles,16-03-2024
4122,General,ConnectionManager.java,D:\Downloads\ConnectionManager.java,D:\Downloads\ConnectionManager.java,ConnectionManager.java,ConnectionManager.java,TempFiles,16-03-2024
4123,General,DataConsumerConnection.java,D:\Downloads\DataConsumerConnection.java,D:\Downloads\DataConsumerConnection.java,DataConsumerConnection.java,DataConsumerConnection.java,TempFiles,16-03-2024
4124,General,IOMTWebSockServer-c392de4e865a79728804cae08dadcc2b17f3a741.zip,D:\Downloads\IOMTWebSockServer-c392de4e865a79728804cae08dadcc2b17f3a741.zip,D:\Downloads\IOMTWebSockServer-c392de4e865a79728804cae08dadcc2b17f3a741.zip,IOMTWebSockServer-c392de4e865a79728804cae08dadcc2b17f3a741.zip,IOMTWebSockServer-c392de4e865a79728804cae08dadcc2b17f3a741.zip,TempFiles,16-03-2024
4128,General,Notes_20240316_095055.fmly,D:\Downloads\Notes_20240316_095055.fmly,D:\Downloads\Notes_20240316_095055.fmly,Notes_20240316_095055.fmly,Notes_20240316_095055.fmly,TempFiles,16-03-2024
4131,General,IO-WI-HW_rev1.0_Hardware.docx,D:\Downloads\IO-WI-HW_rev1.0_Hardware.docx,D:\Downloads\IO-WI-HW_rev1.0_Hardware.docx,IO-WI-HW_rev1.0_Hardware.docx,IO-WI-HW_rev1.0_Hardware.docx,TempFiles,18-03-2024
4132,General,family_member_controller.dart,D:\Downloads\family_member_controller.dart,D:\Downloads\family_member_controller.dart,family_member_controller.dart,family_member_controller.dart,TempFiles,19-03-2024
4133,General,create_family_controller.dart,D:\Downloads\create_family_controller.dart,D:\Downloads\create_family_controller.dart,create_family_controller.dart,create_family_controller.dart,TempFiles,19-03-2024
4135,General,FamilyDocsApp-48e08e8f59ccfc3b777f6b69f0f717fe6949ea47.zip,D:\Downloads\FamilyDocsApp-48e08e8f59ccfc3b777f6b69f0f717fe6949ea47.zip,D:\Downloads\FamilyDocsApp-48e08e8f59ccfc3b777f6b69f0f717fe6949ea47.zip,FamilyDocsApp-48e08e8f59ccfc3b777f6b69f0f717fe6949ea47.zip,FamilyDocsApp-48e08e8f59ccfc3b777f6b69f0f717fe6949ea47.zip,TempFiles,19-03-2024
4136,General,GDriveManager.dart,D:\Downloads\GDriveManager.dart,D:\Downloads\GDriveManager.dart,GDriveManager.dart,GDriveManager.dart,TempFiles,19-03-2024
4137,General,upload_doc_view (1).dart,D:\Downloads\upload_doc_view (1).dart,D:\Downloads\upload_doc_view (1).dart,upload_doc_view (1).dart,upload_doc_view (1).dart,TempFiles,20-03-2024
4138,General,upload_doc_view (2).dart,D:\Downloads\upload_doc_view (2).dart,D:\Downloads\upload_doc_view (2).dart,upload_doc_view (2).dart,upload_doc_view (2).dart,TempFiles,20-03-2024
4139,General,upload_doc_controller (1).dart,D:\Downloads\upload_doc_controller (1).dart,D:\Downloads\upload_doc_controller (1).dart,upload_doc_controller (1).dart,upload_doc_controller (1).dart,TempFiles,20-03-2024
4140,General,upload_doc_view (3).dart,D:\Downloads\upload_doc_view (3).dart,D:\Downloads\upload_doc_view (3).dart,upload_doc_view (3).dart,upload_doc_view (3).dart,TempFiles,20-03-2024
4164,General,family_member_view-bm.dart,D:\Downloads\family_member_view-bm.dart,D:\Downloads\family_member_view-bm.dart,family_member_view-bm.dart,family_member_view-bm.dart,TempFiles,31-03-2024
4165,General,family_member_view.dart,D:\Downloads\family_member_view.dart,D:\Downloads\family_member_view.dart,family_member_view.dart,family_member_view.dart,TempFiles,31-03-2024
4166,General,FamilyDocsApp-4a1b4cf4ac7933c9d27f558f602a16c3bccb40c7.zip,D:\Downloads\FamilyDocsApp-4a1b4cf4ac7933c9d27f558f602a16c3bccb40c7.zip,D:\Downloads\FamilyDocsApp-4a1b4cf4ac7933c9d27f558f602a16c3bccb40c7.zip,FamilyDocsApp-4a1b4cf4ac7933c9d27f558f602a16c3bccb40c7.zip,FamilyDocsApp-4a1b4cf4ac7933c9d27f558f602a16c3bccb40c7.zip,TempFiles,31-03-2024
4167,General,family_member_view.dart.bak,D:\Downloads\family_member_view.dart.bak,D:\Downloads\family_member_view.dart.bak,family_member_view.dart.bak,family_member_view.dart.bak,TempFiles,31-03-2024
4168,General,home_view.dart,D:\Downloads\home_view.dart,D:\Downloads\home_view.dart,home_view.dart,home_view.dart,TempFiles,31-03-2024
4170,General,Luxisens_Release_Bundle_Final-20240401T060923Z-001.zip,D:\Downloads\Luxisens_Release_Bundle_Final-20240401T060923Z-001.zip,D:\Downloads\Luxisens_Release_Bundle_Final-20240401T060923Z-001.zip,Luxisens_Release_Bundle_Final-20240401T060923Z-001.zip,Luxisens_Release_Bundle_Final-20240401T060923Z-001.zip,TempFiles,01-04-2024
4174,General,home_view (1).dart,D:\Downloads\home_view (1).dart,D:\Downloads\home_view (1).dart,home_view (1).dart,home_view (1).dart,TempFiles,01-04-2024
4175,General,home_controller.dart,D:\Downloads\home_controller.dart,D:\Downloads\home_controller.dart,home_controller.dart,home_controller.dart,TempFiles,01-04-2024
4185,General,IO_BMPMS.pptx,D:\Downloads\IO_BMPMS.pptx,D:\Downloads\IO_BMPMS.pptx,IO_BMPMS.pptx,IO_BMPMS.pptx,TempFiles,03-04-2024
4187,General,scrnshot12.bmp,D:\Downloads\scrnshot12.bmp,D:\Downloads\scrnshot12.bmp,scrnshot12.bmp,scrnshot12.bmp,TempFiles,03-04-2024
4188,General,"Y1,Y2 Roadmap v0.1.xlsx","D:\Downloads\Y1,Y2 Roadmap v0.1.xlsx","D:\Downloads\Y1,Y2 Roadmap v0.1.xlsx","Y1,Y2 Roadmap v0.1.xlsx","Y1,Y2 Roadmap v0.1.xlsx",TempFiles,03-04-2024
4201,General,ITouch March  Status.docx,D:\Downloads\ITouch March  Status.docx,D:\Downloads\ITouch March  Status.docx,ITouch March  Status.docx,ITouch March  Status.docx,TempFiles,08-04-2024
4206,General,Auth0_Integration_Guide.txt,D:\Downloads\Auth0_Integration_Guide.txt,D:\Downloads\Auth0_Integration_Guide.txt,Auth0_Integration_Guide.txt,Auth0_Integration_Guide.txt,TempFiles,11-04-2024
4211,General,BPL Closure Plan-V1.xlsx,D:\Downloads\BPL Closure Plan-V1.xlsx,D:\Downloads\BPL Closure Plan-V1.xlsx,BPL Closure Plan-V1.xlsx,BPL Closure Plan-V1.xlsx,TempFiles,11-04-2024
4212,General,CreateUser.py,D:\Downloads\CreateUser.py,D:\Downloads\CreateUser.py,CreateUser.py,CreateUser.py,TempFiles,12-04-2024
4213,General,User_login.py,D:\Downloads\User_login.py,D:\Downloads\User_login.py,User_login.py,User_login.py,TempFiles,12-04-2024
4214,General,google api.bmp,D:\Downloads\google api.bmp,D:\Downloads\google api.bmp,google api.bmp,google api.bmp,TempFiles,13-04-2024
4221,General,9196642.webp,D:\Downloads\9196642.webp,D:\Downloads\9196642.webp,9196642.webp,9196642.webp,TempFiles,16-04-2024
4222,General,app icon.zip,D:\Downloads\app icon.zip,D:\Downloads\app icon.zip,app icon.zip,app icon.zip,TempFiles,16-04-2024
4223,General,drive-download-20240416T144145Z-001.zip,D:\Downloads\drive-download-20240416T144145Z-001.zip,D:\Downloads\drive-download-20240416T144145Z-001.zip,drive-download-20240416T144145Z-001.zip,drive-download-20240416T144145Z-001.zip,TempFiles,16-04-2024
4226,General,47f1c733-c4ac-4595-b100-76dcadaecc86.webp,D:\Downloads\47f1c733-c4ac-4595-b100-76dcadaecc86.webp,D:\Downloads\47f1c733-c4ac-4595-b100-76dcadaecc86.webp,47f1c733-c4ac-4595-b100-76dcadaecc86.webp,47f1c733-c4ac-4595-b100-76dcadaecc86.webp,TempFiles,17-04-2024
4227,General,30cb06d4-8251-4c00-821c-be58bdc04ea4.webp,D:\Downloads\30cb06d4-8251-4c00-821c-be58bdc04ea4.webp,D:\Downloads\30cb06d4-8251-4c00-821c-be58bdc04ea4.webp,30cb06d4-8251-4c00-821c-be58bdc04ea4.webp,30cb06d4-8251-4c00-821c-be58bdc04ea4.webp,TempFiles,17-04-2024
4228,General,e4bfa530-0d8c-4835-a2eb-df6bbc195899.webp,D:\Downloads\e4bfa530-0d8c-4835-a2eb-df6bbc195899.webp,D:\Downloads\e4bfa530-0d8c-4835-a2eb-df6bbc195899.webp,e4bfa530-0d8c-4835-a2eb-df6bbc195899.webp,e4bfa530-0d8c-4835-a2eb-df6bbc195899.webp,TempFiles,17-04-2024
4229,General,cc42bf3a-01c4-477f-ba9d-fced5dc4415c.webp,D:\Downloads\cc42bf3a-01c4-477f-ba9d-fced5dc4415c.webp,D:\Downloads\cc42bf3a-01c4-477f-ba9d-fced5dc4415c.webp,cc42bf3a-01c4-477f-ba9d-fced5dc4415c.webp,cc42bf3a-01c4-477f-ba9d-fced5dc4415c.webp,TempFiles,17-04-2024
4230,General,772c1be5-5b4b-4cdc-bf0c-57f1b078b55b.webp,D:\Downloads\772c1be5-5b4b-4cdc-bf0c-57f1b078b55b.webp,D:\Downloads\772c1be5-5b4b-4cdc-bf0c-57f1b078b55b.webp,772c1be5-5b4b-4cdc-bf0c-57f1b078b55b.webp,772c1be5-5b4b-4cdc-bf0c-57f1b078b55b.webp,TempFiles,17-04-2024
4231,General,14fa45e9-eac8-4b02-960d-81405aeb8363.webp,D:\Downloads\14fa45e9-eac8-4b02-960d-81405aeb8363.webp,D:\Downloads\14fa45e9-eac8-4b02-960d-81405aeb8363.webp,14fa45e9-eac8-4b02-960d-81405aeb8363.webp,14fa45e9-eac8-4b02-960d-81405aeb8363.webp,TempFiles,17-04-2024
4232,General,c52b6d50-0358-47ab-a72a-af52a295cba2.webp,D:\Downloads\c52b6d50-0358-47ab-a72a-af52a295cba2.webp,D:\Downloads\c52b6d50-0358-47ab-a72a-af52a295cba2.webp,c52b6d50-0358-47ab-a72a-af52a295cba2.webp,c52b6d50-0358-47ab-a72a-af52a295cba2.webp,TempFiles,17-04-2024
4234,General,de13b45b-b09a-4f20-9356-698d8f5e079a.webp,D:\Downloads\de13b45b-b09a-4f20-9356-698d8f5e079a.webp,D:\Downloads\de13b45b-b09a-4f20-9356-698d8f5e079a.webp,de13b45b-b09a-4f20-9356-698d8f5e079a.webp,de13b45b-b09a-4f20-9356-698d8f5e079a.webp,TempFiles,17-04-2024
4235,General,6f34b103-35ac-4de5-b887-cdc50b62fe0e.webp,D:\Downloads\6f34b103-35ac-4de5-b887-cdc50b62fe0e.webp,D:\Downloads\6f34b103-35ac-4de5-b887-cdc50b62fe0e.webp,6f34b103-35ac-4de5-b887-cdc50b62fe0e.webp,6f34b103-35ac-4de5-b887-cdc50b62fe0e.webp,TempFiles,17-04-2024
4238,General,d37e6e99-b475-4980-8f30-47fdba466281.webp,D:\Downloads\d37e6e99-b475-4980-8f30-47fdba466281.webp,D:\Downloads\d37e6e99-b475-4980-8f30-47fdba466281.webp,d37e6e99-b475-4980-8f30-47fdba466281.webp,d37e6e99-b475-4980-8f30-47fdba466281.webp,TempFiles,17-04-2024
4240,General,84662640-33ed-43ab-b1cc-753bd6f04dea.webp,D:\Downloads\84662640-33ed-43ab-b1cc-753bd6f04dea.webp,D:\Downloads\84662640-33ed-43ab-b1cc-753bd6f04dea.webp,84662640-33ed-43ab-b1cc-753bd6f04dea.webp,84662640-33ed-43ab-b1cc-753bd6f04dea.webp,TempFiles,17-04-2024
4242,General,bde8d42a-7665-4cab-866d-904b3504e8d6.webp,D:\Downloads\bde8d42a-7665-4cab-866d-904b3504e8d6.webp,D:\Downloads\bde8d42a-7665-4cab-866d-904b3504e8d6.webp,bde8d42a-7665-4cab-866d-904b3504e8d6.webp,bde8d42a-7665-4cab-866d-904b3504e8d6.webp,TempFiles,17-04-2024
4244,General,1f2d397d-04c8-4dad-b2d9-f74aa1f22915.webp,D:\Downloads\1f2d397d-04c8-4dad-b2d9-f74aa1f22915.webp,D:\Downloads\1f2d397d-04c8-4dad-b2d9-f74aa1f22915.webp,1f2d397d-04c8-4dad-b2d9-f74aa1f22915.webp,1f2d397d-04c8-4dad-b2d9-f74aa1f22915.webp,TempFiles,17-04-2024
4246,General,41a03a3f-8382-4829-897f-f1c2b06f7179.webp,D:\Downloads\41a03a3f-8382-4829-897f-f1c2b06f7179.webp,D:\Downloads\41a03a3f-8382-4829-897f-f1c2b06f7179.webp,41a03a3f-8382-4829-897f-f1c2b06f7179.webp,41a03a3f-8382-4829-897f-f1c2b06f7179.webp,TempFiles,17-04-2024
4248,General,8a1ec8b0-9788-4dd3-9dc6-e66ac1a4ff55.webp,D:\Downloads\8a1ec8b0-9788-4dd3-9dc6-e66ac1a4ff55.webp,D:\Downloads\8a1ec8b0-9788-4dd3-9dc6-e66ac1a4ff55.webp,8a1ec8b0-9788-4dd3-9dc6-e66ac1a4ff55.webp,8a1ec8b0-9788-4dd3-9dc6-e66ac1a4ff55.webp,TempFiles,17-04-2024
4253,General,"DALL·E 2024-04-17 16.19.06 - Design a feature graphic for the FamilyDocs Android app to be used on the Google Play Store, size 1024 px by 500 px. The graphic should highlight the .webp","D:\Downloads\DALL·E 2024-04-17 16.19.06 - Design a feature graphic for the FamilyDocs Android app to be used on the Google Play Store, size 1024 px by 500 px. The graphic should highlight the .webp","D:\Downloads\DALL·E 2024-04-17 16.19.06 - Design a feature graphic for the FamilyDocs Android app to be used on the Google Play Store, size 1024 px by 500 px. The graphic should highlight the .webp","DALL·E 2024-04-17 16.19.06 - Design a feature graphic for the FamilyDocs Android app to be used on the Google Play Store, size 1024 px by 500 px. The graphic should highlight the .webp","DALL·E 2024-04-17 16.19.06 - Design a feature graphic for the FamilyDocs Android app to be used on the Google Play Store, size 1024 px by 500 px. The graphic should highlight the .webp",TempFiles,17-04-2024
4255,General,"DALL·E 2024-04-17 16.27.22 - Design a feature graphic for the FamilyDocs Android app to be used on the Google Play Store, size 1024 px by 500 px. The graphic should include the ap.webp","D:\Downloads\DALL·E 2024-04-17 16.27.22 - Design a feature graphic for the FamilyDocs Android app to be used on the Google Play Store, size 1024 px by 500 px. The graphic should include the ap.webp","D:\Downloads\DALL·E 2024-04-17 16.27.22 - Design a feature graphic for the FamilyDocs Android app to be used on the Google Play Store, size 1024 px by 500 px. The graphic should include the ap.webp","DALL·E 2024-04-17 16.27.22 - Design a feature graphic for the FamilyDocs Android app to be used on the Google Play Store, size 1024 px by 500 px. The graphic should include the ap.webp","DALL·E 2024-04-17 16.27.22 - Design a feature graphic for the FamilyDocs Android app to be used on the Google Play Store, size 1024 px by 500 px. The graphic should include the ap.webp",TempFiles,17-04-2024
4256,General,5ae95ecc-4798-4800-9e42-b3d37082259a.webp,D:\Downloads\5ae95ecc-4798-4800-9e42-b3d37082259a.webp,D:\Downloads\5ae95ecc-4798-4800-9e42-b3d37082259a.webp,5ae95ecc-4798-4800-9e42-b3d37082259a.webp,5ae95ecc-4798-4800-9e42-b3d37082259a.webp,TempFiles,17-04-2024
4257,General,trend.bmp,D:\Downloads\trend.bmp,D:\Downloads\trend.bmp,trend.bmp,trend.bmp,TempFiles,17-04-2024
4258,General,screean2.bmp,D:\Downloads\screean2.bmp,D:\Downloads\screean2.bmp,screean2.bmp,screean2.bmp,TempFiles,17-04-2024
4262,General,keycloak.py,D:\Downloads\keycloak.py,D:\Downloads\keycloak.py,keycloak.py,keycloak.py,TempFiles,18-04-2024
4263,General,cool.py,D:\Downloads\cool.py,D:\Downloads\cool.py,cool.py,cool.py,TempFiles,18-04-2024
4264,General,userlogin.py,D:\Downloads\userlogin.py,D:\Downloads\userlogin.py,userlogin.py,userlogin.py,TempFiles,18-04-2024
4272,General,client_secret_312451620388-doimtma6922s0oiiets3ptpjt7ojsqie.apps.googleusercontent.com.json,D:\Downloads\client_secret_312451620388-doimtma6922s0oiiets3ptpjt7ojsqie.apps.googleusercontent.com.json,D:\Downloads\client_secret_312451620388-doimtma6922s0oiiets3ptpjt7ojsqie.apps.googleusercontent.com.json,client_secret_312451620388-doimtma6922s0oiiets3ptpjt7ojsqie.apps.googleusercontent.com.json,client_secret_312451620388-doimtma6922s0oiiets3ptpjt7ojsqie.apps.googleusercontent.com.json,TempFiles,22-04-2024
4273,General,client_secret_312451620388-doimtma6922s0oiiets3ptpjt7ojsqie.apps.googleusercontent.com (1).json,D:\Downloads\client_secret_312451620388-doimtma6922s0oiiets3ptpjt7ojsqie.apps.googleusercontent.com (1).json,D:\Downloads\client_secret_312451620388-doimtma6922s0oiiets3ptpjt7ojsqie.apps.googleusercontent.com (1).json,client_secret_312451620388-doimtma6922s0oiiets3ptpjt7ojsqie.apps.googleusercontent.com (1).json,client_secret_312451620388-doimtma6922s0oiiets3ptpjt7ojsqie.apps.googleusercontent.com (1).json,TempFiles,22-04-2024
4278,General,Untitled.txt,D:\Downloads\Untitled.txt,D:\Downloads\Untitled.txt,Untitled.txt,Untitled.txt,TempFiles,22-04-2024
4280,General,OCVideo.735123591.874493.mp4,D:\Downloads\OCVideo.735123591.874493.mp4,D:\Downloads\OCVideo.735123591.874493.mp4,OCVideo.735123591.874493.mp4,OCVideo.735123591.874493.mp4,TempFiles,23-04-2024
4287,General,Demo  Meeting -2023-10-27-638339945838230452 (2).rtf,D:\Downloads\Demo  Meeting -2023-10-27-638339945838230452 (2).rtf,D:\Downloads\Demo  Meeting -2023-10-27-638339945838230452 (2).rtf,Demo  Meeting -2023-10-27-638339945838230452 (2).rtf,Demo  Meeting -2023-10-27-638339945838230452 (2).rtf,TempFiles,24-04-2024
4292,General,cc1bd84b-b48c-477b-81aa-7de2bcfae318.webp,D:\Downloads\cc1bd84b-b48c-477b-81aa-7de2bcfae318.webp,D:\Downloads\cc1bd84b-b48c-477b-81aa-7de2bcfae318.webp,cc1bd84b-b48c-477b-81aa-7de2bcfae318.webp,cc1bd84b-b48c-477b-81aa-7de2bcfae318.webp,TempFiles,24-04-2024
4294,General,bf2d996e-77e0-40b2-8fda-576ff0916a40.webp,D:\Downloads\bf2d996e-77e0-40b2-8fda-576ff0916a40.webp,D:\Downloads\bf2d996e-77e0-40b2-8fda-576ff0916a40.webp,bf2d996e-77e0-40b2-8fda-576ff0916a40.webp,bf2d996e-77e0-40b2-8fda-576ff0916a40.webp,TempFiles,24-04-2024
4297,General,OCVideo.735646635.654368.mp4,D:\Downloads\OCVideo.735646635.654368.mp4,D:\Downloads\OCVideo.735646635.654368.mp4,OCVideo.735646635.654368.mp4,OCVideo.735646635.654368.mp4,TempFiles,24-04-2024
4300,General,6d6353e1-f865-4639-9992-3a61fc1a289c313387823305656151_1712382469752.fmly,D:\Downloads\6d6353e1-f865-4639-9992-3a61fc1a289c313387823305656151_1712382469752.fmly,D:\Downloads\6d6353e1-f865-4639-9992-3a61fc1a289c313387823305656151_1712382469752.fmly,6d6353e1-f865-4639-9992-3a61fc1a289c313387823305656151_1712382469752.fmly,6d6353e1-f865-4639-9992-3a61fc1a289c313387823305656151_1712382469752.fmly,TempFiles,26-04-2024
4301,General,Notes_20240426_093844.fmly,D:\Downloads\Notes_20240426_093844.fmly,D:\Downloads\Notes_20240426_093844.fmly,Notes_20240426_093844.fmly,Notes_20240426_093844.fmly,TempFiles,26-04-2024
4302,General,Notes_20240426_094220.fmly,D:\Downloads\Notes_20240426_094220.fmly,D:\Downloads\Notes_20240426_094220.fmly,Notes_20240426_094220.fmly,Notes_20240426_094220.fmly,TempFiles,26-04-2024
4303,General,Notes_20240426_094220 (1).fmly,D:\Downloads\Notes_20240426_094220 (1).fmly,D:\Downloads\Notes_20240426_094220 (1).fmly,Notes_20240426_094220 (1).fmly,Notes_20240426_094220 (1).fmly,TempFiles,26-04-2024
4304,General,WhatsApp Video 2024-04-26 at 11.43.39_1acc7cf8.mp4,D:\Downloads\WhatsApp Video 2024-04-26 at 11.43.39_1acc7cf8.mp4,D:\Downloads\WhatsApp Video 2024-04-26 at 11.43.39_1acc7cf8.mp4,WhatsApp Video 2024-04-26 at 11.43.39_1acc7cf8.mp4,WhatsApp Video 2024-04-26 at 11.43.39_1acc7cf8.mp4,TempFiles,26-04-2024
4308,General,bdb9b95c-4954-42cf-b61a-2e50efd6c4ee.webp,D:\Downloads\bdb9b95c-4954-42cf-b61a-2e50efd6c4ee.webp,D:\Downloads\bdb9b95c-4954-42cf-b61a-2e50efd6c4ee.webp,bdb9b95c-4954-42cf-b61a-2e50efd6c4ee.webp,bdb9b95c-4954-42cf-b61a-2e50efd6c4ee.webp,TempFiles,29-04-2024
4310,General,fb7ba7f3-16ba-4d05-8a2b-cdbba41e282c.webp,D:\Downloads\fb7ba7f3-16ba-4d05-8a2b-cdbba41e282c.webp,D:\Downloads\fb7ba7f3-16ba-4d05-8a2b-cdbba41e282c.webp,fb7ba7f3-16ba-4d05-8a2b-cdbba41e282c.webp,fb7ba7f3-16ba-4d05-8a2b-cdbba41e282c.webp,TempFiles,29-04-2024
4311,General,fb7ba7f3-16ba-4d05-8a2b-cdbba41e282c (1).webp,D:\Downloads\fb7ba7f3-16ba-4d05-8a2b-cdbba41e282c (1).webp,D:\Downloads\fb7ba7f3-16ba-4d05-8a2b-cdbba41e282c (1).webp,fb7ba7f3-16ba-4d05-8a2b-cdbba41e282c (1).webp,fb7ba7f3-16ba-4d05-8a2b-cdbba41e282c (1).webp,TempFiles,29-04-2024
4313,General,47fe031c-662c-4d0e-9a71-cae5e5aefe4e.webp,D:\Downloads\47fe031c-662c-4d0e-9a71-cae5e5aefe4e.webp,D:\Downloads\47fe031c-662c-4d0e-9a71-cae5e5aefe4e.webp,47fe031c-662c-4d0e-9a71-cae5e5aefe4e.webp,47fe031c-662c-4d0e-9a71-cae5e5aefe4e.webp,TempFiles,29-04-2024
4315,General,LatestSDContents.zip,D:\Downloads\LatestSDContents.zip,D:\Downloads\LatestSDContents.zip,LatestSDContents.zip,LatestSDContents.zip,TempFiles,29-04-2024
4318,General,Notes_20240429_124511.fmly,D:\Downloads\Notes_20240429_124511.fmly,D:\Downloads\Notes_20240429_124511.fmly,Notes_20240429_124511.fmly,Notes_20240429_124511.fmly,TempFiles,29-04-2024
4319,General,Notes_20240429_124715.fmly,D:\Downloads\Notes_20240429_124715.fmly,D:\Downloads\Notes_20240429_124715.fmly,Notes_20240429_124715.fmly,Notes_20240429_124715.fmly,TempFiles,29-04-2024
4320,General,Notes_20240429_124715 (1).fmly,D:\Downloads\Notes_20240429_124715 (1).fmly,D:\Downloads\Notes_20240429_124715 (1).fmly,Notes_20240429_124715 (1).fmly,Notes_20240429_124715 (1).fmly,TempFiles,29-04-2024
4321,General,BPL (13).exe,D:\Downloads\BPL (13).exe,D:\Downloads\BPL (13).exe,BPL (13).exe,BPL (13).exe,TempFiles,29-04-2024
4322,General,BPL (13) (1).exe,D:\Downloads\BPL (13) (1).exe,D:\Downloads\BPL (13) (1).exe,BPL (13) (1).exe,BPL (13) (1).exe,TempFiles,29-04-2024
4331,General,jdk-17_windows-x64_bin.msi,D:\Downloads\jdk-17_windows-x64_bin.msi,D:\Downloads\jdk-17_windows-x64_bin.msi,jdk-17_windows-x64_bin.msi,jdk-17_windows-x64_bin.msi,TempFiles,02-05-2024
4342,General,Screencast from 09-05-24 12_33_03 PM IST.webm,D:\Downloads\Screencast from 09-05-24 12_33_03 PM IST.webm,D:\Downloads\Screencast from 09-05-24 12_33_03 PM IST.webm,Screencast from 09-05-24 12_33_03 PM IST.webm,Screencast from 09-05-24 12_33_03 PM IST.webm,TempFiles,09-05-2024
4348,General,TMT7.application,D:\Downloads\TMT7.application,D:\Downloads\TMT7.application,TMT7.application,TMT7.application,TempFiles,13-05-2024
4375,General,STRIDE_Threat_Analysis.docx,D:\Downloads\STRIDE_Threat_Analysis.docx,D:\Downloads\STRIDE_Threat_Analysis.docx,STRIDE_Threat_Analysis.docx,STRIDE_Threat_Analysis.docx,TempFiles,15-05-2024
4376,General,STRIDE_Threat_Analysis_Detailed.docx,D:\Downloads\STRIDE_Threat_Analysis_Detailed.docx,D:\Downloads\STRIDE_Threat_Analysis_Detailed.docx,STRIDE_Threat_Analysis_Detailed.docx,STRIDE_Threat_Analysis_Detailed.docx,TempFiles,15-05-2024
4377,General,class _TrackerItemsGraphState exten.txt,D:\Downloads\class _TrackerItemsGraphState exten.txt,D:\Downloads\class _TrackerItemsGraphState exten.txt,class _TrackerItemsGraphState exten.txt,class _TrackerItemsGraphState exten.txt,TempFiles,16-05-2024
4378,General,class _TrackerItemsGraphState exten with bargraph.txt,D:\Downloads\class _TrackerItemsGraphState exten with bargraph.txt,D:\Downloads\class _TrackerItemsGraphState exten with bargraph.txt,class _TrackerItemsGraphState exten with bargraph.txt,class _TrackerItemsGraphState exten with bargraph.txt,TempFiles,16-05-2024
4384,General,STAR8800 CMS for C50.pdf,D:\Downloads\STAR8800 CMS for C50.pdf,D:\Downloads\STAR8800 CMS for C50.pdf,STAR8800 CMS for C50.pdf,STAR8800 CMS for C50.pdf,TempFiles,16-05-2024
4385,General,Steps for setting the IP address of the computer.docx,D:\Downloads\Steps for setting the IP address of the computer.docx,D:\Downloads\Steps for setting the IP address of the computer.docx,Steps for setting the IP address of the computer.docx,Steps for setting the IP address of the computer.docx,TempFiles,16-05-2024
4386,General,ZD100  CMS communication protocol _V1.23.doc,D:\Downloads\ZD100  CMS communication protocol _V1.23.doc,D:\Downloads\ZD100  CMS communication protocol _V1.23.doc,ZD100  CMS communication protocol _V1.23.doc,ZD100  CMS communication protocol _V1.23.doc,TempFiles,16-05-2024
4387,General,class _TrackerWidgetState extends S.txt,D:\Downloads\class _TrackerWidgetState extends S.txt,D:\Downloads\class _TrackerWidgetState extends S.txt,class _TrackerWidgetState extends S.txt,class _TrackerWidgetState extends S.txt,TempFiles,16-05-2024
4389,General,Witleaf monitors and CMS reverification-V1-0 (1).docx,D:\Downloads\Witleaf monitors and CMS reverification-V1-0 (1).docx,D:\Downloads\Witleaf monitors and CMS reverification-V1-0 (1).docx,Witleaf monitors and CMS reverification-V1-0 (1).docx,Witleaf monitors and CMS reverification-V1-0 (1).docx,TempFiles,17-05-2024
4390,General,Brio X70 monitor verification V1.0 (1).docx,D:\Downloads\Brio X70 monitor verification V1.0 (1).docx,D:\Downloads\Brio X70 monitor verification V1.0 (1).docx,Brio X70 monitor verification V1.0 (1).docx,Brio X70 monitor verification V1.0 (1).docx,TempFiles,17-05-2024
4393,General,BPL PACS Interface DLL SOW v1.0 (1).docx,D:\Downloads\BPL PACS Interface DLL SOW v1.0 (1).docx,D:\Downloads\BPL PACS Interface DLL SOW v1.0 (1).docx,BPL PACS Interface DLL SOW v1.0 (1).docx,BPL PACS Interface DLL SOW v1.0 (1).docx,TempFiles,20-05-2024
4396,General,SNS integration sprint.xlsx,D:\Downloads\SNS integration sprint.xlsx,D:\Downloads\SNS integration sprint.xlsx,SNS integration sprint.xlsx,SNS integration sprint.xlsx,TempFiles,20-05-2024
4397,General,Schedule_and_Deliverables.docx,D:\Downloads\Schedule_and_Deliverables.docx,D:\Downloads\Schedule_and_Deliverables.docx,Schedule_and_Deliverables.docx,Schedule_and_Deliverables.docx,TempFiles,20-05-2024
4398,General,Schedule_and_Deliverables_Chart.docx,D:\Downloads\Schedule_and_Deliverables_Chart.docx,D:\Downloads\Schedule_and_Deliverables_Chart.docx,Schedule_and_Deliverables_Chart.docx,Schedule_and_Deliverables_Chart.docx,TempFiles,20-05-2024
4405,General,"nihon kohden vismo pvm-2701, 2703 patient monitor - user manual.pdf","D:\Downloads\nihon kohden vismo pvm-2701, 2703 patient monitor - user manual.pdf","D:\Downloads\nihon kohden vismo pvm-2701, 2703 patient monitor - user manual.pdf","nihon kohden vismo pvm-2701, 2703 patient monitor - user manual.pdf","nihon kohden vismo pvm-2701, 2703 patient monitor - user manual.pdf",TempFiles,21-05-2024
4406,General,SNS integration sprint (1).xlsx,D:\Downloads\SNS integration sprint (1).xlsx,D:\Downloads\SNS integration sprint (1).xlsx,SNS integration sprint (1).xlsx,SNS integration sprint (1).xlsx,TempFiles,22-05-2024
4408,General,Comen Star 8000 Patient Monitor - User manual.pdf,D:\Downloads\Comen Star 8000 Patient Monitor - User manual.pdf,D:\Downloads\Comen Star 8000 Patient Monitor - User manual.pdf,Comen Star 8000 Patient Monitor - User manual.pdf,Comen Star 8000 Patient Monitor - User manual.pdf,TempFiles,23-05-2024
4411,General,C50 Hercules messages.txt,D:\Downloads\C50 Hercules messages.txt,D:\Downloads\C50 Hercules messages.txt,C50 Hercules messages.txt,C50 Hercules messages.txt,TempFiles,23-05-2024
4412,General,hl7messages.log,D:\Downloads\hl7messages.log,D:\Downloads\hl7messages.log,hl7messages.log,hl7messages.log,TempFiles,23-05-2024
4413,General,hl7messages (1).log,D:\Downloads\hl7messages (1).log,D:\Downloads\hl7messages (1).log,hl7messages (1).log,hl7messages (1).log,TempFiles,23-05-2024
4416,General,HL7-Message.txt,D:\Downloads\HL7-Message.txt,D:\Downloads\HL7-Message.txt,HL7-Message.txt,HL7-Message.txt,TempFiles,24-05-2024
4423,General,output.txt,D:\Downloads\output.txt,D:\Downloads\output.txt,output.txt,output.txt,TempFiles,28-05-2024
4426,General,Wrong_Estimation_Table.docx,D:\Downloads\Wrong_Estimation_Table.docx,D:\Downloads\Wrong_Estimation_Table.docx,Wrong_Estimation_Table.docx,Wrong_Estimation_Table.docx,TempFiles,28-05-2024
4427,General,Wrong_Estimation_Presentation.pptx,D:\Downloads\Wrong_Estimation_Presentation.pptx,D:\Downloads\Wrong_Estimation_Presentation.pptx,Wrong_Estimation_Presentation.pptx,Wrong_Estimation_Presentation.pptx,TempFiles,28-05-2024
4429,General,eraser-export-export-5-28-2024-8_20_59-PM.zip,D:\Downloads\eraser-export-export-5-28-2024-8_20_59-PM.zip,D:\Downloads\eraser-export-export-5-28-2024-8_20_59-PM.zip,eraser-export-export-5-28-2024-8_20_59-PM.zip,eraser-export-export-5-28-2024-8_20_59-PM.zip,TempFiles,28-05-2024
4430,General,eraser-export-export-5-28-2024-8_24_18-PM.zip,D:\Downloads\eraser-export-export-5-28-2024-8_24_18-PM.zip,D:\Downloads\eraser-export-export-5-28-2024-8_24_18-PM.zip,eraser-export-export-5-28-2024-8_24_18-PM.zip,eraser-export-export-5-28-2024-8_24_18-PM.zip,TempFiles,28-05-2024
4454,General,package realtimegrapgh-v1.txt,D:\Downloads\package realtimegrapgh-v1.txt,D:\Downloads\package realtimegrapgh-v1.txt,package realtimegrapgh-v1.txt,package realtimegrapgh-v1.txt,TempFiles,03-06-2024
4456,General,gap-analysis.xlsx,D:\Downloads\gap-analysis.xlsx,D:\Downloads\gap-analysis.xlsx,gap-analysis.xlsx,gap-analysis.xlsx,TempFiles,04-06-2024
4457,General,VID-20240603-WA0003.mp4,D:\Downloads\VID-20240603-WA0003.mp4,D:\Downloads\VID-20240603-WA0003.mp4,VID-20240603-WA0003.mp4,VID-20240603-WA0003.mp4,TempFiles,04-06-2024
4463,General,invite.ics,D:\Downloads\invite.ics,D:\Downloads\invite.ics,invite.ics,invite.ics,TempFiles,05-06-2024
4470,General,Notes_20240610_085836.fmly,D:\Downloads\Notes_20240610_085836.fmly,D:\Downloads\Notes_20240610_085836.fmly,Notes_20240610_085836.fmly,Notes_20240610_085836.fmly,TempFiles,10-06-2024
4472,General,IOMTWebSockProducer.java,D:\Downloads\IOMTWebSockProducer.java,D:\Downloads\IOMTWebSockProducer.java,IOMTWebSockProducer.java,IOMTWebSockProducer.java,TempFiles,10-06-2024
4476,General,package com.iobit.iomt.websockclien.txt,D:\Downloads\package com.iobit.iomt.websockclien.txt,D:\Downloads\package com.iobit.iomt.websockclien.txt,package com.iobit.iomt.websockclien.txt,package com.iobit.iomt.websockclien.txt,TempFiles,10-06-2024
4477,General,Notes_20240611_093809.fmly,D:\Downloads\Notes_20240611_093809.fmly,D:\Downloads\Notes_20240611_093809.fmly,Notes_20240611_093809.fmly,Notes_20240611_093809.fmly,TempFiles,11-06-2024
4478,General,Notes_20240611_094139.fmly,D:\Downloads\Notes_20240611_094139.fmly,D:\Downloads\Notes_20240611_094139.fmly,Notes_20240611_094139.fmly,Notes_20240611_094139.fmly,TempFiles,11-06-2024
4480,General,package com.iobit.iomt.websockclien. main.txt,D:\Downloads\package com.iobit.iomt.websockclien. main.txt,D:\Downloads\package com.iobit.iomt.websockclien. main.txt,package com.iobit.iomt.websockclien. main.txt,package com.iobit.iomt.websockclien. main.txt,TempFiles,11-06-2024
4481,General,DeviceMeasurementList.csv,D:\Downloads\DeviceMeasurementList.csv,D:\Downloads\DeviceMeasurementList.csv,DeviceMeasurementList.csv,DeviceMeasurementList.csv,TempFiles,11-06-2024
4486,General,cyber report posted.bmp,D:\Downloads\cyber report posted.bmp,D:\Downloads\cyber report posted.bmp,cyber report posted.bmp,cyber report posted.bmp,TempFiles,13-06-2024
4488,General,WhatsApp Video 2024-06-12 at 14.59.50_526857c1.mp4,D:\Downloads\WhatsApp Video 2024-06-12 at 14.59.50_526857c1.mp4,D:\Downloads\WhatsApp Video 2024-06-12 at 14.59.50_526857c1.mp4,WhatsApp Video 2024-06-12 at 14.59.50_526857c1.mp4,WhatsApp Video 2024-06-12 at 14.59.50_526857c1.mp4,TempFiles,13-06-2024
4489,General,DeviceService.java,D:\Downloads\DeviceService.java,D:\Downloads\DeviceService.java,DeviceService.java,DeviceService.java,TempFiles,13-06-2024
4490,General,DeviceController.java,D:\Downloads\DeviceController.java,D:\Downloads\DeviceController.java,DeviceController.java,DeviceController.java,TempFiles,13-06-2024
4491,General,qrcode.bmp,D:\Downloads\qrcode.bmp,D:\Downloads\qrcode.bmp,qrcode.bmp,qrcode.bmp,TempFiles,13-06-2024
4492,General,iBSM API.postman_collection.json,D:\Downloads\iBSM API.postman_collection.json,D:\Downloads\iBSM API.postman_collection.json,iBSM API.postman_collection.json,iBSM API.postman_collection.json,TempFiles,13-06-2024
4500,General,Get_Patient_Admitted_Status_API_Documentation.docx,D:\Downloads\Get_Patient_Admitted_Status_API_Documentation.docx,D:\Downloads\Get_Patient_Admitted_Status_API_Documentation.docx,Get_Patient_Admitted_Status_API_Documentation.docx,Get_Patient_Admitted_Status_API_Documentation.docx,TempFiles,14-06-2024
4501,General,API_Documentation_with_Device_Login_and_Mapping.docx,D:\Downloads\API_Documentation_with_Device_Login_and_Mapping.docx,D:\Downloads\API_Documentation_with_Device_Login_and_Mapping.docx,API_Documentation_with_Device_Login_and_Mapping.docx,API_Documentation_with_Device_Login_and_Mapping.docx,TempFiles,14-06-2024
4503,General,FHIR_Compatible_API_Documentation.docx,D:\Downloads\FHIR_Compatible_API_Documentation.docx,D:\Downloads\FHIR_Compatible_API_Documentation.docx,FHIR_Compatible_API_Documentation.docx,FHIR_Compatible_API_Documentation.docx,TempFiles,14-06-2024
4504,General,FHIR_Compliant_API_Documentation.docx,D:\Downloads\FHIR_Compliant_API_Documentation.docx,D:\Downloads\FHIR_Compliant_API_Documentation.docx,FHIR_Compliant_API_Documentation.docx,FHIR_Compliant_API_Documentation.docx,TempFiles,14-06-2024
4505,General,Device_Login_API.docx,D:\Downloads\Device_Login_API.docx,D:\Downloads\Device_Login_API.docx,Device_Login_API.docx,Device_Login_API.docx,TempFiles,14-06-2024
4506,General,Get_Patient_Admitted_Status_API_Documentation (1).docx,D:\Downloads\Get_Patient_Admitted_Status_API_Documentation (1).docx,D:\Downloads\Get_Patient_Admitted_Status_API_Documentation (1).docx,Get_Patient_Admitted_Status_API_Documentation (1).docx,Get_Patient_Admitted_Status_API_Documentation (1).docx,TempFiles,14-06-2024
4507,General,iBSM API to make FHIR Compatiable.docx,D:\Downloads\iBSM API to make FHIR Compatiable.docx,D:\Downloads\iBSM API to make FHIR Compatiable.docx,iBSM API to make FHIR Compatiable.docx,iBSM API to make FHIR Compatiable.docx,TempFiles,14-06-2024
4508,General,gap-analysis (1).xlsx,D:\Downloads\gap-analysis (1).xlsx,D:\Downloads\gap-analysis (1).xlsx,gap-analysis (1).xlsx,gap-analysis (1).xlsx,TempFiles,14-06-2024
4511,General,Tracker_20240615_170325.fmly,D:\Downloads\Tracker_20240615_170325.fmly,D:\Downloads\Tracker_20240615_170325.fmly,Tracker_20240615_170325.fmly,Tracker_20240615_170325.fmly,TempFiles,15-06-2024
4512,General,Tracker_20240615_182740.fmly,D:\Downloads\Tracker_20240615_182740.fmly,D:\Downloads\Tracker_20240615_182740.fmly,Tracker_20240615_182740.fmly,Tracker_20240615_182740.fmly,TempFiles,15-06-2024
4513,General,Task_20240615_152930.fmly,D:\Downloads\Task_20240615_152930.fmly,D:\Downloads\Task_20240615_152930.fmly,Task_20240615_152930.fmly,Task_20240615_152930.fmly,TempFiles,15-06-2024
4514,General,2024_06_13_09.09.58_1718455760832.fmly,D:\Downloads\2024_06_13_09.09.58_1718455760832.fmly,D:\Downloads\2024_06_13_09.09.58_1718455760832.fmly,2024_06_13_09.09.58_1718455760832.fmly,2024_06_13_09.09.58_1718455760832.fmly,TempFiles,15-06-2024
4515,General,Tracker_20240615_202624.fmly,D:\Downloads\Tracker_20240615_202624.fmly,D:\Downloads\Tracker_20240615_202624.fmly,Tracker_20240615_202624.fmly,Tracker_20240615_202624.fmly,TempFiles,15-06-2024
4516,General,Task_20240615_210759.fmly,D:\Downloads\Task_20240615_210759.fmly,D:\Downloads\Task_20240615_210759.fmly,Task_20240615_210759.fmly,Task_20240615_210759.fmly,TempFiles,16-06-2024
4517,General,picins.bmp,D:\Downloads\picins.bmp,D:\Downloads\picins.bmp,picins.bmp,picins.bmp,TempFiles,18-06-2024
4521,General,ChatGPT - FHIR Converter.html,D:\Downloads\ChatGPT - FHIR Converter.html,D:\Downloads\ChatGPT - FHIR Converter.html,ChatGPT - FHIR Converter.html,ChatGPT - FHIR Converter.html,TempFiles,18-06-2024
4523,General,ChatGPT - FHIR Converter.mhtml,D:\Downloads\ChatGPT - FHIR Converter.mhtml,D:\Downloads\ChatGPT - FHIR Converter.mhtml,ChatGPT - FHIR Converter.mhtml,ChatGPT - FHIR Converter.mhtml,TempFiles,18-06-2024
4524,General,ChatGPT - FHIR Converter2.mhtml,D:\Downloads\ChatGPT - FHIR Converter2.mhtml,D:\Downloads\ChatGPT - FHIR Converter2.mhtml,ChatGPT - FHIR Converter2.mhtml,ChatGPT - FHIR Converter2.mhtml,TempFiles,18-06-2024
4525,General,comenHL7-Pune.zip,D:\Downloads\comenHL7-Pune.zip,D:\Downloads\comenHL7-Pune.zip,comenHL7-Pune.zip,comenHL7-Pune.zip,TempFiles,18-06-2024
4526,General,FHIRSIGNINAPIRESPONSE.json,D:\Downloads\FHIRSIGNINAPIRESPONSE.json,D:\Downloads\FHIRSIGNINAPIRESPONSE.json,FHIRSIGNINAPIRESPONSE.json,FHIRSIGNINAPIRESPONSE.json,TempFiles,19-06-2024
4528,General,contec-AH.zip,D:\Downloads\contec-AH.zip,D:\Downloads\contec-AH.zip,contec-AH.zip,contec-AH.zip,TempFiles,19-06-2024
4529,General,TruSKANS400_OM_Rev02_WCP.pdf,D:\Downloads\TruSKANS400_OM_Rev02_WCP.pdf,D:\Downloads\TruSKANS400_OM_Rev02_WCP.pdf,TruSKANS400_OM_Rev02_WCP.pdf,TruSKANS400_OM_Rev02_WCP.pdf,TempFiles,20-06-2024
4530,General,Queue_Consumer.zip,D:\Downloads\Queue_Consumer.zip,D:\Downloads\Queue_Consumer.zip,Queue_Consumer.zip,Queue_Consumer.zip,TempFiles,20-06-2024
4533,General,HL7.txt,D:\Downloads\HL7.txt,D:\Downloads\HL7.txt,HL7.txt,HL7.txt,TempFiles,21-06-2024
4535,General,HL7 (1).txt,D:\Downloads\HL7 (1).txt,D:\Downloads\HL7 (1).txt,HL7 (1).txt,HL7 (1).txt,TempFiles,24-06-2024
4536,General,200w.gif,D:\Downloads\200w.gif,D:\Downloads\200w.gif,200w.gif,200w.gif,TempFiles,24-06-2024
4538,General,0614-905902J  HL7 ADT monitor protocol specification (1).pdf,D:\Downloads\0614-905902J  HL7 ADT monitor protocol specification (1).pdf,D:\Downloads\0614-905902J  HL7 ADT monitor protocol specification (1).pdf,0614-905902J  HL7 ADT monitor protocol specification (1).pdf,0614-905902J  HL7 ADT monitor protocol specification (1).pdf,TempFiles,24-06-2024
4541,General,Transaction_Log_Documentation.docx,D:\Downloads\Transaction_Log_Documentation.docx,D:\Downloads\Transaction_Log_Documentation.docx,Transaction_Log_Documentation.docx,Transaction_Log_Documentation.docx,TempFiles,25-06-2024
4543,General,eraser-export-export-6-25-2024-2_35_00-PM.zip,D:\Downloads\eraser-export-export-6-25-2024-2_35_00-PM.zip,D:\Downloads\eraser-export-export-6-25-2024-2_35_00-PM.zip,eraser-export-export-6-25-2024-2_35_00-PM.zip,eraser-export-export-6-25-2024-2_35_00-PM.zip,TempFiles,25-06-2024
4545,General,eraser-export-export-6-25-2024-2_57_39-PM.zip,D:\Downloads\eraser-export-export-6-25-2024-2_57_39-PM.zip,D:\Downloads\eraser-export-export-6-25-2024-2_57_39-PM.zip,eraser-export-export-6-25-2024-2_57_39-PM.zip,eraser-export-export-6-25-2024-2_57_39-PM.zip,TempFiles,25-06-2024
4553,General,PermissionChecker_Documentation.docx,D:\Downloads\PermissionChecker_Documentation.docx,D:\Downloads\PermissionChecker_Documentation.docx,PermissionChecker_Documentation.docx,PermissionChecker_Documentation.docx,TempFiles,26-06-2024
4554,General,PermissionChecker_Documentation_Complete.docx,D:\Downloads\PermissionChecker_Documentation_Complete.docx,D:\Downloads\PermissionChecker_Documentation_Complete.docx,PermissionChecker_Documentation_Complete.docx,PermissionChecker_Documentation_Complete.docx,TempFiles,26-06-2024
4555,General,ChatGPT - API Refine.mhtml,D:\Downloads\ChatGPT - API Refine.mhtml,D:\Downloads\ChatGPT - API Refine.mhtml,"ChatGPT - API Refine.mhtml
API Refine how to use ",ChatGPT - API Refine.mhtml,TempFiles,26-06-2024
4557,General,Trigger_function_2.sql,D:\Downloads\Trigger_function_2.sql,D:\Downloads\Trigger_function_2.sql,Trigger_function_2.sql,Trigger_function_2.sql,TempFiles,27-06-2024
4569,General,tracker_view.dart,D:\Downloads\tracker_view.dart,D:\Downloads\tracker_view.dart,tracker_view.dart,tracker_view.dart,TempFiles,30-06-2024
4574,General,invoice-3.xlsx,D:\Downloads\invoice-3.xlsx,D:\Downloads\invoice-3.xlsx,invoice-3.xlsx,invoice-3.xlsx,TempFiles,01-07-2024
4579,General,Mid_Cap_Solar_Energy_Companies_India.xlsx,D:\Downloads\Mid_Cap_Solar_Energy_Companies_India.xlsx,D:\Downloads\Mid_Cap_Solar_Energy_Companies_India.xlsx,Mid_Cap_Solar_Energy_Companies_India.xlsx,Mid_Cap_Solar_Energy_Companies_India.xlsx,TempFiles,02-07-2024
4580,General,Solar_Energy_Companies_India.xlsx,D:\Downloads\Solar_Energy_Companies_India.xlsx,D:\Downloads\Solar_Energy_Companies_India.xlsx,Solar_Energy_Companies_India.xlsx,Solar_Energy_Companies_India.xlsx,TempFiles,02-07-2024
4581,General,Selected_IT_Companies_India.xlsx,D:\Downloads\Selected_IT_Companies_India.xlsx,D:\Downloads\Selected_IT_Companies_India.xlsx,Selected_IT_Companies_India.xlsx,Selected_IT_Companies_India.xlsx,TempFiles,02-07-2024
4582,General,All_Selected_IT_Companies_India.xlsx,D:\Downloads\All_Selected_IT_Companies_India.xlsx,D:\Downloads\All_Selected_IT_Companies_India.xlsx,All_Selected_IT_Companies_India.xlsx,All_Selected_IT_Companies_India.xlsx,TempFiles,02-07-2024
4583,General,Solar_Energy_and IT Companies_India.xlsx,D:\Downloads\Solar_Energy_and IT Companies_India.xlsx,D:\Downloads\Solar_Energy_and IT Companies_India.xlsx,Solar_Energy_and IT Companies_India.xlsx,Solar_Energy_and IT Companies_India.xlsx,TempFiles,02-07-2024
4584,General,Selected_Mutual_Funds_India.xlsx,D:\Downloads\Selected_Mutual_Funds_India.xlsx,D:\Downloads\Selected_Mutual_Funds_India.xlsx,Selected_Mutual_Funds_India.xlsx,Selected_Mutual_Funds_India.xlsx,TempFiles,02-07-2024
4585,General,Selected_Mutual_Funds_India_with_ROI.xlsx,D:\Downloads\Selected_Mutual_Funds_India_with_ROI.xlsx,D:\Downloads\Selected_Mutual_Funds_India_with_ROI.xlsx,Selected_Mutual_Funds_India_with_ROI.xlsx,Selected_Mutual_Funds_India_with_ROI.xlsx,TempFiles,02-07-2024
4586,General,Selected_and_Fastest_Growing_Mutual_Funds_India.xlsx,D:\Downloads\Selected_and_Fastest_Growing_Mutual_Funds_India.xlsx,D:\Downloads\Selected_and_Fastest_Growing_Mutual_Funds_India.xlsx,Selected_and_Fastest_Growing_Mutual_Funds_India.xlsx,Selected_and_Fastest_Growing_Mutual_Funds_India.xlsx,TempFiles,02-07-2024
4587,General,Selected_and_Fastest_Growing_Mutual_Funds_India_with_Inception.xlsx,D:\Downloads\Selected_and_Fastest_Growing_Mutual_Funds_India_with_Inception.xlsx,D:\Downloads\Selected_and_Fastest_Growing_Mutual_Funds_India_with_Inception.xlsx,Selected_and_Fastest_Growing_Mutual_Funds_India_with_Inception.xlsx,Selected_and_Fastest_Growing_Mutual_Funds_India_with_Inception.xlsx,TempFiles,02-07-2024
4588,General,Screencast from 01-07-24 06_24_05 PM IST.webm,D:\Downloads\Screencast from 01-07-24 06_24_05 PM IST.webm,D:\Downloads\Screencast from 01-07-24 06_24_05 PM IST.webm,Screencast from 01-07-24 06_24_05 PM IST.webm,Screencast from 01-07-24 06_24_05 PM IST.webm,TempFiles,02-07-2024
4589,General,ADS1293 (2).PDF,D:\Downloads\ADS1293 (2).PDF,D:\Downloads\ADS1293 (2).PDF,ADS1293 (2).PDF,ADS1293 (2).PDF,TempFiles,02-07-2024
4593,General,slp01a.ecg,D:\Downloads\slp01a.ecg,D:\Downloads\slp01a.ecg,slp01a.ecg,slp01a.ecg,TempFiles,03-07-2024
4594,General,mit-bih-polysomnographic-database-1.0.0.zip,D:\Downloads\mit-bih-polysomnographic-database-1.0.0.zip,D:\Downloads\mit-bih-polysomnographic-database-1.0.0.zip,mit-bih-polysomnographic-database-1.0.0.zip,mit-bih-polysomnographic-database-1.0.0.zip,TempFiles,03-07-2024
4601,General,Alarm_Observations_Data.txt,D:\Downloads\Alarm_Observations_Data.txt,D:\Downloads\Alarm_Observations_Data.txt,Alarm_Observations_Data.txt,Alarm_Observations_Data.txt,TempFiles,05-07-2024
4602,General,Alarm_Observations_Data_2.txt,D:\Downloads\Alarm_Observations_Data_2.txt,D:\Downloads\Alarm_Observations_Data_2.txt,Alarm_Observations_Data_2.txt,Alarm_Observations_Data_2.txt,TempFiles,05-07-2024
4603,General,Alarm_Observations_Data_3.txt,D:\Downloads\Alarm_Observations_Data_3.txt,D:\Downloads\Alarm_Observations_Data_3.txt,Alarm_Observations_Data_3.txt,Alarm_Observations_Data_3.txt,TempFiles,05-07-2024
4605,General,VitalsCapture.py,D:\Downloads\VitalsCapture.py,D:\Downloads\VitalsCapture.py,VitalsCapture.py,VitalsCapture.py,TempFiles,06-07-2024
4606,General,VitalsCapture (1).py,D:\Downloads\VitalsCapture (1).py,D:\Downloads\VitalsCapture (1).py,VitalsCapture (1).py,VitalsCapture (1).py,TempFiles,06-07-2024
4607,General,02c12d77-cf11-45a4-ba63-5d2040eba922.webp,D:\Downloads\02c12d77-cf11-45a4-ba63-5d2040eba922.webp,D:\Downloads\02c12d77-cf11-45a4-ba63-5d2040eba922.webp,02c12d77-cf11-45a4-ba63-5d2040eba922.webp,02c12d77-cf11-45a4-ba63-5d2040eba922.webp,TempFiles,06-07-2024
4608,General,"DALL·E 2024-07-06 14.39.07 - A hospital room with a patient monitoring setup. The room includes a hospital bed with a patient lying on it, attached to various sensors on the chest.webp","D:\Downloads\DALL·E 2024-07-06 14.39.07 - A hospital room with a patient monitoring setup. The room includes a hospital bed with a patient lying on it, attached to various sensors on the chest.webp","D:\Downloads\DALL·E 2024-07-06 14.39.07 - A hospital room with a patient monitoring setup. The room includes a hospital bed with a patient lying on it, attached to various sensors on the chest.webp","DALL·E 2024-07-06 14.39.07 - A hospital room with a patient monitoring setup. The room includes a hospital bed with a patient lying on it, attached to various sensors on the chest.webp","DALL·E 2024-07-06 14.39.07 - A hospital room with a patient monitoring setup. The room includes a hospital bed with a patient lying on it, attached to various sensors on the chest.webp",TempFiles,06-07-2024
4612,General,Preventing_Exposure_of_Sensitive_Data.docx,D:\Downloads\Preventing_Exposure_of_Sensitive_Data.docx,D:\Downloads\Preventing_Exposure_of_Sensitive_Data.docx,Preventing_Exposure_of_Sensitive_Data.docx,Preventing_Exposure_of_Sensitive_Data.docx,TempFiles,08-07-2024
4622,General,LAN_Connection_Setup_Windows.docx,D:\Downloads\LAN_Connection_Setup_Windows.docx,D:\Downloads\LAN_Connection_Setup_Windows.docx,LAN_Connection_Setup_Windows.docx,LAN_Connection_Setup_Windows.docx,TempFiles,10-07-2024
4623,General,output (1).txt,D:\Downloads\output (1).txt,D:\Downloads\output (1).txt,output (1).txt,output (1).txt,TempFiles,10-07-2024
4625,General,hl7mesg.txt,D:\Downloads\hl7mesg.txt,D:\Downloads\hl7mesg.txt,hl7mesg.txt,hl7mesg.txt,TempFiles,10-07-2024
4626,General,hl7mesg (1).txt,D:\Downloads\hl7mesg (1).txt,D:\Downloads\hl7mesg (1).txt,hl7mesg (1).txt,hl7mesg (1).txt,TempFiles,10-07-2024
4629,General,HL72FHIRWebSockSenderMvn_Comen and contec.zip,D:\Downloads\HL72FHIRWebSockSenderMvn_Comen and contec.zip,D:\Downloads\HL72FHIRWebSockSenderMvn_Comen and contec.zip,HL72FHIRWebSockSenderMvn_Comen and contec.zip,HL72FHIRWebSockSenderMvn_Comen and contec.zip,TempFiles,11-07-2024
4630,General,HL72FHIRWebSockSenderMvn_contec.zip,D:\Downloads\HL72FHIRWebSockSenderMvn_contec.zip,D:\Downloads\HL72FHIRWebSockSenderMvn_contec.zip,HL72FHIRWebSockSenderMvn_contec.zip,HL72FHIRWebSockSenderMvn_contec.zip,TempFiles,11-07-2024
4633,General,Nano_with_Patient_hl7mesg.txt,D:\Downloads\Nano_with_Patient_hl7mesg.txt,D:\Downloads\Nano_with_Patient_hl7mesg.txt,Nano_with_Patient_hl7mesg.txt,Nano_with_Patient_hl7mesg.txt,TempFiles,12-07-2024
4634,General,Comen_Listener.zip,D:\Downloads\Comen_Listener.zip,D:\Downloads\Comen_Listener.zip,Comen_Listener.zip,Comen_Listener.zip,TempFiles,12-07-2024
4638,General,old ap gradle family app.txt,D:\Downloads\old ap gradle family app.txt,D:\Downloads\old ap gradle family app.txt,old ap gradle family app.txt,old ap gradle family app.txt,TempFiles,13-07-2024
4643,General,ECGMonitorHL7Simulator_filesaving.zip,D:\Downloads\ECGMonitorHL7Simulator_filesaving.zip,D:\Downloads\ECGMonitorHL7Simulator_filesaving.zip,ECGMonitorHL7Simulator_filesaving.zip,ECGMonitorHL7Simulator_filesaving.zip,TempFiles,15-07-2024
4645,General,android-studio-2024.1.1.12-windows.exe,D:\Downloads\android-studio-2024.1.1.12-windows.exe,D:\Downloads\android-studio-2024.1.1.12-windows.exe,android-studio-2024.1.1.12-windows.exe,android-studio-2024.1.1.12-windows.exe,TempFiles,16-07-2024
4647,General,Comen_listener (1).zip,D:\Downloads\Comen_listener (1).zip,D:\Downloads\Comen_listener (1).zip,Comen_listener (1).zip,Comen_listener (1).zip,TempFiles,16-07-2024
4648,General,Comen_Listener (2).zip,D:\Downloads\Comen_Listener (2).zip,D:\Downloads\Comen_Listener (2).zip,Comen_Listener (2).zip,Comen_Listener (2).zip,TempFiles,16-07-2024
4654,General,google-services (8).json,D:\Downloads\google-services (8).json,D:\Downloads\google-services (8).json,google-services (8).json,google-services (8).json,TempFiles,18-07-2024
4655,General,familydocs-caf13-default-rtdb-export.json,D:\Downloads\familydocs-caf13-default-rtdb-export.json,D:\Downloads\familydocs-caf13-default-rtdb-export.json,familydocs-caf13-default-rtdb-export.json,familydocs-caf13-default-rtdb-export.json,TempFiles,18-07-2024
4657,General,PermissionChecker.java,D:\Downloads\PermissionChecker.java,D:\Downloads\PermissionChecker.java,PermissionChecker.java,PermissionChecker.java,TempFiles,18-07-2024
4658,General,Auth0TokenProvider.java,D:\Downloads\Auth0TokenProvider.java,D:\Downloads\Auth0TokenProvider.java,Auth0TokenProvider.java,Auth0TokenProvider.java,TempFiles,18-07-2024
4663,General,dicom_viewer_0002.zip,D:\Downloads\dicom_viewer_0002.zip,D:\Downloads\dicom_viewer_0002.zip,dicom_viewer_0002.zip,dicom_viewer_0002.zip,TempFiles,19-07-2024
4664,General,Understanding DICOM Image..mhtml,D:\Downloads\Understanding DICOM Image..mhtml,D:\Downloads\Understanding DICOM Image..mhtml,Understanding DICOM Image..mhtml,Understanding DICOM Image..mhtml,TempFiles,19-07-2024
4672,General,familydocs-caf13-default-rtdb-AppInstalls-export.json,D:\Downloads\familydocs-caf13-default-rtdb-AppInstalls-export.json,D:\Downloads\familydocs-caf13-default-rtdb-AppInstalls-export.json,familydocs-caf13-default-rtdb-AppInstalls-export.json,familydocs-caf13-default-rtdb-AppInstalls-export.json,TempFiles,20-07-2024
4673,General,familydocs-caf13-default-rtdb-AppInstalls-export (1).json,D:\Downloads\familydocs-caf13-default-rtdb-AppInstalls-export (1).json,D:\Downloads\familydocs-caf13-default-rtdb-AppInstalls-export (1).json,familydocs-caf13-default-rtdb-AppInstalls-export (1).json,familydocs-caf13-default-rtdb-AppInstalls-export (1).json,TempFiles,20-07-2024
4674,General,familydocs-caf13-default-rtdb-export (1).json,D:\Downloads\familydocs-caf13-default-rtdb-export (1).json,D:\Downloads\familydocs-caf13-default-rtdb-export (1).json,familydocs-caf13-default-rtdb-export (1).json,familydocs-caf13-default-rtdb-export (1).json,TempFiles,20-07-2024
4689,General,cronlog,D:\Downloads\cronlog,D:\Downloads\cronlog,cronlog,cronlog,TempFiles,24-07-2024
4697,General,usb serial.mhtml,D:\Downloads\usb serial.mhtml,D:\Downloads\usb serial.mhtml,usb serial.mhtml,usb serial.mhtml,TempFiles,27-07-2024
4699,General,config (1).json,D:\Downloads\config (1).json,D:\Downloads\config (1).json,config (1).json,config (1).json,TempFiles,27-07-2024
4700,General,Memory Usage Java Apps.mhtml,D:\Downloads\Memory Usage Java Apps.mhtml,D:\Downloads\Memory Usage Java Apps.mhtml,Memory Usage Java Apps.mhtml,Memory Usage Java Apps.mhtml,TempFiles,27-07-2024
4702,General,queue__.zip,D:\Downloads\queue__.zip,D:\Downloads\queue__.zip,queue__.zip,queue__.zip,TempFiles,29-07-2024
4703,General,21724_20240729_123325852.txt,D:\Downloads\21724_20240729_123325852.txt,D:\Downloads\21724_20240729_123325852.txt,21724_20240729_123325852.txt,21724_20240729_123325852.txt,TempFiles,29-07-2024
4704,General,21724_20240729_123325862.txt,D:\Downloads\21724_20240729_123325862.txt,D:\Downloads\21724_20240729_123325862.txt,21724_20240729_123325862.txt,21724_20240729_123325862.txt,TempFiles,29-07-2024
4707,General,22_ab17b662-59e5-4f4e-8b1e-52a323fdce59.webp,D:\Downloads\22_ab17b662-59e5-4f4e-8b1e-52a323fdce59.webp,D:\Downloads\22_ab17b662-59e5-4f4e-8b1e-52a323fdce59.webp,22_ab17b662-59e5-4f4e-8b1e-52a323fdce59.webp,22_ab17b662-59e5-4f4e-8b1e-52a323fdce59.webp,TempFiles,30-07-2024
4711,General,Binoy_invoice-4.xlsx,D:\Downloads\Binoy_invoice-4.xlsx,D:\Downloads\Binoy_invoice-4.xlsx,Binoy_invoice-4.xlsx,Binoy_invoice-4.xlsx,TempFiles,30-07-2024
4712,General,Dhanya_task.xlsx,D:\Downloads\Dhanya_task.xlsx,D:\Downloads\Dhanya_task.xlsx,Dhanya_task.xlsx,Dhanya_task.xlsx,TempFiles,30-07-2024
4721,General,QueueConsumer (1).zip,D:\Downloads\QueueConsumer (1).zip,D:\Downloads\QueueConsumer (1).zip,QueueConsumer (1).zip,QueueConsumer (1).zip,TempFiles,31-07-2024
4728,General,VNC-Connect-Installer-2.3.0-Windows.exe,D:\Downloads\VNC-Connect-Installer-2.3.0-Windows.exe,D:\Downloads\VNC-Connect-Installer-2.3.0-Windows.exe,VNC-Connect-Installer-2.3.0-Windows.exe,VNC-Connect-Installer-2.3.0-Windows.exe,TempFiles,01-08-2024
4730,General,iTouchPatientMonitorConnectorProducer_running.zip,D:\Downloads\iTouchPatientMonitorConnectorProducer_running.zip,D:\Downloads\iTouchPatientMonitorConnectorProducer_running.zip,iTouchPatientMonitorConnectorProducer_running.zip,iTouchPatientMonitorConnectorProducer_running.zip,TempFiles,02-08-2024
4731,General,changes.zip,D:\Downloads\changes.zip,D:\Downloads\changes.zip,changes.zip,changes.zip,TempFiles,02-08-2024
4732,General,changes (1).zip,D:\Downloads\changes (1).zip,D:\Downloads\changes (1).zip,changes (1).zip,changes (1).zip,TempFiles,02-08-2024
4733,General,iTouchPatientMonitorConnectorProducer_running (1).zip,D:\Downloads\iTouchPatientMonitorConnectorProducer_running (1).zip,D:\Downloads\iTouchPatientMonitorConnectorProducer_running (1).zip,iTouchPatientMonitorConnectorProducer_running (1).zip,iTouchPatientMonitorConnectorProducer_running (1).zip,TempFiles,02-08-2024
4734,General,171002_20240802_121723166.txt,D:\Downloads\171002_20240802_121723166.txt,D:\Downloads\171002_20240802_121723166.txt,171002_20240802_121723166.txt,171002_20240802_121723166.txt,TempFiles,02-08-2024
4735,General,171002_20240802_121723284.txt,D:\Downloads\171002_20240802_121723284.txt,D:\Downloads\171002_20240802_121723284.txt,171002_20240802_121723284.txt,171002_20240802_121723284.txt,TempFiles,02-08-2024
4736,General,171002_20240802_121723288.txt,D:\Downloads\171002_20240802_121723288.txt,D:\Downloads\171002_20240802_121723288.txt,171002_20240802_121723288.txt,171002_20240802_121723288.txt,TempFiles,02-08-2024
4737,General,171002_20240802_121724266.txt,D:\Downloads\171002_20240802_121724266.txt,D:\Downloads\171002_20240802_121724266.txt,171002_20240802_121724266.txt,171002_20240802_121724266.txt,TempFiles,02-08-2024
4739,General,36_83b8ac2e-46f6-423a-959d-82ec4fe45f7a.webp,D:\Downloads\36_83b8ac2e-46f6-423a-959d-82ec4fe45f7a.webp,D:\Downloads\36_83b8ac2e-46f6-423a-959d-82ec4fe45f7a.webp,36_83b8ac2e-46f6-423a-959d-82ec4fe45f7a.webp,36_83b8ac2e-46f6-423a-959d-82ec4fe45f7a.webp,TempFiles,04-08-2024
4741,General,SAF.SIR.63993206_1682426677584.webp,D:\Downloads\SAF.SIR.63993206_1682426677584.webp,D:\Downloads\SAF.SIR.63993206_1682426677584.webp,SAF.SIR.63993206_1682426677584.webp,SAF.SIR.63993206_1682426677584.webp,TempFiles,04-08-2024
4747,General,AFE_Specifications_Facial_EMG_Bruxism_Analysis.docx,D:\Downloads\AFE_Specifications_Facial_EMG_Bruxism_Analysis.docx,D:\Downloads\AFE_Specifications_Facial_EMG_Bruxism_Analysis.docx,AFE_Specifications_Facial_EMG_Bruxism_Analysis.docx,AFE_Specifications_Facial_EMG_Bruxism_Analysis.docx,TempFiles,05-08-2024
4748,General,AFE_Specifications_Facial_EMG_Bruxism_Analysis_Updated.docx,D:\Downloads\AFE_Specifications_Facial_EMG_Bruxism_Analysis_Updated.docx,D:\Downloads\AFE_Specifications_Facial_EMG_Bruxism_Analysis_Updated.docx,AFE_Specifications_Facial_EMG_Bruxism_Analysis_Updated.docx,AFE_Specifications_Facial_EMG_Bruxism_Analysis_Updated.docx,TempFiles,05-08-2024
4751,General,tools order.bmp,D:\Downloads\tools order.bmp,D:\Downloads\tools order.bmp,tools order.bmp,tools order.bmp,TempFiles,05-08-2024
4758,General,oyo payment.bmp,D:\Downloads\oyo payment.bmp,D:\Downloads\oyo payment.bmp,oyo payment.bmp,oyo payment.bmp,TempFiles,05-08-2024
4759,General,client_secret_312451620388-dgncono7k5dmiv3mtueunt6ven0dc8hi.apps.googleusercontent.com.json,D:\Downloads\client_secret_312451620388-dgncono7k5dmiv3mtueunt6ven0dc8hi.apps.googleusercontent.com.json,D:\Downloads\client_secret_312451620388-dgncono7k5dmiv3mtueunt6ven0dc8hi.apps.googleusercontent.com.json,client_secret_312451620388-dgncono7k5dmiv3mtueunt6ven0dc8hi.apps.googleusercontent.com.json,client_secret_312451620388-dgncono7k5dmiv3mtueunt6ven0dc8hi.apps.googleusercontent.com.json,TempFiles,06-08-2024
4760,General,GE-B125B105-Technical-Manual.pdf,D:\Downloads\GE-B125B105-Technical-Manual.pdf,D:\Downloads\GE-B125B105-Technical-Manual.pdf,GE-B125B105-Technical-Manual.pdf,GE-B125B105-Technical-Manual.pdf,TempFiles,06-08-2024
4766,General,tw8IAOD66Ihk4-xxlarge.webp,D:\Downloads\tw8IAOD66Ihk4-xxlarge.webp,D:\Downloads\tw8IAOD66Ihk4-xxlarge.webp,tw8IAOD66Ihk4-xxlarge.webp,tw8IAOD66Ihk4-xxlarge.webp,TempFiles,06-08-2024
4767,General,ChatGPT.mhtml,D:\Downloads\ChatGPT.mhtml,D:\Downloads\ChatGPT.mhtml,ChatGPT.mhtml,ChatGPT.mhtml,TempFiles,06-08-2024
4769,General,client_secret_312451620388-tnlkqv2qurkctiqddq2supfql0eebon0.apps.googleusercontent.com.json,D:\Downloads\client_secret_312451620388-tnlkqv2qurkctiqddq2supfql0eebon0.apps.googleusercontent.com.json,D:\Downloads\client_secret_312451620388-tnlkqv2qurkctiqddq2supfql0eebon0.apps.googleusercontent.com.json,client_secret_312451620388-tnlkqv2qurkctiqddq2supfql0eebon0.apps.googleusercontent.com.json,client_secret_312451620388-tnlkqv2qurkctiqddq2supfql0eebon0.apps.googleusercontent.com.json,TempFiles,07-08-2024
4770,General,auth screen familyapp doc.bmp,D:\Downloads\auth screen familyapp doc.bmp,D:\Downloads\auth screen familyapp doc.bmp,auth screen familyapp doc.bmp,auth screen familyapp doc.bmp,TempFiles,07-08-2024
4772,General,com.bmjoapps.familydocs2.apk,D:\Downloads\com.bmjoapps.familydocs2.apk,D:\Downloads\com.bmjoapps.familydocs2.apk,com.bmjoapps.familydocs2.apk,com.bmjoapps.familydocs2.apk,TempFiles,07-08-2024
4784,General,Understanding DICOM Image2..mhtml,D:\Downloads\Understanding DICOM Image2..mhtml,D:\Downloads\Understanding DICOM Image2..mhtml,Understanding DICOM Image2..mhtml,Understanding DICOM Image2..mhtml,TempFiles,07-08-2024
4786,General,name familydocs.yml,D:\Downloads\name familydocs.yml,D:\Downloads\name familydocs.yml,name familydocs.yml,name familydocs.yml,TempFiles,08-08-2024
4787,General,iTouchPatientMonitorConnectorProducer_Lastest.zip,D:\Downloads\iTouchPatientMonitorConnectorProducer_Lastest.zip,D:\Downloads\iTouchPatientMonitorConnectorProducer_Lastest.zip,iTouchPatientMonitorConnectorProducer_Lastest.zip,iTouchPatientMonitorConnectorProducer_Lastest.zip,TempFiles,08-08-2024
4788,General,WinMerge-2.16.42.1-x64-Setup.exe,D:\Downloads\WinMerge-2.16.42.1-x64-Setup.exe,D:\Downloads\WinMerge-2.16.42.1-x64-Setup.exe,WinMerge-2.16.42.1-x64-Setup.exe,WinMerge-2.16.42.1-x64-Setup.exe,TempFiles,08-08-2024
4789,General,Meld-3.22.2-mingw.msi,D:\Downloads\Meld-3.22.2-mingw.msi,D:\Downloads\Meld-3.22.2-mingw.msi,Meld-3.22.2-mingw.msi,Meld-3.22.2-mingw.msi,TempFiles,08-08-2024
4790,General,iTouch.postman_collection.json,D:\Downloads\iTouch.postman_collection.json,D:\Downloads\iTouch.postman_collection.json,iTouch.postman_collection.json,iTouch.postman_collection.json,TempFiles,08-08-2024
4792,General,name familydocs.txt,D:\Downloads\name familydocs.txt,D:\Downloads\name familydocs.txt,name familydocs.txt,name familydocs.txt,TempFiles,09-08-2024
4793,General,Screencast from 09-08-24 12_43_11 PM IST.webm,D:\Downloads\Screencast from 09-08-24 12_43_11 PM IST.webm,D:\Downloads\Screencast from 09-08-24 12_43_11 PM IST.webm,Screencast from 09-08-24 12_43_11 PM IST.webm,Screencast from 09-08-24 12_43_11 PM IST.webm,TempFiles,09-08-2024
4797,General,Gemini.mhtml,D:\Downloads\Gemini.mhtml,D:\Downloads\Gemini.mhtml,Gemini.mhtml,Gemini.mhtml,TempFiles,12-08-2024
4798,General,Simulated Patient Vital Signs CSV Generator - Claude.mhtml,D:\Downloads\Simulated Patient Vital Signs CSV Generator - Claude.mhtml,D:\Downloads\Simulated Patient Vital Signs CSV Generator - Claude.mhtml,Simulated Patient Vital Signs CSV Generator - Claude.mhtml,Simulated Patient Vital Signs CSV Generator - Claude.mhtml,TempFiles,12-08-2024
4802,General,Enhancing_PET_Scanning_for_MS_Myelin_Measurement.docx,D:\Downloads\Enhancing_PET_Scanning_for_MS_Myelin_Measurement.docx,D:\Downloads\Enhancing_PET_Scanning_for_MS_Myelin_Measurement.docx,Enhancing_PET_Scanning_for_MS_Myelin_Measurement.docx,Enhancing_PET_Scanning_for_MS_Myelin_Measurement.docx,TempFiles,13-08-2024
4803,General,camera_pins.h,D:\Downloads\camera_pins.h,D:\Downloads\camera_pins.h,camera_pins.h,camera_pins.h,TempFiles,13-08-2024
4804,General,BCameraWebServer_Gemini.ino,D:\Downloads\BCameraWebServer_Gemini.ino,D:\Downloads\BCameraWebServer_Gemini.ino,BCameraWebServer_Gemini.ino,BCameraWebServer_Gemini.ino,TempFiles,13-08-2024
4806,General,VitalsCapture_WSS_mod_imgFile.py,D:\Downloads\VitalsCapture_WSS_mod_imgFile.py,D:\Downloads\VitalsCapture_WSS_mod_imgFile.py,VitalsCapture_WSS_mod_imgFile.py,VitalsCapture_WSS_mod_imgFile.py,TempFiles,14-08-2024
4811,General,queueconsumer___.zip,D:\Downloads\queueconsumer___.zip,D:\Downloads\queueconsumer___.zip,queueconsumer___.zip,queueconsumer___.zip,TempFiles,14-08-2024
4813,General,Screencast from 14-08-24 05_07_29 PM IST.webm,D:\Downloads\Screencast from 14-08-24 05_07_29 PM IST.webm,D:\Downloads\Screencast from 14-08-24 05_07_29 PM IST.webm,Screencast from 14-08-24 05_07_29 PM IST.webm,Screencast from 14-08-24 05_07_29 PM IST.webm,TempFiles,14-08-2024
4816,General,beacon_fourchan_wifi10-6-2016.rar,D:\Downloads\beacon_fourchan_wifi10-6-2016.rar,D:\Downloads\beacon_fourchan_wifi10-6-2016.rar,beacon_fourchan_wifi10-6-2016.rar,beacon_fourchan_wifi10-6-2016.rar,TempFiles,16-08-2024
4817,General,beacon_fourchan_wifi23-8-2016-UDP.rar,D:\Downloads\beacon_fourchan_wifi23-8-2016-UDP.rar,D:\Downloads\beacon_fourchan_wifi23-8-2016-UDP.rar,beacon_fourchan_wifi23-8-2016-UDP.rar,beacon_fourchan_wifi23-8-2016-UDP.rar,TempFiles,16-08-2024
4821,General,FamilyDocGoogleScripts.postman_collection.json,D:\Downloads\FamilyDocGoogleScripts.postman_collection.json,D:\Downloads\FamilyDocGoogleScripts.postman_collection.json,FamilyDocGoogleScripts.postman_collection.json,FamilyDocGoogleScripts.postman_collection.json,TempFiles,19-08-2024
4827,General,reactweb web sock connection to recv image and display it.mhtml,D:\Downloads\reactweb web sock connection to recv image and display it.mhtml,D:\Downloads\reactweb web sock connection to recv image and display it.mhtml,reactweb web sock connection to recv image and display it.mhtml,reactweb web sock connection to recv image and display it.mhtml,TempFiles,20-08-2024
4830,General,ECG GENX3.rar,D:\Downloads\ECG GENX3.rar,D:\Downloads\ECG GENX3.rar,ECG GENX3.rar,ECG GENX3.rar,TempFiles,21-08-2024
4831,General,PATIENT MONITOR VIVID VUE PROTOCOL.rar,D:\Downloads\PATIENT MONITOR VIVID VUE PROTOCOL.rar,D:\Downloads\PATIENT MONITOR VIVID VUE PROTOCOL.rar,PATIENT MONITOR VIVID VUE PROTOCOL.rar,PATIENT MONITOR VIVID VUE PROTOCOL.rar,TempFiles,21-08-2024
4833,General,PACS_Server-main.zip,D:\Downloads\PACS_Server-main.zip,D:\Downloads\PACS_Server-main.zip,PACS_Server-main.zip,PACS_Server-main.zip,TempFiles,21-08-2024
4834,General,dcmtk-3.6.8-win64-dynamic.zip,D:\Downloads\dcmtk-3.6.8-win64-dynamic.zip,D:\Downloads\dcmtk-3.6.8-win64-dynamic.zip,dcmtk-3.6.8-win64-dynamic.zip,dcmtk-3.6.8-win64-dynamic.zip,TempFiles,21-08-2024
4835,General,DICOM_Files.zip,D:\Downloads\DICOM_Files.zip,D:\Downloads\DICOM_Files.zip,DICOM_Files.zip,DICOM_Files.zip,TempFiles,21-08-2024
4839,General,iorbit-website-main.zip,D:\Downloads\iorbit-website-main.zip,D:\Downloads\iorbit-website-main.zip,iorbit-website-main.zip,iorbit-website-main.zip,TempFiles,22-08-2024
4840,General,Securing_Software_Patching_Through_MDM.docx,D:\Downloads\Securing_Software_Patching_Through_MDM.docx,D:\Downloads\Securing_Software_Patching_Through_MDM.docx,Securing_Software_Patching_Through_MDM.docx,Securing_Software_Patching_Through_MDM.docx,TempFiles,22-08-2024
4841,General,app-release (2).apk,D:\Downloads\app-release (2).apk,D:\Downloads\app-release (2).apk,app-release (2).apk,app-release (2).apk,TempFiles,22-08-2024
4844,General,itouch.apk,D:\Downloads\itouch.apk,D:\Downloads\itouch.apk,itouch.apk,itouch.apk,TempFiles,22-08-2024
4849,General,itouch2.apk,D:\Downloads\itouch2.apk,D:\Downloads\itouch2.apk,itouch2.apk,itouch2.apk,TempFiles,23-08-2024
4850,General,iTouch4.apk,D:\Downloads\iTouch4.apk,D:\Downloads\iTouch4.apk,iTouch4.apk,iTouch4.apk,TempFiles,23-08-2024
4851,General,hl7mesgs_Bpl_22824.txt,D:\Downloads\hl7mesgs_Bpl_22824.txt,D:\Downloads\hl7mesgs_Bpl_22824.txt,hl7mesgs_Bpl_22824.txt,hl7mesgs_Bpl_22824.txt,TempFiles,23-08-2024
4852,General,PM Video_23Aug2024.mp4,D:\Downloads\PM Video_23Aug2024.mp4,D:\Downloads\PM Video_23Aug2024.mp4,PM Video_23Aug2024.mp4,PM Video_23Aug2024.mp4,TempFiles,23-08-2024
4857,General,hl7mesgs_Bpl_22824 (1).txt,D:\Downloads\hl7mesgs_Bpl_22824 (1).txt,D:\Downloads\hl7mesgs_Bpl_22824 (1).txt,hl7mesgs_Bpl_22824 (1).txt,hl7mesgs_Bpl_22824 (1).txt,TempFiles,26-08-2024
4859,General,Screencast from 26-08-24 04_58_21 PM IST.webm,D:\Downloads\Screencast from 26-08-24 04_58_21 PM IST.webm,D:\Downloads\Screencast from 26-08-24 04_58_21 PM IST.webm,Screencast from 26-08-24 04_58_21 PM IST.webm,Screencast from 26-08-24 04_58_21 PM IST.webm,TempFiles,26-08-2024
4860,General,20240826_173159.mp4,D:\Downloads\20240826_173159.mp4,D:\Downloads\20240826_173159.mp4,20240826_173159.mp4,20240826_173159.mp4,TempFiles,26-08-2024
4862,General,claude_ai_aug23a.zip,D:\Downloads\claude_ai_aug23a.zip,D:\Downloads\claude_ai_aug23a.zip,claude_ai_aug23a.zip,claude_ai_aug23a.zip,TempFiles,26-08-2024
4863,General,app-release (3).apk,D:\Downloads\app-release (3).apk,D:\Downloads\app-release (3).apk,app-release (3).apk,app-release (3).apk,TempFiles,27-08-2024
4864,General,iTouch5.apk,D:\Downloads\iTouch5.apk,D:\Downloads\iTouch5.apk,iTouch5.apk,iTouch5.apk,TempFiles,27-08-2024
4865,General,Hosting_iTouch_Applications_on_Google_Cloud.docx,D:\Downloads\Hosting_iTouch_Applications_on_Google_Cloud.docx,D:\Downloads\Hosting_iTouch_Applications_on_Google_Cloud.docx,Hosting_iTouch_Applications_on_Google_Cloud.docx,Hosting_iTouch_Applications_on_Google_Cloud.docx,TempFiles,27-08-2024
4866,General,ECG GENX3 (1).rar,D:\Downloads\ECG GENX3 (1).rar,D:\Downloads\ECG GENX3 (1).rar,ECG GENX3 (1).rar,ECG GENX3 (1).rar,TempFiles,27-08-2024
4867,General,Claude3_Monthly_Cost_Calculation.docx,D:\Downloads\Claude3_Monthly_Cost_Calculation.docx,D:\Downloads\Claude3_Monthly_Cost_Calculation.docx,Claude3_Monthly_Cost_Calculation.docx,Claude3_Monthly_Cost_Calculation.docx,TempFiles,28-08-2024
4886,General,divs_cl_ai_web_ws_aug31.rar,D:\Downloads\divs_cl_ai_web_ws_aug31.rar,D:\Downloads\divs_cl_ai_web_ws_aug31.rar,divs_cl_ai_web_ws_aug31.rar,divs_cl_ai_web_ws_aug31.rar,TempFiles,31-08-2024
4889,General,FileZilla_Server_1.8.2_win64-setup.exe,D:\Downloads\FileZilla_Server_1.8.2_win64-setup.exe,D:\Downloads\FileZilla_Server_1.8.2_win64-setup.exe,FileZilla_Server_1.8.2_win64-setup.exe,FileZilla_Server_1.8.2_win64-setup.exe,TempFiles,02-09-2024
4891,General,FileZilla_3.67.0_win64-setup.exe,D:\Downloads\FileZilla_3.67.0_win64-setup.exe,D:\Downloads\FileZilla_3.67.0_win64-setup.exe,FileZilla_3.67.0_win64-setup.exe,FileZilla_3.67.0_win64-setup.exe,TempFiles,02-09-2024
4895,General,b64.txt,D:\Downloads\b64.txt,D:\Downloads\b64.txt,b64.txt,b64.txt,TempFiles,04-09-2024
4896,General,b642.txt,D:\Downloads\b642.txt,D:\Downloads\b642.txt,b642.txt,b642.txt,TempFiles,04-09-2024
4897,General,output_image.jpg,D:\Downloads\output_image.jpg,D:\Downloads\output_image.jpg,output_image.jpg,output_image.jpg,TempFiles,04-09-2024
4898,General,image.jpg,D:\Downloads\image.jpg,D:\Downloads\image.jpg,image.jpg,image.jpg,TempFiles,04-09-2024
4900,General,base64_image_2024-09-04T11_16_26.987Z.txt,D:\Downloads\base64_image_2024-09-04T11_16_26.987Z.txt,D:\Downloads\base64_image_2024-09-04T11_16_26.987Z.txt,base64_image_2024-09-04T11_16_26.987Z.txt,base64_image_2024-09-04T11_16_26.987Z.txt,TempFiles,04-09-2024
4901,General,base64_image_2024-09-04T11_18_29.686Z.txt,D:\Downloads\base64_image_2024-09-04T11_18_29.686Z.txt,D:\Downloads\base64_image_2024-09-04T11_18_29.686Z.txt,base64_image_2024-09-04T11_18_29.686Z.txt,base64_image_2024-09-04T11_18_29.686Z.txt,TempFiles,04-09-2024
4903,General,base64_image_2024-09-04T11_18_18.750Z.txt,D:\Downloads\base64_image_2024-09-04T11_18_18.750Z.txt,D:\Downloads\base64_image_2024-09-04T11_18_18.750Z.txt,base64_image_2024-09-04T11_18_18.750Z.txt,base64_image_2024-09-04T11_18_18.750Z.txt,TempFiles,04-09-2024
4904,General,output (2).txt,D:\Downloads\output (2).txt,D:\Downloads\output (2).txt,output (2).txt,output (2).txt,TempFiles,04-09-2024
4906,General,base64_image_2024-09-04T12_02_07.724Z.txt,D:\Downloads\base64_image_2024-09-04T12_02_07.724Z.txt,D:\Downloads\base64_image_2024-09-04T12_02_07.724Z.txt,base64_image_2024-09-04T12_02_07.724Z.txt,base64_image_2024-09-04T12_02_07.724Z.txt,TempFiles,04-09-2024
4907,General,base64_image_2024-09-04T12_02_13.591Z.txt,D:\Downloads\base64_image_2024-09-04T12_02_13.591Z.txt,D:\Downloads\base64_image_2024-09-04T12_02_13.591Z.txt,base64_image_2024-09-04T12_02_13.591Z.txt,base64_image_2024-09-04T12_02_13.591Z.txt,TempFiles,04-09-2024
4908,General,base64_image_2024-09-04T12_01_58.088Z.txt,D:\Downloads\base64_image_2024-09-04T12_01_58.088Z.txt,D:\Downloads\base64_image_2024-09-04T12_01_58.088Z.txt,base64_image_2024-09-04T12_01_58.088Z.txt,base64_image_2024-09-04T12_01_58.088Z.txt,TempFiles,04-09-2024
4909,General,base64_image_2024-09-04T12_01_51.033Z.txt,D:\Downloads\base64_image_2024-09-04T12_01_51.033Z.txt,D:\Downloads\base64_image_2024-09-04T12_01_51.033Z.txt,base64_image_2024-09-04T12_01_51.033Z.txt,base64_image_2024-09-04T12_01_51.033Z.txt,TempFiles,04-09-2024
4913,General,uploaded_image.png,D:\Downloads\uploaded_image.png,D:\Downloads\uploaded_image.png,uploaded_image.png,uploaded_image.png,TempFiles,06-09-2024
4914,General,uploaded_image (1).png,D:\Downloads\uploaded_image (1).png,D:\Downloads\uploaded_image (1).png,uploaded_image (1).png,uploaded_image (1).png,TempFiles,06-09-2024
4915,General,image_20240906T072217263Z.png,D:\Downloads\image_20240906T072217263Z.png,D:\Downloads\image_20240906T072217263Z.png,image_20240906T072217263Z.png,image_20240906T072217263Z.png,TempFiles,06-09-2024
4916,General,image_20240906T102510340Z.bmp,D:\Downloads\image_20240906T102510340Z.bmp,D:\Downloads\image_20240906T102510340Z.bmp,image_20240906T102510340Z.bmp,image_20240906T102510340Z.bmp,TempFiles,06-09-2024
4919,General,JPEGDEC-master.zip,D:\Downloads\JPEGDEC-master.zip,D:\Downloads\JPEGDEC-master.zip,JPEGDEC-master.zip,JPEGDEC-master.zip,TempFiles,10-09-2024
4920,General,Screencast from 10-09-24 01_29_34 PM IST.webm,D:\Downloads\Screencast from 10-09-24 01_29_34 PM IST.webm,D:\Downloads\Screencast from 10-09-24 01_29_34 PM IST.webm,Screencast from 10-09-24 01_29_34 PM IST.webm,Screencast from 10-09-24 01_29_34 PM IST.webm,TempFiles,10-09-2024
4928,General,image_20240912T065812690Z_binaryFrame.raw,D:\Downloads\image_20240912T065812690Z_binaryFrame.raw,D:\Downloads\image_20240912T065812690Z_binaryFrame.raw,image_20240912T065812690Z_binaryFrame.raw,image_20240912T065812690Z_binaryFrame.raw,TempFiles,12-09-2024
4930,General,app-release 12-09-2024.apk,D:\Downloads\app-release 12-09-2024.apk,D:\Downloads\app-release 12-09-2024.apk,app-release 12-09-2024.apk,app-release 12-09-2024.apk,TempFiles,12-09-2024
4931,General,image_20240912T100352503Z_currentFrame.txt,D:\Downloads\image_20240912T100352503Z_currentFrame.txt,D:\Downloads\image_20240912T100352503Z_currentFrame.txt,image_20240912T100352503Z_currentFrame.txt,image_20240912T100352503Z_currentFrame.txt,TempFiles,12-09-2024
4932,General,image_20240912T100857782Z_currentFrame.txt,D:\Downloads\image_20240912T100857782Z_currentFrame.txt,D:\Downloads\image_20240912T100857782Z_currentFrame.txt,image_20240912T100857782Z_currentFrame.txt,image_20240912T100857782Z_currentFrame.txt,TempFiles,12-09-2024
4944,General,WhatsApp Video 2024-09-17 at 16.13.24_239b2230.mp4,D:\Downloads\WhatsApp Video 2024-09-17 at 16.13.24_239b2230.mp4,D:\Downloads\WhatsApp Video 2024-09-17 at 16.13.24_239b2230.mp4,WhatsApp Video 2024-09-17 at 16.13.24_239b2230.mp4,WhatsApp Video 2024-09-17 at 16.13.24_239b2230.mp4,TempFiles,17-09-2024
4949,General,Kessler DS330918 01122023 Part 6.wav,D:\Downloads\Kessler DS330918 01122023 Part 6.wav,D:\Downloads\Kessler DS330918 01122023 Part 6.wav,Kessler DS330918 01122023 Part 6.wav,Kessler DS330918 01122023 Part 6.wav,TempFiles,19-09-2024
4951,General,Threat Modeling 0.1.docx,D:\Downloads\Threat Modeling 0.1.docx,D:\Downloads\Threat Modeling 0.1.docx,Threat Modeling 0.1.docx,Threat Modeling 0.1.docx,TempFiles,19-09-2024
4984,General,ESP32_WiFi_Connection_Issues.docx,D:\Downloads\ESP32_WiFi_Connection_Issues.docx,D:\Downloads\ESP32_WiFi_Connection_Issues.docx,ESP32_WiFi_Connection_Issues.docx,ESP32_WiFi_Connection_Issues.docx,TempFiles,27-09-2024
4985,General,ESP32_WiFi_Connection_Issues (1).docx,D:\Downloads\ESP32_WiFi_Connection_Issues (1).docx,D:\Downloads\ESP32_WiFi_Connection_Issues (1).docx,ESP32_WiFi_Connection_Issues (1).docx,ESP32_WiFi_Connection_Issues (1).docx,TempFiles,27-09-2024
4988,General,where-can-i-find-a-pinout-diagram-for-an-ov2640-with-a-24-v0-am5mw4liu0yc1.webp,D:\Downloads\where-can-i-find-a-pinout-diagram-for-an-ov2640-with-a-24-v0-am5mw4liu0yc1.webp,D:\Downloads\where-can-i-find-a-pinout-diagram-for-an-ov2640-with-a-24-v0-am5mw4liu0yc1.webp,where-can-i-find-a-pinout-diagram-for-an-ov2640-with-a-24-v0-am5mw4liu0yc1.webp,where-can-i-find-a-pinout-diagram-for-an-ov2640-with-a-24-v0-am5mw4liu0yc1.webp,TempFiles,29-09-2024
4990,General,Screencast from 30-09-24 11_04_29 AM IST.webm,D:\Downloads\Screencast from 30-09-24 11_04_29 AM IST.webm,D:\Downloads\Screencast from 30-09-24 11_04_29 AM IST.webm,Screencast from 30-09-24 11_04_29 AM IST.webm,Screencast from 30-09-24 11_04_29 AM IST.webm,TempFiles,30-09-2024
4991,General,Premarket_Submission_Documentation.docx,D:\Downloads\Premarket_Submission_Documentation.docx,D:\Downloads\Premarket_Submission_Documentation.docx,Premarket_Submission_Documentation.docx,Premarket_Submission_Documentation.docx,TempFiles,30-09-2024
4992,General,Vienna - Predictive maintenance of equipment (1).docx,D:\Downloads\Vienna - Predictive maintenance of equipment (1).docx,D:\Downloads\Vienna - Predictive maintenance of equipment (1).docx,Vienna - Predictive maintenance of equipment (1).docx,Vienna - Predictive maintenance of equipment (1).docx,TempFiles,30-09-2024
4993,General,Preventive_Maintenance_Sensors.docx,D:\Downloads\Preventive_Maintenance_Sensors.docx,D:\Downloads\Preventive_Maintenance_Sensors.docx,Preventive_Maintenance_Sensors.docx,Preventive_Maintenance_Sensors.docx,TempFiles,30-09-2024
5003,General,ObjectBox_OTS_Classification_Unit_Testing.docx,D:\Downloads\ObjectBox_OTS_Classification_Unit_Testing.docx,D:\Downloads\ObjectBox_OTS_Classification_Unit_Testing.docx,ObjectBox_OTS_Classification_Unit_Testing.docx,ObjectBox_OTS_Classification_Unit_Testing.docx,TempFiles,03-10-2024
5007,General,Task_20241004_083805.fmly,D:\Downloads\Task_20241004_083805.fmly,D:\Downloads\Task_20241004_083805.fmly,Task_20241004_083805.fmly,Task_20241004_083805.fmly,TempFiles,04-10-2024
5008,General,Task_20241004_083808.fmly,D:\Downloads\Task_20241004_083808.fmly,D:\Downloads\Task_20241004_083808.fmly,Task_20241004_083808.fmly,Task_20241004_083808.fmly,TempFiles,04-10-2024
5009,General,Task_20241004_083813.fmly,D:\Downloads\Task_20241004_083813.fmly,D:\Downloads\Task_20241004_083813.fmly,Task_20241004_083813.fmly,Task_20241004_083813.fmly,TempFiles,04-10-2024
5010,General,Task_20241004_083805 (1).fmly,D:\Downloads\Task_20241004_083805 (1).fmly,D:\Downloads\Task_20241004_083805 (1).fmly,Task_20241004_083805 (1).fmly,Task_20241004_083805 (1).fmly,TempFiles,04-10-2024
5011,General,iTouch ICU Commercial Agreement V1.2.docx,D:\Downloads\iTouch ICU Commercial Agreement V1.2.docx,D:\Downloads\iTouch ICU Commercial Agreement V1.2.docx,iTouch ICU Commercial Agreement V1.2.docx,iTouch ICU Commercial Agreement V1.2.docx,TempFiles,04-10-2024
5016,General,iBSM Security risk analysis_rev0.3.xlsx,D:\Downloads\iBSM Security risk analysis_rev0.3.xlsx,D:\Downloads\iBSM Security risk analysis_rev0.3.xlsx,iBSM Security risk analysis_rev0.3.xlsx,iBSM Security risk analysis_rev0.3.xlsx,TempFiles,07-10-2024
5017,General,695581_048826680184051020240000001VX79112000776091HBILNOT1.pdf,D:\Downloads\695581_048826680184051020240000001VX79112000776091HBILNOT1.pdf,D:\Downloads\695581_048826680184051020240000001VX79112000776091HBILNOT1.pdf,695581_048826680184051020240000001VX79112000776091HBILNOT1.pdf,695581_048826680184051020240000001VX79112000776091HBILNOT1.pdf,TempFiles,07-10-2024
5020,General,vital_cam_V2_itouch_oct3.zip,D:\Downloads\vital_cam_V2_itouch_oct3.zip,D:\Downloads\vital_cam_V2_itouch_oct3.zip,vital_cam_V2_itouch_oct3.zip,vital_cam_V2_itouch_oct3.zip,TempFiles,09-10-2024
5023,General,Demo with web socket reconnection app-release.apk,D:\Downloads\Demo with web socket reconnection app-release.apk,D:\Downloads\Demo with web socket reconnection app-release.apk,Demo with web socket reconnection app-release.apk,Demo with web socket reconnection app-release.apk,TempFiles,10-10-2024
5024,General,Demo with web socket reconnection app-release (1).apk,D:\Downloads\Demo with web socket reconnection app-release (1).apk,D:\Downloads\Demo with web socket reconnection app-release (1).apk,Demo with web socket reconnection app-release (1).apk,Demo with web socket reconnection app-release (1).apk,TempFiles,10-10-2024
5042,General,Villa No.03.mp4,D:\Downloads\Villa No.03.mp4,D:\Downloads\Villa No.03.mp4,Villa No.03.mp4,Villa No.03.mp4,TempFiles,15-10-2024
5043,General,selfawreness.bmp,D:\Downloads\selfawreness.bmp,D:\Downloads\selfawreness.bmp,selfawreness.bmp,selfawreness.bmp,TempFiles,16-10-2024
5044,General,contextawreness.bmp,D:\Downloads\contextawreness.bmp,D:\Downloads\contextawreness.bmp,contextawreness.bmp,contextawreness.bmp,TempFiles,16-10-2024
5045,General,RSSI_Testing_Procedure_iBSM.docx,D:\Downloads\RSSI_Testing_Procedure_iBSM.docx,D:\Downloads\RSSI_Testing_Procedure_iBSM.docx,RSSI_Testing_Procedure_iBSM.docx,RSSI_Testing_Procedure_iBSM.docx,TempFiles,16-10-2024
5049,General,VitalsCAM.ino,D:\Downloads\VitalsCAM.ino,D:\Downloads\VitalsCAM.ino,VitalsCAM.ino,VitalsCAM.ino,TempFiles,17-10-2024
5052,General,VitalsCAM-v2.ino,D:\Downloads\VitalsCAM-v2.ino,D:\Downloads\VitalsCAM-v2.ino,VitalsCAM-v2.ino,VitalsCAM-v2.ino,TempFiles,18-10-2024
5054,General,VitalsCAM1 (1).ino,D:\Downloads\VitalsCAM1 (1).ino,D:\Downloads\VitalsCAM1 (1).ino,VitalsCAM1 (1).ino,VitalsCAM1 (1).ino,TempFiles,18-10-2024
5062,General,image bmp.bmp,D:\Downloads\image bmp.bmp,D:\Downloads\image bmp.bmp,image bmp.bmp,image bmp.bmp,TempFiles,22-10-2024
5064,General,edb2c7496bf1d582268d2435be1092c2-Website matter_ARGUS.docx,D:\Downloads\edb2c7496bf1d582268d2435be1092c2-Website matter_ARGUS.docx,D:\Downloads\edb2c7496bf1d582268d2435be1092c2-Website matter_ARGUS.docx,edb2c7496bf1d582268d2435be1092c2-Website matter_ARGUS.docx,edb2c7496bf1d582268d2435be1092c2-Website matter_ARGUS.docx,TempFiles,24-10-2024
5066,General,Screencast from 24-10-24 02_49_46 PM IST.webm,D:\Downloads\Screencast from 24-10-24 02_49_46 PM IST.webm,D:\Downloads\Screencast from 24-10-24 02_49_46 PM IST.webm,Screencast from 24-10-24 02_49_46 PM IST.webm,Screencast from 24-10-24 02_49_46 PM IST.webm,TempFiles,24-10-2024
5067,General,sft_train_data.jsonl,D:\Downloads\sft_train_data.jsonl,D:\Downloads\sft_train_data.jsonl,sft_train_data.jsonl,sft_train_data.jsonl,TempFiles,25-10-2024
5069,General,healthcare-dfd.mermaid,D:\Downloads\healthcare-dfd.mermaid,D:\Downloads\healthcare-dfd.mermaid,healthcare-dfd.mermaid,healthcare-dfd.mermaid,TempFiles,25-10-2024
5070,General,healthcare-dfd (1).mermaid,D:\Downloads\healthcare-dfd (1).mermaid,D:\Downloads\healthcare-dfd (1).mermaid,healthcare-dfd (1).mermaid,healthcare-dfd (1).mermaid,TempFiles,25-10-2024
5072,General,Untitled diagram-2024-10-25-115747.svg,D:\Downloads\Untitled diagram-2024-10-25-115747.svg,D:\Downloads\Untitled diagram-2024-10-25-115747.svg,Untitled diagram-2024-10-25-115747.svg,Untitled diagram-2024-10-25-115747.svg,TempFiles,25-10-2024
5073,General,Untitled diagram-2024-10-25-115936.svg,D:\Downloads\Untitled diagram-2024-10-25-115936.svg,D:\Downloads\Untitled diagram-2024-10-25-115936.svg,Untitled diagram-2024-10-25-115936.svg,Untitled diagram-2024-10-25-115936.svg,TempFiles,25-10-2024
5075,General,flowchart TD Level2.txt,D:\Downloads\flowchart TD Level2.txt,D:\Downloads\flowchart TD Level2.txt,flowchart TD Level2.txt,flowchart TD Level2.txt,TempFiles,25-10-2024
5076,General,iBSM level 0 DFD.txt,D:\Downloads\iBSM level 0 DFD.txt,D:\Downloads\iBSM level 0 DFD.txt,iBSM level 0 DFD.txt,iBSM level 0 DFD.txt,TempFiles,25-10-2024
5077,General,level2 DFD.txt,D:\Downloads\level2 DFD.txt,D:\Downloads\level2 DFD.txt,level2 DFD.txt,level2 DFD.txt,TempFiles,25-10-2024
5078,General,BPLPrompyt.txt,D:\Downloads\BPLPrompyt.txt,D:\Downloads\BPLPrompyt.txt,BPLPrompyt.txt,BPLPrompyt.txt,TempFiles,26-10-2024
5080,General,prompt suggested by claude.txt,D:\Downloads\prompt suggested by claude.txt,D:\Downloads\prompt suggested by claude.txt,prompt suggested by claude.txt,prompt suggested by claude.txt,TempFiles,28-10-2024
5081,General,Nano uttarahalli.mp4,D:\Downloads\Nano uttarahalli.mp4,D:\Downloads\Nano uttarahalli.mp4,Nano uttarahalli.mp4,Nano uttarahalli.mp4,TempFiles,28-10-2024
5082,General,Screencast from 2024-10-28 16-48-52.webm,D:\Downloads\Screencast from 2024-10-28 16-48-52.webm,D:\Downloads\Screencast from 2024-10-28 16-48-52.webm,Screencast from 2024-10-28 16-48-52.webm,Screencast from 2024-10-28 16-48-52.webm,TempFiles,28-10-2024
5088,General,Screencast from 2024-10-29 17-17-05.webm,D:\Downloads\Screencast from 2024-10-29 17-17-05.webm,D:\Downloads\Screencast from 2024-10-29 17-17-05.webm,Screencast from 2024-10-29 17-17-05.webm,Screencast from 2024-10-29 17-17-05.webm,TempFiles,29-10-2024
5089,General,VitalsCAM (1).ino,D:\Downloads\VitalsCAM (1).ino,D:\Downloads\VitalsCAM (1).ino,VitalsCAM (1).ino,VitalsCAM (1).ino,TempFiles,29-10-2024
5090,General,80 Beats Requirement.pptx,D:\Downloads\80 Beats Requirement.pptx,D:\Downloads\80 Beats Requirement.pptx,80 Beats Requirement.pptx,80 Beats Requirement.pptx,TempFiles,30-10-2024
5092,General,VID-20241030-WA0011.mp4,D:\Downloads\VID-20241030-WA0011.mp4,D:\Downloads\VID-20241030-WA0011.mp4,VID-20241030-WA0011.mp4,VID-20241030-WA0011.mp4,TempFiles,30-10-2024
5094,General,stt-comparison.md,D:\Downloads\stt-comparison.md,D:\Downloads\stt-comparison.md,stt-comparison.md,stt-comparison.md,TempFiles,31-10-2024
5096,General,VOXTAB_Medical_Transcript_Clean.docx,D:\Downloads\VOXTAB_Medical_Transcript_Clean.docx,D:\Downloads\VOXTAB_Medical_Transcript_Clean.docx,VOXTAB_Medical_Transcript_Clean.docx,VOXTAB_Medical_Transcript_Clean.docx,TempFiles,31-10-2024
5097,General,VOXTAB_Medical_audio.mp3,D:\Downloads\VOXTAB_Medical_audio.mp3,D:\Downloads\VOXTAB_Medical_audio.mp3,VOXTAB_Medical_audio.mp3,VOXTAB_Medical_audio.mp3,TempFiles,31-10-2024
5099,General,whisper comparison.mhtml,D:\Downloads\whisper comparison.mhtml,D:\Downloads\whisper comparison.mhtml,whisper comparison.mhtml,whisper comparison.mhtml,TempFiles,31-10-2024
5100,General,comparison speech to text.bmp,D:\Downloads\comparison speech to text.bmp,D:\Downloads\comparison speech to text.bmp,comparison speech to text.bmp,comparison speech to text.bmp,TempFiles,31-10-2024
5104,General,d770642a-5e1b-4425-aff6-bb169d000e7f.webp,D:\Downloads\d770642a-5e1b-4425-aff6-bb169d000e7f.webp,D:\Downloads\d770642a-5e1b-4425-aff6-bb169d000e7f.webp,d770642a-5e1b-4425-aff6-bb169d000e7f.webp,d770642a-5e1b-4425-aff6-bb169d000e7f.webp,TempFiles,31-10-2024
5120,General,flyrobo invoice.pdf,D:\Downloads\flyrobo invoice.pdf,D:\Downloads\flyrobo invoice.pdf,flyrobo invoice.pdf,flyrobo invoice.pdf,TempFiles,01-11-2024
5121,General,esp32 flyrobo.bmp,D:\Downloads\esp32 flyrobo.bmp,D:\Downloads\esp32 flyrobo.bmp,esp32 flyrobo.bmp,esp32 flyrobo.bmp,TempFiles,01-11-2024
5122,General,iOrbit_Statement_of_Work.docx,D:\Downloads\iOrbit_Statement_of_Work.docx,D:\Downloads\iOrbit_Statement_of_Work.docx,iOrbit_Statement_of_Work.docx,iOrbit_Statement_of_Work.docx,TempFiles,01-11-2024
5128,General,gemini_dataset.json,D:\Downloads\gemini_dataset.json,D:\Downloads\gemini_dataset.json,gemini_dataset.json,gemini_dataset.json,TempFiles,01-11-2024
5129,General,VID-20241030-WA0011 (1).mp4,D:\Downloads\VID-20241030-WA0011 (1).mp4,D:\Downloads\VID-20241030-WA0011 (1).mp4,VID-20241030-WA0011 (1).mp4,VID-20241030-WA0011 (1).mp4,TempFiles,01-11-2024
5131,General,Documentation.zip,D:\Downloads\Documentation.zip,D:\Downloads\Documentation.zip,Documentation.zip,Documentation.zip,TempFiles,02-11-2024
5132,General,Luxisens Technology - iORBIT - Review Version.docx,D:\Downloads\Luxisens Technology - iORBIT - Review Version.docx,D:\Downloads\Luxisens Technology - iORBIT - Review Version.docx,Luxisens Technology - iORBIT - Review Version.docx,Luxisens Technology - iORBIT - Review Version.docx,TempFiles,04-11-2024
5134,General,VitalCamForventilator.ino,D:\Downloads\VitalCamForventilator.ino,D:\Downloads\VitalCamForventilator.ino,VitalCamForventilator.ino,VitalCamForventilator.ino,TempFiles,04-11-2024
5138,General,iOrbit Software Composition Analysis Report (1).pdf,D:\Downloads\iOrbit Software Composition Analysis Report (1).pdf,D:\Downloads\iOrbit Software Composition Analysis Report (1).pdf,iOrbit Software Composition Analysis Report (1).pdf,iOrbit Software Composition Analysis Report (1).pdf,TempFiles,05-11-2024
5139,General,eyJidWNrZXQiOiJ0aGluZ2JpdHMtbmV0Iiwia2V5IjoiaHM2bzRxdDBkdjdxcDlxOTc1NHJlOWF1emM1YSIsImVkaXRzIjp7InJlc2l6ZSI6eyJ3aWR0aCI6OTcwLCJoZWlnaHQiOjcyOCwiZml0IjoiY292ZXIifX19.webp,D:\Downloads\eyJidWNrZXQiOiJ0aGluZ2JpdHMtbmV0Iiwia2V5IjoiaHM2bzRxdDBkdjdxcDlxOTc1NHJlOWF1emM1YSIsImVkaXRzIjp7InJlc2l6ZSI6eyJ3aWR0aCI6OTcwLCJoZWlnaHQiOjcyOCwiZml0IjoiY292ZXIifX19.webp,D:\Downloads\eyJidWNrZXQiOiJ0aGluZ2JpdHMtbmV0Iiwia2V5IjoiaHM2bzRxdDBkdjdxcDlxOTc1NHJlOWF1emM1YSIsImVkaXRzIjp7InJlc2l6ZSI6eyJ3aWR0aCI6OTcwLCJoZWlnaHQiOjcyOCwiZml0IjoiY292ZXIifX19.webp,eyJidWNrZXQiOiJ0aGluZ2JpdHMtbmV0Iiwia2V5IjoiaHM2bzRxdDBkdjdxcDlxOTc1NHJlOWF1emM1YSIsImVkaXRzIjp7InJlc2l6ZSI6eyJ3aWR0aCI6OTcwLCJoZWlnaHQiOjcyOCwiZml0IjoiY292ZXIifX19.webp,eyJidWNrZXQiOiJ0aGluZ2JpdHMtbmV0Iiwia2V5IjoiaHM2bzRxdDBkdjdxcDlxOTc1NHJlOWF1emM1YSIsImVkaXRzIjp7InJlc2l6ZSI6eyJ3aWR0aCI6OTcwLCJoZWlnaHQiOjcyOCwiZml0IjoiY292ZXIifX19.webp,TempFiles,05-11-2024
5152,General,printo service.bmp,D:\Downloads\printo service.bmp,D:\Downloads\printo service.bmp,printo service.bmp,printo service.bmp,TempFiles,06-11-2024
5163,General,03-Google-Slides-Infographics-rev.zip,D:\Downloads\03-Google-Slides-Infographics-rev.zip,D:\Downloads\03-Google-Slides-Infographics-rev.zip,03-Google-Slides-Infographics-rev.zip,03-Google-Slides-Infographics-rev.zip,TempFiles,07-11-2024
5164,General,01-Powerpoint-Infographics-rev.zip,D:\Downloads\01-Powerpoint-Infographics-rev.zip,D:\Downloads\01-Powerpoint-Infographics-rev.zip,01-Powerpoint-Infographics-rev.zip,01-Powerpoint-Infographics-rev.zip,TempFiles,07-11-2024
5175,General,iBSM-SecRAC-01 Security risk analysis and control .xlsx,D:\Downloads\iBSM-SecRAC-01 Security risk analysis and control .xlsx,D:\Downloads\iBSM-SecRAC-01 Security risk analysis and control .xlsx,iBSM-SecRAC-01 Security risk analysis and control .xlsx,iBSM-SecRAC-01 Security risk analysis and control .xlsx,TempFiles,12-11-2024
5176,General,iBSM-SecRAC-01 Security risk analysis and control  (1).xlsx,D:\Downloads\iBSM-SecRAC-01 Security risk analysis and control  (1).xlsx,D:\Downloads\iBSM-SecRAC-01 Security risk analysis and control  (1).xlsx,iBSM-SecRAC-01 Security risk analysis and control  (1).xlsx,iBSM-SecRAC-01 Security risk analysis and control  (1).xlsx,TempFiles,12-11-2024
5180,General,iBSM-SecRAC-01 Security risk analysis and control  (2).xlsx,D:\Downloads\iBSM-SecRAC-01 Security risk analysis and control  (2).xlsx,D:\Downloads\iBSM-SecRAC-01 Security risk analysis and control  (2).xlsx,iBSM-SecRAC-01 Security risk analysis and control  (2).xlsx,iBSM-SecRAC-01 Security risk analysis and control  (2).xlsx,TempFiles,13-11-2024
5183,General,Threat_Model_Verification_Report.docx,D:\Downloads\Threat_Model_Verification_Report.docx,D:\Downloads\Threat_Model_Verification_Report.docx,Threat_Model_Verification_Report.docx,Threat_Model_Verification_Report.docx,TempFiles,13-11-2024
5184,General,Threat_Model_Verification_Report_Highlighted.docx,D:\Downloads\Threat_Model_Verification_Report_Highlighted.docx,D:\Downloads\Threat_Model_Verification_Report_Highlighted.docx,Threat_Model_Verification_Report_Highlighted.docx,Threat_Model_Verification_Report_Highlighted.docx,TempFiles,13-11-2024
5185,General,Threat_Model_Detailed_Verification_Report.docx,D:\Downloads\Threat_Model_Detailed_Verification_Report.docx,D:\Downloads\Threat_Model_Detailed_Verification_Report.docx,Threat_Model_Detailed_Verification_Report.docx,Threat_Model_Detailed_Verification_Report.docx,TempFiles,13-11-2024
5191,General,VitalsCam (1).zip,D:\Downloads\VitalsCam (1).zip,D:\Downloads\VitalsCam (1).zip,VitalsCam (1).zip,VitalsCam (1).zip,TempFiles,14-11-2024
5193,General,VitalsCam_API_Documentation.docx,D:\Downloads\VitalsCam_API_Documentation.docx,D:\Downloads\VitalsCam_API_Documentation.docx,VitalsCam_API_Documentation.docx,VitalsCam_API_Documentation.docx,TempFiles,14-11-2024
5197,General,RespBuy-Niscomed-Aqua-12-Inch-Patient-Monitor.jpg.webp,D:\Downloads\RespBuy-Niscomed-Aqua-12-Inch-Patient-Monitor.jpg.webp,D:\Downloads\RespBuy-Niscomed-Aqua-12-Inch-Patient-Monitor.jpg.webp,RespBuy-Niscomed-Aqua-12-Inch-Patient-Monitor.jpg.webp,RespBuy-Niscomed-Aqua-12-Inch-Patient-Monitor.jpg.webp,TempFiles,15-11-2024
5210,General,Architectural View iBSM.docx,D:\Downloads\Architectural View iBSM.docx,D:\Downloads\Architectural View iBSM.docx,Architectural View iBSM.docx,Architectural View iBSM.docx,TempFiles,16-11-2024
5214,General,iOrbit Mobile App Security Assessment Report.pdf,D:\Downloads\iOrbit Mobile App Security Assessment Report.pdf,D:\Downloads\iOrbit Mobile App Security Assessment Report.pdf,iOrbit Mobile App Security Assessment Report.pdf,iOrbit Mobile App Security Assessment Report.pdf,TempFiles,16-11-2024
5229,General,Luxisens_occupancy_demo2.mp4,D:\Downloads\Luxisens_occupancy_demo2.mp4,D:\Downloads\Luxisens_occupancy_demo2.mp4,Luxisens_occupancy_demo2.mp4,Luxisens_occupancy_demo2.mp4,TempFiles,18-11-2024
5237,General,iTouch_ICU_Design_Document.docx,D:\Downloads\iTouch_ICU_Design_Document.docx,D:\Downloads\iTouch_ICU_Design_Document.docx,iTouch_ICU_Design_Document.docx,iTouch_ICU_Design_Document.docx,TempFiles,20-11-2024
5240,General,Project Schedule LS.xlsx,D:\Downloads\Project Schedule LS.xlsx,D:\Downloads\Project Schedule LS.xlsx,Project Schedule LS.xlsx,Project Schedule LS.xlsx,TempFiles,20-11-2024
5241,General,DigitalBrainEx_Investor_Pitch.docx,D:\Downloads\DigitalBrainEx_Investor_Pitch.docx,D:\Downloads\DigitalBrainEx_Investor_Pitch.docx,DigitalBrainEx_Investor_Pitch.docx,DigitalBrainEx_Investor_Pitch.docx,TempFiles,20-11-2024
5242,General,competitors.bmp,D:\Downloads\competitors.bmp,D:\Downloads\competitors.bmp,competitors.bmp,competitors.bmp,TempFiles,20-11-2024
5244,General,conversation dbx.rtf,D:\Downloads\conversation dbx.rtf,D:\Downloads\conversation dbx.rtf,conversation dbx.rtf,conversation dbx.rtf,TempFiles,21-11-2024
5331,General,Demo  Meeting -2023-10-27-638339945838230452 (3).rtf,D:\Downloads\Demo  Meeting -2023-10-27-638339945838230452 (3).rtf,D:\Downloads\Demo  Meeting -2023-10-27-638339945838230452 (3).rtf,Demo  Meeting -2023-10-27-638339945838230452 (3).rtf,Demo  Meeting -2023-10-27-638339945838230452 (3).rtf,TempFiles,22-11-2024
5332,General,Demo  Meeting -2023-10-27-638339945838230452 (4).rtf,D:\Downloads\Demo  Meeting -2023-10-27-638339945838230452 (4).rtf,D:\Downloads\Demo  Meeting -2023-10-27-638339945838230452 (4).rtf,Demo  Meeting -2023-10-27-638339945838230452 (4).rtf,Demo  Meeting -2023-10-27-638339945838230452 (4).rtf,TempFiles,22-11-2024
7084,General,BIJUMON_JANARDHANAN_Enhanced_Resume (1).docx,D:\Downloads\BIJUMON_JANARDHANAN_Enhanced_Resume (1).docx,D:\Downloads\BIJUMON_JANARDHANAN_Enhanced_Resume (1).docx,BIJUMON_JANARDHANAN_Enhanced_Resume (1).docx,Unsupported file type,TempFiles,25-11-2024
7086,General,BIJUMON_JANARDHANAN_Resume (1).docx,D:\Downloads\BIJUMON_JANARDHANAN_Resume (1).docx,D:\Downloads\BIJUMON_JANARDHANAN_Resume (1).docx,BIJUMON_JANARDHANAN_Resume (1).docx,Unsupported file type,TempFiles,25-11-2024
7087,General,BIJUMON_JANARDHANAN_Resume.docx,D:\Downloads\BIJUMON_JANARDHANAN_Resume.docx,D:\Downloads\BIJUMON_JANARDHANAN_Resume.docx,BIJUMON_JANARDHANAN_Resume.docx,Unsupported file type,TempFiles,25-11-2024
7089,General,BIJUMON_JANARDHANAN_Updated_Resume.docx,D:\Downloads\BIJUMON_JANARDHANAN_Updated_Resume.docx,D:\Downloads\BIJUMON_JANARDHANAN_Updated_Resume.docx,BIJUMON_JANARDHANAN_Updated_Resume.docx,Unsupported file type,TempFiles,25-11-2024
7090,General,BIJUMON_JANARDHANAN_Updated_Resume_11.docx,D:\Downloads\BIJUMON_JANARDHANAN_Updated_Resume_11.docx,D:\Downloads\BIJUMON_JANARDHANAN_Updated_Resume_11.docx,BIJUMON_JANARDHANAN_Updated_Resume_11.docx,Unsupported file type,TempFiles,25-11-2024
7093,General,familydoc status.bmp,D:\Downloads\familydoc status.bmp,D:\Downloads\familydoc status.bmp,familydoc status.bmp,Unsupported file type,TempFiles,25-11-2024
7094,General,Shajimon_Paremmal_Enterprise_Architect_2024.docx,D:\Downloads\Shajimon_Paremmal_Enterprise_Architect_2024.docx,D:\Downloads\Shajimon_Paremmal_Enterprise_Architect_2024.docx,Shajimon_Paremmal_Enterprise_Architect_2024.docx,Unsupported file type,TempFiles,25-11-2024
7105,FDA iBSM Sibel App,BIJUMON_JANARDHANAN_Updated_Resume_11 (1).pdf,\16\BIJUMON_JANARDHANAN_Updated_Resume_11 (1).pdf,D:\DBX\LocalDocFolder\16\BIJUMON_JANARDHANAN_Updated_Resume_11 (1).pdf,"Bijumon Janardhanan's resume details over 30 years of experience in IT and MedTech, focusing on software/hardware development, team leadership, and innovation in IoT, AI, and BLE technologies, especially in healthcare.  He's held CTO and Chief Architect roles and founded EarlyBird Security Systems; his qualifications include an MBA and MSc in IT, and he's published articles on AI and healthcare.",BIJUMON_JANARDHANAN_Updated_Resume_11 (1).pdf,Resumes,26-11-2024
7112,General,project_delays_factors.docx,D:\Downloads\project_delays_factors.docx,D:\Downloads\project_delays_factors.docx,project_delays_factors.docx,Unsupported file type,TempFiles,26-11-2024
7119,General,luxisow details.rtf,D:\Downloads\luxisow details.rtf,D:\Downloads\luxisow details.rtf,luxisow details.rtf,Failed to generate a summary from the uploaded file.,TempFiles,26-11-2024
7195,General,Test_Cases.xlsx,D:\Downloads\Test_Cases.xlsx,D:\Downloads\Test_Cases.xlsx,Test_Cases.xlsx,Unsupported file type,TempFiles,28-11-2024
7230,General,build.gradle,D:\Downloads\build.gradle,D:\Downloads\build.gradle,build.gradle,Unsupported file type,TempFiles,02-12-2024
7243,General,compiler against.bmp,D:\Downloads\compiler against.bmp,D:\Downloads\compiler against.bmp,compiler against.bmp,Unsupported file type,TempFiles,03-12-2024
7289,General,Compensation_Report_for_Vulnerabilities.docx,D:\Downloads\Compensation_Report_for_Vulnerabilities.docx,D:\Downloads\Compensation_Report_for_Vulnerabilities.docx,Compensation_Report_for_Vulnerabilities.docx,Unsupported file type,TempFiles,05-12-2024
7291,General,Compensation_Report_for_Vulnerabilities_d418e714-241c-4fce-b1c2-c6e5e880e175.docx,D:\Downloads\Compensation_Report_for_Vulnerabilities_d418e714-241c-4fce-b1c2-c6e5e880e175.docx,D:\Downloads\Compensation_Report_for_Vulnerabilities_d418e714-241c-4fce-b1c2-c6e5e880e175.docx,Compensation_Report_for_Vulnerabilities_d418e714-241c-4fce-b1c2-c6e5e880e175.docx,Unsupported file type,TempFiles,05-12-2024
7389,General,MIC_sai_interrupt_record_playback.zip,D:\Downloads\MIC_sai_interrupt_record_playback.zip,D:\Downloads\MIC_sai_interrupt_record_playback.zip,MIC_sai_interrupt_record_playback.zip,File size exceeds 10 MB,TempFiles,10-12-2024
7391,General,vicoder design intro.rtf,D:\Downloads\vicoder design intro.rtf,D:\Downloads\vicoder design intro.rtf,vicoder design intro.rtf,File upload failed.,TempFiles,10-12-2024
7398,General,Malabar Gold Meeting Minutes v02[1].docx,C:\Users\user\Documents\Malabar Gold Meeting Minutes v02[1].docx,C:\Users\user\Documents\Malabar Gold Meeting Minutes v02[1].docx,Malabar Gold Meeting Minutes v02[1].docx,Unsupported file type,TempFiles,10-12-2024
7459,General,sample ask me output.rtf,D:\Downloads\sample ask me output.rtf,D:\Downloads\sample ask me output.rtf,sample ask me output.rtf,File upload failed.,TempFiles,13-12-2024
7480,General,WhatsApp Image 2024-12-14 at 09.24.26_7e0f4092.jpg,\1\WhatsApp Image 2024-12-14 at 09.24.26_7e0f4092.jpg,D:\DBX\LocalDocFolder\1\WhatsApp Image 2024-12-14 at 09.24.26_7e0f4092.jpg,A lost and found notice for an Income Tax PAN Services card belonging to UTIITSL in Navi Mumbai. The notice includes contact information and is in English and Hindi.,WhatsApp Image 2024-12-14 at 09.24.26_7e0f4092.jpg,General,14-12-2024
7481,General,WhatsApp Image 2024-12-14 at 09.24.27_2da0adc6.jpg,\1\WhatsApp Image 2024-12-14 at 09.24.27_2da0adc6.jpg,D:\DBX\LocalDocFolder\1\WhatsApp Image 2024-12-14 at 09.24.27_2da0adc6.jpg,"The image shows an Indian PAN card for Bijumon Onnathanil Nadukkemuriayi Janardhanan, including his details (name, father's name, DOB, PAN number), photograph, QR code, and signature. A portion of a laptop keyboard is visible in the background.",WhatsApp Image 2024-12-14 at 09.24.27_2da0adc6.jpg,General,14-12-2024
7482,FamilyDocs,WhatsApp Image 2024-12-14 at 09.24.27_2da0adc6 (1).jpg,\31\WhatsApp Image 2024-12-14 at 09.24.27_2da0adc6 (1).jpg,D:\DBX\LocalDocFolder\31\WhatsApp Image 2024-12-14 at 09.24.27_2da0adc6 (1).jpg,"The document is an image of an Indian PAN card belonging to Bijumon Onnathanil Nadukkemuriayi Janardhanan.  The card contains standard information including the holder's name, father's name, date of birth, and PAN number.",WhatsApp Image 2024-12-14 at 09.24.27_2da0adc6 (1).jpg,General,14-12-2024
7483,General,WhatsApp Image 2024-12-14 at 09.24.26_dcc8063f.jpg,\1\WhatsApp Image 2024-12-14 at 09.24.26_dcc8063f.jpg,D:\DBX\LocalDocFolder\1\WhatsApp Image 2024-12-14 at 09.24.26_dcc8063f.jpg,"A lost and found notice for a UTIITSL Income Tax PAN Services Unit card, located at Plot No. 3, Sector 11, CBD Belapur, Navi Mumbai.  Contact information for inquiries is provided, including toll-free numbers.",WhatsApp Image 2024-12-14 at 09.24.26_dcc8063f.jpg,General,14-12-2024
7484,General,WhatsApp Image 2024-12-14 at 09.24.26_7e0f4092 (1).jpg,\1\WhatsApp Image 2024-12-14 at 09.24.26_7e0f4092 (1).jpg,D:\DBX\LocalDocFolder\1\WhatsApp Image 2024-12-14 at 09.24.26_7e0f4092 (1).jpg,The document is a notice regarding a lost or found Income Tax PAN card. It provides contact information for the Income Tax PAN Services Unit and toll-free numbers for tax-related inquiries.,WhatsApp Image 2024-12-14 at 09.24.26_7e0f4092 (1).jpg,General,14-12-2024
7485,General,WhatsApp Image 2024-12-14 at 09.29.52_b3aa0a01.jpg,\1\WhatsApp Image 2024-12-14 at 09.29.52_b3aa0a01.jpg,D:\DBX\LocalDocFolder\1\WhatsApp Image 2024-12-14 at 09.29.52_b3aa0a01.jpg,"The document is an Indian PAN card belonging to Bijumon Onnathani Nadukkemuriayi Janardhanan, showing his father's name, date of birth (14/05/1971), and PAN number (ACFPJ5050Q).  It includes a photo and QR code.",WhatsApp Image 2024-12-14 at 09.29.52_b3aa0a01.jpg,General,14-12-2024
7486,General,WhatsApp Image 2024-12-14 at 09.28.57_293a44f6.jpg,\1\WhatsApp Image 2024-12-14 at 09.28.57_293a44f6.jpg,D:\DBX\LocalDocFolder\1\WhatsApp Image 2024-12-14 at 09.28.57_293a44f6.jpg,"The image is a photograph of an Indian PAN card showing the holder's name, father's name, date of birth, and PAN number (ACFPJ5050Q). A portion of a laptop keyboard is also visible.",WhatsApp Image 2024-12-14 at 09.28.57_293a44f6.jpg,General,14-12-2024
7487,General,WhatsApp Image 2024-12-14 at 09.31.17_7aa181eb.jpg,\1\WhatsApp Image 2024-12-14 at 09.31.17_7aa181eb.jpg,D:\DBX\LocalDocFolder\1\WhatsApp Image 2024-12-14 at 09.31.17_7aa181eb.jpg,"This document provides instructions on what to do if a PAN card is lost or found, including the address and contact information for the Income Tax PAN Services Unit in Navi Mumbai, India.",WhatsApp Image 2024-12-14 at 09.31.17_7aa181eb.jpg,General,14-12-2024
7488,General,WhatsApp Image 2024-12-14 at 09.35.42_529ebb6b.jpg,\1\WhatsApp Image 2024-12-14 at 09.35.42_529ebb6b.jpg,D:\DBX\LocalDocFolder\1\WhatsApp Image 2024-12-14 at 09.35.42_529ebb6b.jpg,"The document is a scanned copy of an Indian driving license from Kerala, showing license number, issue and renewal dates, vehicle type, issuing authority, and a QR code.",WhatsApp Image 2024-12-14 at 09.35.42_529ebb6b.jpg,General,14-12-2024
7796,General,DAS.h,D:\Downloads\DAS.h,D:\Downloads\DAS.h,DAS.h,Unsupported file type,TempFiles,16-12-2024
7797,General,DAS.c,D:\Downloads\DAS.c,D:\Downloads\DAS.c,DAS.c,Unsupported file type,TempFiles,16-12-2024
7800,General,Robu Order Camera.pdf,D:\Downloads\Robu Order Camera.pdf,D:\Downloads\Robu Order Camera.pdf,Robu Order Camera.pdf,Failed to start the resumable upload session.,TempFiles,17-12-2024
7801,General,amazon stand order.pdf,D:\Downloads\amazon stand order.pdf,D:\Downloads\amazon stand order.pdf,amazon stand order.pdf,Failed to start the resumable upload session.,TempFiles,17-12-2024
7802,General,amazon stand 2 order.pdf,D:\Downloads\amazon stand 2 order.pdf,D:\Downloads\amazon stand 2 order.pdf,amazon stand 2 order.pdf,Failed to start the resumable upload session.,TempFiles,17-12-2024
7806,General,New Doc 12-17-2024 11.37.pdf,D:\Downloads\New Doc 12-17-2024 11.37.pdf,D:\Downloads\New Doc 12-17-2024 11.37.pdf,New Doc 12-17-2024 11.37.pdf,Failed to get a matching project response.,TempFiles,17-12-2024
7809,General,Bijumon_Janardhanan_Final_Resume.docx,D:\Downloads\Bijumon_Janardhanan_Final_Resume.docx,D:\Downloads\Bijumon_Janardhanan_Final_Resume.docx,Bijumon_Janardhanan_Final_Resume.docx,Unsupported file type,TempFiles,17-12-2024
7810,General,Shajimon_Paremmal_Enterprise_Architect_2024-1.docx,D:\Downloads\Shajimon_Paremmal_Enterprise_Architect_2024-1.docx,D:\Downloads\Shajimon_Paremmal_Enterprise_Architect_2024-1.docx,Shajimon_Paremmal_Enterprise_Architect_2024-1.docx,Unsupported file type,TempFiles,17-12-2024
7811,General,Bijumon_Janardhanan_Organized_Resume.docx,D:\Downloads\Bijumon_Janardhanan_Organized_Resume.docx,D:\Downloads\Bijumon_Janardhanan_Organized_Resume.docx,Bijumon_Janardhanan_Organized_Resume.docx,Unsupported file type,TempFiles,17-12-2024
7812,General,V1-Bijumon_Janardhanan_-_CV_-_Ver 2.0.docx,C:\Users\user\Documents\V1-Bijumon_Janardhanan_-_CV_-_Ver 2.0.docx,C:\Users\user\Documents\V1-Bijumon_Janardhanan_-_CV_-_Ver 2.0.docx,V1-Bijumon_Janardhanan_-_CV_-_Ver 2.0.docx,Unsupported file type,TempFiles,17-12-2024
7818,General,DigitalBrainExSetup-23-10-23.msi,D:\Downloads\DigitalBrainExSetup-23-10-23.msi,D:\Downloads\DigitalBrainExSetup-23-10-23.msi,DigitalBrainExSetup-23-10-23.msi,File size exceeds 10 MB,TempFiles,18-12-2024
8095,General,Statement_of_Work_SOW.docx,D:\Downloads\Statement_of_Work_SOW.docx,D:\Downloads\Statement_of_Work_SOW.docx,Statement_of_Work_SOW.docx,Unsupported file type,TempFiles,25-12-2024
8560,General,Accesscontrol system using number plate Statement_of_Work_SOW.docx,D:\Downloads\Accesscontrol system using number plate Statement_of_Work_SOW.docx,D:\Downloads\Accesscontrol system using number plate Statement_of_Work_SOW.docx,Accesscontrol system using number plate Statement_of_Work_SOW.docx,Unsupported file type,TempFiles,27-12-2024
8570,General,Access_Control_System_SRS.xlsx,D:\Downloads\Access_Control_System_SRS.xlsx,D:\Downloads\Access_Control_System_SRS.xlsx,Access_Control_System_SRS.xlsx,Unsupported file type,TempFiles,30-12-2024
8575,General,Req document Vehicle access.txt,D:\Downloads\Req document Vehicle access.txt,D:\Downloads\Req document Vehicle access.txt,Req document Vehicle access.txt,Unsupported file type,TempFiles,30-12-2024
8576,General,Vehicle_Access_SRS.docx,D:\Downloads\Vehicle_Access_SRS.docx,D:\Downloads\Vehicle_Access_SRS.docx,Vehicle_Access_SRS.docx,Unsupported file type,TempFiles,30-12-2024
8598,General,wifisetup code.txt,D:\Downloads\wifisetup code.txt,D:\Downloads\wifisetup code.txt,wifisetup code.txt,Unsupported file type,TempFiles,31-12-2024
8599,General,devicerunning.txt,D:\Downloads\devicerunning.txt,D:\Downloads\devicerunning.txt,devicerunning.txt,Unsupported file type,TempFiles,31-12-2024
8608,General,LXS-BOM-v1.xlsx,D:\Downloads\LXS-BOM-v1.xlsx,D:\Downloads\LXS-BOM-v1.xlsx,LXS-BOM-v1.xlsx,Unsupported file type,TempFiles,01-01-2025
8609,General,iOrbit_LuxiSens_SoW_v1.14 (1).docx,D:\Downloads\iOrbit_LuxiSens_SoW_v1.14 (1).docx,D:\Downloads\iOrbit_LuxiSens_SoW_v1.14 (1).docx,iOrbit_LuxiSens_SoW_v1.14 (1).docx,Unsupported file type,TempFiles,01-01-2025
8610,General,User-Manual For Luxisens-v1.0.docx,D:\Downloads\User-Manual For Luxisens-v1.0.docx,D:\Downloads\User-Manual For Luxisens-v1.0.docx,User-Manual For Luxisens-v1.0.docx,Unsupported file type,TempFiles,01-01-2025
8612,General,User-Manual For Luxisens-v1.0 (1).docx,D:\Downloads\User-Manual For Luxisens-v1.0 (1).docx,D:\Downloads\User-Manual For Luxisens-v1.0 (1).docx,User-Manual For Luxisens-v1.0 (1).docx,Unsupported file type,TempFiles,01-01-2025
8613,General,iOrbit-LXS-WS-12092023-Project_Overview.pptx,D:\Downloads\iOrbit-LXS-WS-12092023-Project_Overview.pptx,D:\Downloads\iOrbit-LXS-WS-12092023-Project_Overview.pptx,iOrbit-LXS-WS-12092023-Project_Overview.pptx,Unsupported file type,TempFiles,01-01-2025
8614,General,Phase1_Development_Plan.docx,D:\Downloads\Phase1_Development_Plan.docx,D:\Downloads\Phase1_Development_Plan.docx,Phase1_Development_Plan.docx,Unsupported file type,TempFiles,01-01-2025
8616,General,Phase1_Development_Plan (1).docx,D:\Downloads\Phase1_Development_Plan (1).docx,D:\Downloads\Phase1_Development_Plan (1).docx,Phase1_Development_Plan (1).docx,Unsupported file type,TempFiles,01-01-2025
8619,General,AttendRecord.xls,D:\Downloads\AttendRecord.xls,D:\Downloads\AttendRecord.xls,AttendRecord.xls,Unsupported file type,TempFiles,02-01-2025
8621,General,Parking v01.docx,D:\Downloads\Parking v01.docx,D:\Downloads\Parking v01.docx,Parking v01.docx,Unsupported file type,TempFiles,03-01-2025
8622,General,Parking v02.docx,D:\Downloads\Parking v02.docx,D:\Downloads\Parking v02.docx,Parking v02.docx,Unsupported file type,TempFiles,03-01-2025
8623,General,AttendReport.xls,D:\Downloads\AttendReport.xls,D:\Downloads\AttendReport.xls,AttendReport.xls,Unsupported file type,TempFiles,03-01-2025
8639,General,AttendReport (1).xls,D:\Downloads\AttendReport (1).xls,D:\Downloads\AttendReport (1).xls,AttendReport (1).xls,Unsupported file type,TempFiles,06-01-2025
8648,General,fos mat 1.bmp,D:\Downloads\fos mat 1.bmp,D:\Downloads\fos mat 1.bmp,fos mat 1.bmp,Unsupported file type,TempFiles,06-01-2025
8649,General,fos mat 2.bmp,D:\Downloads\fos mat 2.bmp,D:\Downloads\fos mat 2.bmp,fos mat 2.bmp,Unsupported file type,TempFiles,06-01-2025
8650,General,fos mat 3.bmp,D:\Downloads\fos mat 3.bmp,D:\Downloads\fos mat 3.bmp,fos mat 3.bmp,Unsupported file type,TempFiles,06-01-2025
8651,General,fos mat 4.bmp,D:\Downloads\fos mat 4.bmp,D:\Downloads\fos mat 4.bmp,fos mat 4.bmp,Unsupported file type,TempFiles,06-01-2025
8652,General,fos mat 5.bmp,D:\Downloads\fos mat 5.bmp,D:\Downloads\fos mat 5.bmp,fos mat 5.bmp,Unsupported file type,TempFiles,06-01-2025
8653,General,fos mat 6.bmp,D:\Downloads\fos mat 6.bmp,D:\Downloads\fos mat 6.bmp,fos mat 6.bmp,Unsupported file type,TempFiles,06-01-2025
8654,General,fos mat 7.bmp,D:\Downloads\fos mat 7.bmp,D:\Downloads\fos mat 7.bmp,fos mat 7.bmp,Unsupported file type,TempFiles,06-01-2025
8655,General,fos mat 8.bmp,D:\Downloads\fos mat 8.bmp,D:\Downloads\fos mat 8.bmp,fos mat 8.bmp,Unsupported file type,TempFiles,06-01-2025
8664,General,Vehicle Parking Managment System Architecture.docx,D:\Downloads\Vehicle Parking Managment System Architecture.docx,D:\Downloads\Vehicle Parking Managment System Architecture.docx,Vehicle Parking Managment System Architecture.docx,Unsupported file type,TempFiles,06-01-2025
8665,General,Vehicle_Access_Architecture.docx,D:\Downloads\Vehicle_Access_Architecture.docx,D:\Downloads\Vehicle_Access_Architecture.docx,Vehicle_Access_Architecture.docx,Unsupported file type,TempFiles,06-01-2025
8675,General,AttendReport (2).xls,D:\Downloads\AttendReport (2).xls,D:\Downloads\AttendReport (2).xls,AttendReport (2).xls,Unsupported file type,TempFiles,07-01-2025
8677,General,Device_Debug_View_Design.docx,D:\Downloads\Device_Debug_View_Design.docx,D:\Downloads\Device_Debug_View_Design.docx,Device_Debug_View_Design.docx,Unsupported file type,TempFiles,07-01-2025
8684,General,Screencast from 07-01-25 02_28_28 PM IST.webm,D:\Downloads\Screencast from 07-01-25 02_28_28 PM IST.webm,D:\Downloads\Screencast from 07-01-25 02_28_28 PM IST.webm,Screencast from 07-01-25 02_28_28 PM IST.webm,Unsupported file type,TempFiles,07-01-2025
8690,General,ec1b8b37-a359-47c8-bcf6-1468485e9961.webp,D:\Downloads\ec1b8b37-a359-47c8-bcf6-1468485e9961.webp,D:\Downloads\ec1b8b37-a359-47c8-bcf6-1468485e9961.webp,ec1b8b37-a359-47c8-bcf6-1468485e9961.webp,"Failed to generate a summary from the uploaded file-->Bad Request: Code: 400: Message: Unable to submit request because it has a mimeType parameter with value application/octet-stream, which is not supported. Update the mimeType and try again. Learn more: https://cloud.google.com/vertex-ai/generative-ai/docs/model-reference/gemini",TempFiles,08-01-2025
8693,General,AttendReport (3).xls,D:\Downloads\AttendReport (3).xls,D:\Downloads\AttendReport (3).xls,AttendReport (3).xls,Unsupported file type,TempFiles,08-01-2025
8703,General,AttendReport (4).xls,D:\Downloads\AttendReport (4).xls,D:\Downloads\AttendReport (4).xls,AttendReport (4).xls,Unsupported file type,TempFiles,09-01-2025
8712,General,Screencast from 10-01-25 09_46_31 AM IST.webm,D:\Downloads\Screencast from 10-01-25 09_46_31 AM IST.webm,D:\Downloads\Screencast from 10-01-25 09_46_31 AM IST.webm,Screencast from 10-01-25 09_46_31 AM IST.webm,Unsupported file type,TempFiles,10-01-2025
8715,General,Screencast from 10-01-25 09_46_31 AM IST (1).webm,D:\Downloads\Screencast from 10-01-25 09_46_31 AM IST (1).webm,D:\Downloads\Screencast from 10-01-25 09_46_31 AM IST (1).webm,Screencast from 10-01-25 09_46_31 AM IST (1).webm,Unsupported file type,TempFiles,10-01-2025
8717,General,VicorderCS-VascularSensor-FW-Sprint-9-III (2).zip,D:\Downloads\VicorderCS-VascularSensor-FW-Sprint-9-III (2).zip,D:\Downloads\VicorderCS-VascularSensor-FW-Sprint-9-III (2).zip,VicorderCS-VascularSensor-FW-Sprint-9-III (2).zip,File size exceeds 10 MB,TempFiles,10-01-2025
8719,General,iOrbit_Final PPT Slides.pptx,D:\Downloads\iOrbit_Final PPT Slides.pptx,D:\Downloads\iOrbit_Final PPT Slides.pptx,iOrbit_Final PPT Slides.pptx,Unsupported file type,TempFiles,10-01-2025
8722,General,9f50d0eb-ed49-41d6-94b3-b5421c8746e9.webp,D:\Downloads\9f50d0eb-ed49-41d6-94b3-b5421c8746e9.webp,D:\Downloads\9f50d0eb-ed49-41d6-94b3-b5421c8746e9.webp,9f50d0eb-ed49-41d6-94b3-b5421c8746e9.webp,"Failed to generate a summary from the uploaded file-->Bad Request: Code: 400: Message: Unable to submit request because it has a mimeType parameter with value application/octet-stream, which is not supported. Update the mimeType and try again. Learn more: https://cloud.google.com/vertex-ai/generative-ai/docs/model-reference/gemini",TempFiles,11-01-2025
8724,General,DBX chat with docs.mp4,D:\Downloads\DBX chat with docs.mp4,D:\Downloads\DBX chat with docs.mp4,DBX chat with docs.mp4,File size exceeds 10 MB,TempFiles,11-01-2025
8725,General,ttsmaker-file-2025-1-11-13-6-42.mp3,D:\Downloads\ttsmaker-file-2025-1-11-13-6-42.mp3,D:\Downloads\ttsmaker-file-2025-1-11-13-6-42.mp3,ttsmaker-file-2025-1-11-13-6-42.mp3,Unsupported file type,TempFiles,11-01-2025
8726,General,ttsmaker-file-2025-1-11-13-7-35.mp3,D:\Downloads\ttsmaker-file-2025-1-11-13-7-35.mp3,D:\Downloads\ttsmaker-file-2025-1-11-13-7-35.mp3,ttsmaker-file-2025-1-11-13-7-35.mp3,Unsupported file type,TempFiles,11-01-2025
8727,General,ttsmaker-file-2025-1-11-13-9-31.mp3,D:\Downloads\ttsmaker-file-2025-1-11-13-9-31.mp3,D:\Downloads\ttsmaker-file-2025-1-11-13-9-31.mp3,ttsmaker-file-2025-1-11-13-9-31.mp3,Unsupported file type,TempFiles,11-01-2025
8728,General,ttsmaker-file-2025-1-11-13-11-5.mp3,D:\Downloads\ttsmaker-file-2025-1-11-13-11-5.mp3,D:\Downloads\ttsmaker-file-2025-1-11-13-11-5.mp3,ttsmaker-file-2025-1-11-13-11-5.mp3,Unsupported file type,TempFiles,11-01-2025
8729,General,ttsmaker-file-2025-1-11-13-12-0.mp3,D:\Downloads\ttsmaker-file-2025-1-11-13-12-0.mp3,D:\Downloads\ttsmaker-file-2025-1-11-13-12-0.mp3,ttsmaker-file-2025-1-11-13-12-0.mp3,Unsupported file type,TempFiles,11-01-2025
8730,General,ttsmaker-file-2025-1-11-13-12-47.mp3,D:\Downloads\ttsmaker-file-2025-1-11-13-12-47.mp3,D:\Downloads\ttsmaker-file-2025-1-11-13-12-47.mp3,ttsmaker-file-2025-1-11-13-12-47.mp3,Unsupported file type,TempFiles,11-01-2025
8731,General,ttsmaker-file-2025-1-11-13-15-16.mp3,D:\Downloads\ttsmaker-file-2025-1-11-13-15-16.mp3,D:\Downloads\ttsmaker-file-2025-1-11-13-15-16.mp3,ttsmaker-file-2025-1-11-13-15-16.mp3,Unsupported file type,TempFiles,11-01-2025
8732,General,Limujii - Sweet Talks (freetouse.com).mp3,D:\Downloads\Limujii - Sweet Talks (freetouse.com).mp3,D:\Downloads\Limujii - Sweet Talks (freetouse.com).mp3,Limujii - Sweet Talks (freetouse.com).mp3,Unsupported file type,TempFiles,11-01-2025
8734,General,AttendReport (5).xls,D:\Downloads\AttendReport (5).xls,D:\Downloads\AttendReport (5).xls,AttendReport (5).xls,Unsupported file type,TempFiles,13-01-2025
8736,General,Unsupported file type,D:\Downloads\Unsupported file type,D:\Downloads\Unsupported file type,Unsupported file type,Unsupported file type,TempFiles,13-01-2025
8741,General,AT_DATA_columns_rows.txt,D:\Downloads\AT_DATA_columns_rows.txt,D:\Downloads\AT_DATA_columns_rows.txt,AT_DATA_columns_rows.txt,Unsupported file type,TempFiles,14-01-2025
8742,General,AT_DATA_all_columns_rows.txt,D:\Downloads\AT_DATA_all_columns_rows.txt,D:\Downloads\AT_DATA_all_columns_rows.txt,AT_DATA_all_columns_rows.txt,Unsupported file type,TempFiles,14-01-2025
8760,General,W5_Doppler_UI_Pnematic_1site_RA.mp4,D:\Downloads\W5_Doppler_UI_Pnematic_1site_RA.mp4,D:\Downloads\W5_Doppler_UI_Pnematic_1site_RA.mp4,W5_Doppler_UI_Pnematic_1site_RA.mp4,File size exceeds 10 MB,TempFiles,17-01-2025
8762,General,ESP32_Driver.h,D:\Downloads\ESP32_Driver.h,D:\Downloads\ESP32_Driver.h,ESP32_Driver.h,Unsupported file type,TempFiles,17-01-2025
8763,General,ESP32_Driver.c,D:\Downloads\ESP32_Driver.c,D:\Downloads\ESP32_Driver.c,ESP32_Driver.c,Unsupported file type,TempFiles,17-01-2025
8764,General,CommunicationThread.c,D:\Downloads\CommunicationThread.c,D:\Downloads\CommunicationThread.c,CommunicationThread.c,Unsupported file type,TempFiles,17-01-2025
8765,General,CommunicationThread.h,D:\Downloads\CommunicationThread.h,D:\Downloads\CommunicationThread.h,CommunicationThread.h,Unsupported file type,TempFiles,17-01-2025
8766,General,httpsserver.cpp,D:\Downloads\httpsserver.cpp,D:\Downloads\httpsserver.cpp,httpsserver.cpp,Unsupported file type,TempFiles,17-01-2025
8769,General,School_Bus_Tracking_Proposal.docx,D:\Downloads\School_Bus_Tracking_Proposal.docx,D:\Downloads\School_Bus_Tracking_Proposal.docx,School_Bus_Tracking_Proposal.docx,Unsupported file type,TempFiles,17-01-2025
8774,General,Luxisens_Hardware-main.zip,D:\Downloads\Luxisens_Hardware-main.zip,D:\Downloads\Luxisens_Hardware-main.zip,Luxisens_Hardware-main.zip,File size exceeds 10 MB,TempFiles,18-01-2025
8786,General,Final_Product_List.xlsx,D:\Downloads\Final_Product_List.xlsx,D:\Downloads\Final_Product_List.xlsx,Final_Product_List.xlsx,Unsupported file type,TempFiles,22-01-2025
8787,General,Final_ToolsProduct_List.xlsx,D:\Downloads\Final_ToolsProduct_List.xlsx,D:\Downloads\Final_ToolsProduct_List.xlsx,Final_ToolsProduct_List.xlsx,Unsupported file type,TempFiles,22-01-2025
8793,General,Screencast from 23-01-25 05_01_35 PM IST.webm,D:\Downloads\Screencast from 23-01-25 05_01_35 PM IST.webm,D:\Downloads\Screencast from 23-01-25 05_01_35 PM IST.webm,Screencast from 23-01-25 05_01_35 PM IST.webm,Unsupported file type,TempFiles,23-01-2025
8805,General,LM-Studio-0.3.8-4-x64.exe,D:\Downloads\LM-Studio-0.3.8-4-x64.exe,D:\Downloads\LM-Studio-0.3.8-4-x64.exe,LM-Studio-0.3.8-4-x64.exe,File size exceeds 10 MB,TempFiles,26-01-2025
8813,General,Uploader_deployable_v1.zip,D:\Downloads\Uploader_deployable_v1.zip,D:\Downloads\Uploader_deployable_v1.zip,Uploader_deployable_v1.zip,File size exceeds 10 MB,TempFiles,28-01-2025
8814,General,VicorderCS-VascularSensor-FW.bin,D:\Downloads\VicorderCS-VascularSensor-FW.bin,D:\Downloads\VicorderCS-VascularSensor-FW.bin,VicorderCS-VascularSensor-FW.bin,Unsupported file type,TempFiles,28-01-2025
8817,General,ISM Summary Report_January 2025.docx,D:\Downloads\ISM Summary Report_January 2025.docx,D:\Downloads\ISM Summary Report_January 2025.docx,ISM Summary Report_January 2025.docx,Unsupported file type,TempFiles,29-01-2025
8819,General,Automating Patient Monitoring in ICUs and Hospitals Using AI and LLMs _ LinkedIn.mhtml,D:\Downloads\Automating Patient Monitoring in ICUs and Hospitals Using AI and LLMs _ LinkedIn.mhtml,D:\Downloads\Automating Patient Monitoring in ICUs and Hospitals Using AI and LLMs _ LinkedIn.mhtml,Automating Patient Monitoring in ICUs and Hospitals Using AI and LLMs _ LinkedIn.mhtml,File not found,TempFiles,30-01-2025
8820,General,patientmon.pdf,D:\Downloads\patientmon.pdf,D:\Downloads\patientmon.pdf,patientmon.pdf,File not found,TempFiles,30-01-2025
8821,General,CF69AA9F-4A72-4E3C-A272-65A0F6A141ED.pdf,D:\Downloads\CF69AA9F-4A72-4E3C-A272-65A0F6A141ED.pdf,D:\Downloads\CF69AA9F-4A72-4E3C-A272-65A0F6A141ED.pdf,CF69AA9F-4A72-4E3C-A272-65A0F6A141ED.pdf,File not found,TempFiles,30-01-2025
8822,General,breating frequncies.bmp,D:\Downloads\breating frequncies.bmp,D:\Downloads\breating frequncies.bmp,breating frequncies.bmp,File not found,TempFiles,30-01-2025
8823,General,teeth wave from.bmp,D:\Downloads\teeth wave from.bmp,D:\Downloads\teeth wave from.bmp,teeth wave from.bmp,File not found,TempFiles,30-01-2025
8824,General,AttendReport (6).xls,D:\Downloads\AttendReport (6).xls,D:\Downloads\AttendReport (6).xls,AttendReport (6).xls,File not found,TempFiles,31-01-2025
8826,General,WhatsApp Image 2025-01-30 at 18.35.03_e4c75e35.jpg,D:\Downloads\WhatsApp Image 2025-01-30 at 18.35.03_e4c75e35.jpg,D:\Downloads\WhatsApp Image 2025-01-30 at 18.35.03_e4c75e35.jpg,WhatsApp Image 2025-01-30 at 18.35.03_e4c75e35.jpg,File not found,TempFiles,31-01-2025
8827,General,ImportedPhoto_1738295857884.jpg,D:\Downloads\ImportedPhoto_1738295857884.jpg,D:\Downloads\ImportedPhoto_1738295857884.jpg,ImportedPhoto_1738295857884.jpg,File not found,TempFiles,31-01-2025
8828,General,Project Proposal for IMPACT Program.pdf,D:\Downloads\Project Proposal for IMPACT Program.pdf,D:\Downloads\Project Proposal for IMPACT Program.pdf,Project Proposal for IMPACT Program.pdf,File not found,TempFiles,31-01-2025
8832,General,PA_CERTIFICATE_4733166358.pdf,D:\Downloads\PA_CERTIFICATE_4733166358.pdf,D:\Downloads\PA_CERTIFICATE_4733166358.pdf,PA_CERTIFICATE_4733166358.pdf,File not found,TempFiles,04-02-2025
8833,General,POL_76050034242700000145.zip,D:\Downloads\POL_76050034242700000145.zip,D:\Downloads\POL_76050034242700000145.zip,POL_76050034242700000145.zip,File not found,TempFiles,04-02-2025
8834,General,WhatsApp Image 2025-02-04 at 17.46.24_d213e6c6.jpg,D:\Downloads\WhatsApp Image 2025-02-04 at 17.46.24_d213e6c6.jpg,D:\Downloads\WhatsApp Image 2025-02-04 at 17.46.24_d213e6c6.jpg,WhatsApp Image 2025-02-04 at 17.46.24_d213e6c6.jpg,File not found,TempFiles,04-02-2025
8835,General,WhatsApp Image 2025-02-04 at 17.48.29_46914d5e.jpg,D:\Downloads\WhatsApp Image 2025-02-04 at 17.48.29_46914d5e.jpg,D:\Downloads\WhatsApp Image 2025-02-04 at 17.48.29_46914d5e.jpg,WhatsApp Image 2025-02-04 at 17.48.29_46914d5e.jpg,File not found,TempFiles,04-02-2025
8836,General,WhatsApp Image 2025-02-04 at 17.52.46_b261e70e.jpg,D:\Downloads\WhatsApp Image 2025-02-04 at 17.52.46_b261e70e.jpg,D:\Downloads\WhatsApp Image 2025-02-04 at 17.52.46_b261e70e.jpg,WhatsApp Image 2025-02-04 at 17.52.46_b261e70e.jpg,File not found,TempFiles,04-02-2025
8837,General,WhatsApp Image 2025-02-04 at 19.10.23_5ee53be9.jpg,D:\Downloads\WhatsApp Image 2025-02-04 at 19.10.23_5ee53be9.jpg,D:\Downloads\WhatsApp Image 2025-02-04 at 19.10.23_5ee53be9.jpg,WhatsApp Image 2025-02-04 at 19.10.23_5ee53be9.jpg,File not found,TempFiles,04-02-2025
8838,General,AK_POLICYSCHEDULENIADOCUMENTAK_55000120.pdf,D:\Downloads\AK_POLICYSCHEDULENIADOCUMENTAK_55000120.pdf,D:\Downloads\AK_POLICYSCHEDULENIADOCUMENTAK_55000120.pdf,AK_POLICYSCHEDULENIADOCUMENTAK_55000120.pdf,File not found,TempFiles,04-02-2025
8839,General,WhatsApp Image 2025-02-04 at 20.17.19_2ccb616b.jpg,D:\Downloads\WhatsApp Image 2025-02-04 at 20.17.19_2ccb616b.jpg,D:\Downloads\WhatsApp Image 2025-02-04 at 20.17.19_2ccb616b.jpg,WhatsApp Image 2025-02-04 at 20.17.19_2ccb616b.jpg,File not found,TempFiles,04-02-2025
8840,General,WhatsApp Image 2025-02-04 at 20.17.20_d4c26a15.jpg,D:\Downloads\WhatsApp Image 2025-02-04 at 20.17.20_d4c26a15.jpg,D:\Downloads\WhatsApp Image 2025-02-04 at 20.17.20_d4c26a15.jpg,WhatsApp Image 2025-02-04 at 20.17.20_d4c26a15.jpg,File not found,TempFiles,04-02-2025
8841,General,Sending Video from AVer Camera to Twilio and Viewing on Web Pages.pdf,D:\Downloads\Sending Video from AVer Camera to Twilio and Viewing on Web Pages.pdf,D:\Downloads\Sending Video from AVer Camera to Twilio and Viewing on Web Pages.pdf,Sending Video from AVer Camera to Twilio and Viewing on Web Pages.pdf,File not found,TempFiles,04-02-2025
8842,General,InitiateSingleEntryPaymentSummary05-02-2025.pdf,D:\Downloads\InitiateSingleEntryPaymentSummary05-02-2025.pdf,D:\Downloads\InitiateSingleEntryPaymentSummary05-02-2025.pdf,InitiateSingleEntryPaymentSummary05-02-2025.pdf,File not found,TempFiles,05-02-2025
8843,General,project_delays_factors (1).docx,D:\Downloads\project_delays_factors (1).docx,D:\Downloads\project_delays_factors (1).docx,project_delays_factors (1).docx,File not found,TempFiles,06-02-2025
8844,General,InitiateSingleEntryPaymentSummary06-02-2025.pdf,D:\Downloads\InitiateSingleEntryPaymentSummary06-02-2025.pdf,D:\Downloads\InitiateSingleEntryPaymentSummary06-02-2025.pdf,InitiateSingleEntryPaymentSummary06-02-2025.pdf,File not found,TempFiles,06-02-2025
8848,General,Thesis_Zheng_Peng_WithoutChapter9.pdf,D:\Downloads\Thesis_Zheng_Peng_WithoutChapter9.pdf,D:\Downloads\Thesis_Zheng_Peng_WithoutChapter9.pdf,Thesis_Zheng_Peng_WithoutChapter9.pdf,File not found,TempFiles,08-02-2025
8849,General,Maxima Medical Clinical Result_SenseMat.pdf,D:\Downloads\Maxima Medical Clinical Result_SenseMat.pdf,D:\Downloads\Maxima Medical Clinical Result_SenseMat.pdf,Maxima Medical Clinical Result_SenseMat.pdf,File not found,TempFiles,08-02-2025
8850,General,US9655526_Darma Inc Patent_Vital Signs Fiber Optic Sensor Systems & Methods I 23 May 2017.pdf,D:\Downloads\US9655526_Darma Inc Patent_Vital Signs Fiber Optic Sensor Systems & Methods I 23 May 2017.pdf,D:\Downloads\US9655526_Darma Inc Patent_Vital Signs Fiber Optic Sensor Systems & Methods I 23 May 2017.pdf,US9655526_Darma Inc Patent_Vital Signs Fiber Optic Sensor Systems & Methods I 23 May 2017.pdf,File not found,TempFiles,08-02-2025
8851,General,US10743797_Darma Inc_Fiber Optic Sensors & Methods for Monitoring Micro-Movements I 18 Aug 2020.pdf,D:\Downloads\US10743797_Darma Inc_Fiber Optic Sensors & Methods for Monitoring Micro-Movements I 18 Aug 2020.pdf,D:\Downloads\US10743797_Darma Inc_Fiber Optic Sensors & Methods for Monitoring Micro-Movements I 18 Aug 2020.pdf,US10743797_Darma Inc_Fiber Optic Sensors & Methods for Monitoring Micro-Movements I 18 Aug 2020.pdf,File not found,TempFiles,08-02-2025
8852,General,Documentation_Bundle-20250210T044817Z-001.zip,D:\Downloads\Documentation_Bundle-20250210T044817Z-001.zip,D:\Downloads\Documentation_Bundle-20250210T044817Z-001.zip,Documentation_Bundle-20250210T044817Z-001.zip,File not found,TempFiles,10-02-2025
8853,General,SoW Agappe IoT - v1.0.docx,D:\Downloads\SoW Agappe IoT - v1.0.docx,D:\Downloads\SoW Agappe IoT - v1.0.docx,SoW Agappe IoT - v1.0.docx,File not found,TempFiles,10-02-2025
8854,General,arduino-ide_2.3.4_Windows_64bit.zip,D:\Downloads\arduino-ide_2.3.4_Windows_64bit.zip,D:\Downloads\arduino-ide_2.3.4_Windows_64bit.zip,arduino-ide_2.3.4_Windows_64bit.zip,File not found,TempFiles,11-02-2025
8855,General,esp-idf-tools-setup-espressif-ide-3.1.0-with-esp-idf-5.3.1.exe,D:\Downloads\esp-idf-tools-setup-espressif-ide-3.1.0-with-esp-idf-5.3.1.exe,D:\Downloads\esp-idf-tools-setup-espressif-ide-3.1.0-with-esp-idf-5.3.1.exe,esp-idf-tools-setup-espressif-ide-3.1.0-with-esp-idf-5.3.1.exe,File not found,TempFiles,11-02-2025
8899,General,Luxisens NDA (1).doc,C:\Users\Bijumon\Downloads\Luxisens NDA (1).doc,C:\Users\Bijumon\Downloads\Luxisens NDA (1).doc,Luxisens NDA (1).doc,Unsupported file type,TempFiles,25-02-2025
8911,General,SpeedStile FLs Mk2-OM.Manual-MN0069A20R-EN (2).PDF,C:\Users\Bijumon\Downloads\SpeedStile FLs Mk2-OM.Manual-MN0069A20R-EN (2).PDF,C:\Users\Bijumon\Downloads\SpeedStile FLs Mk2-OM.Manual-MN0069A20R-EN (2).PDF,SpeedStile FLs Mk2-OM.Manual-MN0069A20R-EN (2).PDF,File size exceeds 10 MB,TempFiles,28-02-2025
8916,General,LuxisenseDesktop-main (1).zip,C:\Users\Bijumon\Downloads\LuxisenseDesktop-main (1).zip,C:\Users\Bijumon\Downloads\LuxisenseDesktop-main (1).zip,LuxisenseDesktop-main (1).zip,Unsupported file type,TempFiles,01-03-2025
8917,General,luxisense_firmware-main (1).zip,C:\Users\Bijumon\Downloads\luxisense_firmware-main (1).zip,C:\Users\Bijumon\Downloads\luxisense_firmware-main (1).zip,luxisense_firmware-main (1).zip,Unsupported file type,TempFiles,01-03-2025
8919,General,Luxisens_Hardware-main (1) (1).zip,C:\Users\Bijumon\Downloads\Luxisens_Hardware-main (1) (1).zip,C:\Users\Bijumon\Downloads\Luxisens_Hardware-main (1) (1).zip,Luxisens_Hardware-main (1) (1).zip,File size exceeds 10 MB,TempFiles,01-03-2025
8940,General,gcapi.dll,C:\Users\Bijumon\Downloads\gcapi.dll,C:\Users\Bijumon\Downloads\gcapi.dll,gcapi.dll,Unsupported file type,TempFiles,17-03-2025
8999,General,Villa No.03 (2).mp4,C:\Users\Bijumon\Downloads\Villa No.03 (2).mp4,C:\Users\Bijumon\Downloads\Villa No.03 (2).mp4,Villa No.03 (2).mp4,File size exceeds 10 MB,TempFiles,31-03-2025
9007,General,LuxiWpfFilestruct.bmp,C:\Users\Bijumon\Downloads\LuxiWpfFilestruct.bmp,C:\Users\Bijumon\Downloads\LuxiWpfFilestruct.bmp,LuxiWpfFilestruct.bmp,Unsupported file type,TempFiles,02-04-2025
9009,General,FRS Attendance RFP_v1.docx,C:\Users\Bijumon\Downloads\FRS Attendance RFP_v1.docx,C:\Users\Bijumon\Downloads\FRS Attendance RFP_v1.docx,FRS Attendance RFP_v1.docx,Unsupported file type,TempFiles,02-04-2025
9018,General,Process Flow Baking Station.pdf,C:\Users\Bijumon\Downloads\Process Flow Baking Station.pdf,C:\Users\Bijumon\Downloads\Process Flow Baking Station.pdf,Process Flow Baking Station.pdf,File size exceeds 10 MB,TempFiles,03-04-2025
9025,General,Luxisens NDA (2).doc,C:\Users\Bijumon\Downloads\Luxisens NDA (2).doc,C:\Users\Bijumon\Downloads\Luxisens NDA (2).doc,Luxisens NDA (2).doc,Unsupported file type,TempFiles,04-04-2025
9026,General,IVA ID.pdf,C:\Users\Bijumon\Downloads\IVA ID.pdf,C:\Users\Bijumon\Downloads\IVA ID.pdf,IVA ID.pdf,File size exceeds 10 MB,TempFiles,04-04-2025
9034,General,Luxisens NDA (2).docx,C:\Users\Bijumon\Downloads\Luxisens NDA (2).docx,C:\Users\Bijumon\Downloads\Luxisens NDA (2).docx,Luxisens NDA (2).docx,Unsupported file type,TempFiles,05-04-2025
9050,General,SRS_attendence_monitoring_system.docx,C:\Users\Bijumon\Downloads\SRS_attendence_monitoring_system.docx,C:\Users\Bijumon\Downloads\SRS_attendence_monitoring_system.docx,SRS_attendence_monitoring_system.docx,Unsupported file type,TempFiles,10-04-2025
9051,General,SRS_attendence_monitoring_system (1).docx,C:\Users\Bijumon\Downloads\SRS_attendence_monitoring_system (1).docx,C:\Users\Bijumon\Downloads\SRS_attendence_monitoring_system (1).docx,SRS_attendence_monitoring_system (1).docx,Unsupported file type,TempFiles,10-04-2025
9060,General,Luxisense_Pre-FDA_Checklist.xlsx,C:\Users\Bijumon\Downloads\Luxisense_Pre-FDA_Checklist.xlsx,C:\Users\Bijumon\Downloads\Luxisense_Pre-FDA_Checklist.xlsx,Luxisense_Pre-FDA_Checklist.xlsx,Unsupported file type,TempFiles,10-04-2025
9061,General,Luxisense_Pre-FDA_Checklist_Detailed.xlsx,C:\Users\Bijumon\Downloads\Luxisense_Pre-FDA_Checklist_Detailed.xlsx,C:\Users\Bijumon\Downloads\Luxisense_Pre-FDA_Checklist_Detailed.xlsx,Luxisense_Pre-FDA_Checklist_Detailed.xlsx,Unsupported file type,TempFiles,10-04-2025
9062,General,Luxisense_Pre-FDA_Checklist_Flat.xlsx,C:\Users\Bijumon\Downloads\Luxisense_Pre-FDA_Checklist_Flat.xlsx,C:\Users\Bijumon\Downloads\Luxisense_Pre-FDA_Checklist_Flat.xlsx,Luxisense_Pre-FDA_Checklist_Flat.xlsx,Unsupported file type,TempFiles,10-04-2025
9075,General,NxtEyeXcareerfIT colab.docx,C:\Users\Bijumon\Downloads\NxtEyeXcareerfIT colab.docx,C:\Users\Bijumon\Downloads\NxtEyeXcareerfIT colab.docx,NxtEyeXcareerfIT colab.docx,Unsupported file type,TempFiles,15-04-2025
9170,General,DataCivet.pdf,C:\Users\Bijumon\Downloads\DataCivet.pdf,C:\Users\Bijumon\Downloads\DataCivet.pdf,DataCivet.pdf,File size exceeds 10 MB,TempFiles,07-05-2025
9190,General,Luxisens_log.zip,C:\Users\Bijumon\Downloads\Luxisens_log.zip,C:\Users\Bijumon\Downloads\Luxisens_log.zip,Luxisens_log.zip,Unsupported file type,TempFiles,15-05-2025
9212,General,invoice_2748648.pdf,C:\Users\Bijumon\Downloads\invoice_2748648.pdf,C:\Users\Bijumon\Downloads\invoice_2748648.pdf,invoice_2748648.pdf,Failed to start the resumable upload session.,TempFiles,21-05-2025
9247,General,BPDrTrust1.java,C:\Users\Bijumon\Downloads\BPDrTrust1.java,C:\Users\Bijumon\Downloads\BPDrTrust1.java,BPDrTrust1.java,Unsupported file type,TempFiles,02-06-2025
9249,General,BPDrTrust1 (1).java,C:\Users\Bijumon\Downloads\BPDrTrust1 (1).java,C:\Users\Bijumon\Downloads\BPDrTrust1 (1).java,BPDrTrust1 (1).java,Unsupported file type,TempFiles,02-06-2025
9256,General,SPO2ControlD.java,C:\Users\Bijumon\Downloads\SPO2ControlD.java,C:\Users\Bijumon\Downloads\SPO2ControlD.java,SPO2ControlD.java,Unsupported file type,TempFiles,04-06-2025
9259,General,LuxiConsolidator_June5.zip,C:\Users\Bijumon\Downloads\LuxiConsolidator_June5.zip,C:\Users\Bijumon\Downloads\LuxiConsolidator_June5.zip,LuxiConsolidator_June5.zip,File size exceeds 10 MB,TempFiles,05-06-2025
9277,General,fft-respiration-analysis.html,C:\Users\Bijumon\Downloads\fft-respiration-analysis.html,C:\Users\Bijumon\Downloads\fft-respiration-analysis.html,fft-respiration-analysis.html,Unsupported file type,TempFiles,10-06-2025
9312,General,BPL CPAP Engineering Support Proposal v2.1.docx,C:\Users\Bijumon\Downloads\BPL CPAP Engineering Support Proposal v2.1.docx,C:\Users\Bijumon\Downloads\BPL CPAP Engineering Support Proposal v2.1.docx,BPL CPAP Engineering Support Proposal v2.1.docx,Unsupported file type,TempFiles,16-06-2025
9314,General,BPL CPAP Engineering Support Proposal v2.1 (1).docx,C:\Users\Bijumon\Downloads\BPL CPAP Engineering Support Proposal v2.1 (1).docx,C:\Users\Bijumon\Downloads\BPL CPAP Engineering Support Proposal v2.1 (1).docx,BPL CPAP Engineering Support Proposal v2.1 (1).docx,Unsupported file type,TempFiles,16-06-2025
9326,General,IvaLeadTracker.xlsx,C:\Users\Bijumon\Downloads\IvaLeadTracker.xlsx,C:\Users\Bijumon\Downloads\IvaLeadTracker.xlsx,IvaLeadTracker.xlsx,Unsupported file type,TempFiles,18-06-2025
9341,General,DisplayMainBlackTheme.py,C:\Users\Bijumon\Downloads\DisplayMainBlackTheme.py,C:\Users\Bijumon\Downloads\DisplayMainBlackTheme.py,DisplayMainBlackTheme.py,Unsupported file type,TempFiles,21-06-2025
9353,General,Luxisense Raspberry Pi Display .mp4,C:\Users\Bijumon\Downloads\Luxisense Raspberry Pi Display .mp4,C:\Users\Bijumon\Downloads\Luxisense Raspberry Pi Display .mp4,Luxisense Raspberry Pi Display .mp4,File size exceeds 10 MB,TempFiles,23-06-2025
9396,General,Luxisense demo by 10x.mp4,C:\Users\Bijumon\Downloads\Luxisense demo by 10x.mp4,C:\Users\Bijumon\Downloads\Luxisense demo by 10x.mp4,Luxisense demo by 10x.mp4,File size exceeds 10 MB,TempFiles,26-06-2025
9434,General,Luxisens by 10X2.mp4,C:\Users\Bijumon\Downloads\Luxisens by 10X2.mp4,C:\Users\Bijumon\Downloads\Luxisens by 10X2.mp4,Luxisens by 10X2.mp4,File size exceeds 10 MB,TempFiles,30-06-2025
9476,General,RV8.csv,C:\Users\Bijumon\Downloads\RV8.csv,C:\Users\Bijumon\Downloads\RV8.csv,RV8.csv,File size exceeds 10 MB,TempFiles,04-07-2025
9477,General,PAR ANO.zip,C:\Users\Bijumon\Downloads\PAR ANO.zip,C:\Users\Bijumon\Downloads\PAR ANO.zip,PAR ANO.zip,File size exceeds 10 MB,TempFiles,04-07-2025
9501,General,luxiFFT_20250708_192529.csv,C:\Users\Bijumon\Downloads\luxiFFT_20250708_192529.csv,C:\Users\Bijumon\Downloads\luxiFFT_20250708_192529.csv,luxiFFT_20250708_192529.csv,Failed to generate a summary from the uploaded file-->Bad Request: Code: 400: Message: Unable to submit request because the input token count is 1291310 but model only supports up to 1048575. Reduce the input token count and try again. You can also use the CountTokens API to calculate prompt token count and billable characters. Learn more: https://cloud.google.com/vertex-ai/generative-ai/docs/learn/models,TempFiles,09-07-2025
9625,General,hackathon.bmp,C:\Users\Bijumon\Downloads\hackathon.bmp,C:\Users\Bijumon\Downloads\hackathon.bmp,hackathon.bmp,Unsupported file type,TempFiles,31-07-2025
9651,General,whatsapp_notes_website.zip,C:\Users\Bijumon\Downloads\whatsapp_notes_website.zip,C:\Users\Bijumon\Downloads\whatsapp_notes_website.zip,whatsapp_notes_website.zip,Unsupported file type,TempFiles,05-08-2025
9669,General,hid_listener.py,C:\Users\Bijumon\Downloads\hid_listener.py,C:\Users\Bijumon\Downloads\hid_listener.py,hid_listener.py,Unsupported file type,TempFiles,06-08-2025
9679,General,LETTER FORMAT - NACR - Superintendent of Customs.docx,C:\Users\Bijumon\Downloads\LETTER FORMAT - NACR - Superintendent of Customs.docx,C:\Users\Bijumon\Downloads\LETTER FORMAT - NACR - Superintendent of Customs.docx,LETTER FORMAT - NACR - Superintendent of Customs.docx,Unsupported file type,TempFiles,07-08-2025
9681,General,NACR_Customs_Letter_Bijumon.docx,C:\Users\Bijumon\Downloads\NACR_Customs_Letter_Bijumon.docx,C:\Users\Bijumon\Downloads\NACR_Customs_Letter_Bijumon.docx,NACR_Customs_Letter_Bijumon.docx,Unsupported file type,TempFiles,07-08-2025
9687,General,assets_task_01k23wz8s2e3wrz57sd8rddjj1_1754625281_img_1.webp,C:\Users\Bijumon\Downloads\assets_task_01k23wz8s2e3wrz57sd8rddjj1_1754625281_img_1.webp,C:\Users\Bijumon\Downloads\assets_task_01k23wz8s2e3wrz57sd8rddjj1_1754625281_img_1.webp,assets_task_01k23wz8s2e3wrz57sd8rddjj1_1754625281_img_1.webp,"Failed to generate a summary from the uploaded file-->Bad Request: Code: 400: Message: Unable to submit request because it has a mimeType parameter with value application/octet-stream, which is not supported. Update the mimeType and try again. Learn more: https://cloud.google.com/vertex-ai/generative-ai/docs/model-reference/gemini",TempFiles,08-08-2025
9706,General,WhatsApp Video 2025-08-11 at 13.10.40.mp4,C:\Users\Bijumon\Downloads\WhatsApp Video 2025-08-11 at 13.10.40.mp4,C:\Users\Bijumon\Downloads\WhatsApp Video 2025-08-11 at 13.10.40.mp4,WhatsApp Video 2025-08-11 at 13.10.40.mp4,Unsupported file type,TempFiles,11-08-2025
9716,General,Raw_Data_20250808_171139.7z,C:\Users\Bijumon\Downloads\Raw_Data_20250808_171139.7z,C:\Users\Bijumon\Downloads\Raw_Data_20250808_171139.7z,Raw_Data_20250808_171139.7z,Unsupported file type,TempFiles,12-08-2025
9735,General,NEERS_Hardware-d186ce63086c6b265510b2ec9d724d4ec2f0c6d3.zip,C:\Users\Bijumon\Downloads\NEERS_Hardware-d186ce63086c6b265510b2ec9d724d4ec2f0c6d3.zip,C:\Users\Bijumon\Downloads\NEERS_Hardware-d186ce63086c6b265510b2ec9d724d4ec2f0c6d3.zip,NEERS_Hardware-d186ce63086c6b265510b2ec9d724d4ec2f0c6d3.zip,File size exceeds 10 MB,TempFiles,12-08-2025
9737,General,NEERS_Hardware-V1.zip,C:\Users\Bijumon\Downloads\NEERS_Hardware-V1.zip,C:\Users\Bijumon\Downloads\NEERS_Hardware-V1.zip,NEERS_Hardware-V1.zip,File size exceeds 10 MB,TempFiles,12-08-2025
9790,General,whatsapp_notes_website_v4_modified7.zip,C:\Users\Bijumon\Downloads\whatsapp_notes_website_v4_modified7.zip,C:\Users\Bijumon\Downloads\whatsapp_notes_website_v4_modified7.zip,whatsapp_notes_website_v4_modified7.zip,Unsupported file type,TempFiles,02-09-2025
9792,General,whatsapp_pa_final_ppt.pptx,C:\Users\Bijumon\Downloads\whatsapp_pa_final_ppt.pptx,C:\Users\Bijumon\Downloads\whatsapp_pa_final_ppt.pptx,whatsapp_pa_final_ppt.pptx,Unsupported file type,TempFiles,02-09-2025
9793,General,whatsapp_pa_final_ppt (1).pptx,C:\Users\Bijumon\Downloads\whatsapp_pa_final_ppt (1).pptx,C:\Users\Bijumon\Downloads\whatsapp_pa_final_ppt (1).pptx,whatsapp_pa_final_ppt (1).pptx,Unsupported file type,TempFiles,02-09-2025
9819,General,confocal_gantt_chart.html,C:\Users\Bijumon\Downloads\confocal_gantt_chart.html,C:\Users\Bijumon\Downloads\confocal_gantt_chart.html,confocal_gantt_chart.html,Unsupported file type,TempFiles,14-09-2025
9825,General,BMJO Rental agreement.docx,C:\Users\Bijumon\Downloads\BMJO Rental agreement.docx,C:\Users\Bijumon\Downloads\BMJO Rental agreement.docx,BMJO Rental agreement.docx,Unsupported file type,TempFiles,16-09-2025
9849,General,Luxisense Standalone monitor plans.pptx,C:\Users\Bijumon\Downloads\Luxisense Standalone monitor plans.pptx,C:\Users\Bijumon\Downloads\Luxisense Standalone monitor plans.pptx,Luxisense Standalone monitor plans.pptx,Unsupported file type,TempFiles,23-09-2025
9875,General,Luxisens Test Cases.docx,C:\Users\Bijumon\Downloads\Luxisens Test Cases.docx,C:\Users\Bijumon\Downloads\Luxisens Test Cases.docx,Luxisens Test Cases.docx,Unsupported file type,TempFiles,05-10-2025
9887,General,Abhishek_CV_T1S.pdf,C:\Users\Bijumon\Downloads\Abhishek_CV_T1S.pdf,C:\Users\Bijumon\Downloads\Abhishek_CV_T1S.pdf,Abhishek_CV_T1S.pdf,"Failed to generate a summary from the uploaded file-->Not Found: Code: 404: Message: models/gemini-1.5-flash-002 is not found for API version v1beta, or is not supported for generateContent. Call ListModels to see the list of available models and their supported methods.",TempFiles,06-10-2025
9898,General,WhatsApp Image 2025-10-04 at 19.59.09_58de1f83 - Copy.jpg,C:\Users\Bijumon\Downloads\WhatsApp Image 2025-10-04 at 19.59.09_58de1f83 - Copy.jpg,C:\Users\Bijumon\Downloads\WhatsApp Image 2025-10-04 at 19.59.09_58de1f83 - Copy.jpg,WhatsApp Image 2025-10-04 at 19.59.09_58de1f83 - Copy.jpg,"Failed to generate a summary from the uploaded file-->Not Found: Code: 404: Message: models/gemini-1.5-flash-002 is not found for API version v1beta, or is not supported for generateContent. Call ListModels to see the list of available models and their supported methods.",TempFiles,07-10-2025
9899,General,WhatsApp Image 2025-10-04 at 19.59.09_15b8b873 - Copy.jpg,C:\Users\Bijumon\Downloads\WhatsApp Image 2025-10-04 at 19.59.09_15b8b873 - Copy.jpg,C:\Users\Bijumon\Downloads\WhatsApp Image 2025-10-04 at 19.59.09_15b8b873 - Copy.jpg,WhatsApp Image 2025-10-04 at 19.59.09_15b8b873 - Copy.jpg,"Failed to generate a summary from the uploaded file-->Not Found: Code: 404: Message: models/gemini-1.5-flash-002 is not found for API version v1beta, or is not supported for generateContent. Call ListModels to see the list of available models and their supported methods.",TempFiles,07-10-2025
9901,General,WhatsApp Image 2025-10-04 at 19.57.56_d273b212.jpg,C:\Users\Bijumon\Downloads\WhatsApp Image 2025-10-04 at 19.57.56_d273b212.jpg,C:\Users\Bijumon\Downloads\WhatsApp Image 2025-10-04 at 19.57.56_d273b212.jpg,WhatsApp Image 2025-10-04 at 19.57.56_d273b212.jpg,"Failed to generate a summary from the uploaded file-->Not Found: Code: 404: Message: models/gemini-1.5-flash-002 is not found for API version v1beta, or is not supported for generateContent. Call ListModels to see the list of available models and their supported methods.",TempFiles,07-10-2025
9906,General,VN20251007_143509.mp4,C:\Users\Bijumon\Downloads\VN20251007_143509.mp4,C:\Users\Bijumon\Downloads\VN20251007_143509.mp4,VN20251007_143509.mp4,File size exceeds 10 MB,TempFiles,07-10-2025
9913,General,sample_id_roshan.png,C:\Users\Bijumon\Downloads\sample_id_roshan.png,C:\Users\Bijumon\Downloads\sample_id_roshan.png,sample_id_roshan.png,"Failed to generate a summary from the uploaded file-->Not Found: Code: 404: Message: models/gemini-1.5-flash-002 is not found for API version v1beta, or is not supported for generateContent. Call ListModels to see the list of available models and their supported methods.",TempFiles,09-10-2025
9918,General,Hire-an-AIAgent.pptx,C:\Users\Bijumon\Downloads\Hire-an-AIAgent.pptx,C:\Users\Bijumon\Downloads\Hire-an-AIAgent.pptx,Hire-an-AIAgent.pptx,Unsupported file type,TempFiles,10-10-2025
9920,General,answer (5).pptx,C:\Users\Bijumon\Downloads\answer (5).pptx,C:\Users\Bijumon\Downloads\answer (5).pptx,answer (5).pptx,Unsupported file type,TempFiles,10-10-2025
9921,General,HireAnAgent.pptx,C:\Users\Bijumon\Downloads\HireAnAgent.pptx,C:\Users\Bijumon\Downloads\HireAnAgent.pptx,HireAnAgent.pptx,Unsupported file type,TempFiles,10-10-2025
9922,General,answer (6).pptx,C:\Users\Bijumon\Downloads\answer (6).pptx,C:\Users\Bijumon\Downloads\answer (6).pptx,answer (6).pptx,File size exceeds 10 MB,TempFiles,10-10-2025
9923,General,answer (7).pptx,C:\Users\Bijumon\Downloads\answer (7).pptx,C:\Users\Bijumon\Downloads\answer (7).pptx,answer (7).pptx,Unsupported file type,TempFiles,10-10-2025
9924,General,answer (8).pptx,C:\Users\Bijumon\Downloads\answer (8).pptx,C:\Users\Bijumon\Downloads\answer (8).pptx,answer (8).pptx,Unsupported file type,TempFiles,10-10-2025
9925,General,answer (9).pptx,C:\Users\Bijumon\Downloads\answer (9).pptx,C:\Users\Bijumon\Downloads\answer (9).pptx,answer (9).pptx,Unsupported file type,TempFiles,10-10-2025
9930,General,Neonatal Sensor Bending.pdf,C:\Users\Bijumon\Downloads\Neonatal Sensor Bending.pdf,C:\Users\Bijumon\Downloads\Neonatal Sensor Bending.pdf,Neonatal Sensor Bending.pdf,"Failed to generate a summary from the uploaded file-->Not Found: Code: 404: Message: models/gemini-1.5-flash-002 is not found for API version v1beta, or is not supported for generateContent. Call ListModels to see the list of available models and their supported methods.",TempFiles,13-10-2025
9932,General,LuxisensePiDisplay_Vishnu.zip,C:\Users\Bijumon\Downloads\LuxisensePiDisplay_Vishnu.zip,C:\Users\Bijumon\Downloads\LuxisensePiDisplay_Vishnu.zip,LuxisensePiDisplay_Vishnu.zip,Unsupported file type,TempFiles,13-10-2025
9938,General,WhatsApp Image 2025-10-14 at 09.51.32_7c443bcd.jpg,C:\Users\Bijumon\Downloads\WhatsApp Image 2025-10-14 at 09.51.32_7c443bcd.jpg,C:\Users\Bijumon\Downloads\WhatsApp Image 2025-10-14 at 09.51.32_7c443bcd.jpg,WhatsApp Image 2025-10-14 at 09.51.32_7c443bcd.jpg,"Failed to generate a summary from the uploaded file-->Not Found: Code: 404: Message: models/gemini-1.5-flash-002 is not found for API version v1beta, or is not supported for generateContent. Call ListModels to see the list of available models and their supported methods.",TempFiles,15-10-2025
9939,General,WhatsApp Image 2025-10-14 at 09.51.32_9b728e8c.jpg,C:\Users\Bijumon\Downloads\WhatsApp Image 2025-10-14 at 09.51.32_9b728e8c.jpg,C:\Users\Bijumon\Downloads\WhatsApp Image 2025-10-14 at 09.51.32_9b728e8c.jpg,WhatsApp Image 2025-10-14 at 09.51.32_9b728e8c.jpg,"Failed to generate a summary from the uploaded file-->Not Found: Code: 404: Message: models/gemini-1.5-flash-002 is not found for API version v1beta, or is not supported for generateContent. Call ListModels to see the list of available models and their supported methods.",TempFiles,15-10-2025
9948,General,"Generated Image October 16, 2025 - 5_42PM.png","C:\Users\Bijumon\Downloads\Generated Image October 16, 2025 - 5_42PM.png","C:\Users\Bijumon\Downloads\Generated Image October 16, 2025 - 5_42PM.png","Generated Image October 16, 2025 - 5_42PM.png","Failed to generate a summary from the uploaded file-->Not Found: Code: 404: Message: models/gemini-1.5-flash-002 is not found for API version v1beta, or is not supported for generateContent. Call ListModels to see the list of available models and their supported methods.",TempFiles,16-10-2025
9966,General,AI_Watcher_API_Design_Implementation (1).docx,C:\Users\Bijumon\Downloads\AI_Watcher_API_Design_Implementation (1).docx,C:\Users\Bijumon\Downloads\AI_Watcher_API_Design_Implementation (1).docx,AI_Watcher_API_Design_Implementation (1).docx,Unsupported file type,TempFiles,23-10-2025
9990,General,wetransfer_oem-spo2-board-communication-protocol-pdf_2025-10-27_1239.zip,C:\Users\Bijumon\Downloads\wetransfer_oem-spo2-board-communication-protocol-pdf_2025-10-27_1239.zip,C:\Users\Bijumon\Downloads\wetransfer_oem-spo2-board-communication-protocol-pdf_2025-10-27_1239.zip,wetransfer_oem-spo2-board-communication-protocol-pdf_2025-10-27_1239.zip,Unsupported file type,TempFiles,28-10-2025
9991,General,spo2_sniffer.py,C:\Users\Bijumon\Downloads\spo2_sniffer.py,C:\Users\Bijumon\Downloads\spo2_sniffer.py,spo2_sniffer.py,Unsupported file type,TempFiles,28-10-2025
9995,General,WhatsApp Image 2025-10-27 at 11.44.19_e3da7bcb.jpg,C:\Users\Bijumon\Downloads\WhatsApp Image 2025-10-27 at 11.44.19_e3da7bcb.jpg,C:\Users\Bijumon\Downloads\WhatsApp Image 2025-10-27 at 11.44.19_e3da7bcb.jpg,WhatsApp Image 2025-10-27 at 11.44.19_e3da7bcb.jpg,"Failed to generate a summary from the uploaded file-->Not Found: Code: 404: Message: models/gemini-1.5-flash-002 is not found for API version v1beta, or is not supported for generateContent. Call ListModels to see the list of available models and their supported methods.",TempFiles,30-10-2025
10026,General,pdf_1755779828119_0.pdf,C:\Users\Bijumon\Downloads\pdf_1755779828119_0.pdf,C:\Users\Bijumon\Downloads\pdf_1755779828119_0.pdf,pdf_1755779828119_0.pdf,"Failed to generate a summary from the uploaded file-->Not Found: Code: 404: Message: models/gemini-1.5-flash-002 is not found for API version v1beta, or is not supported for generateContent. Call ListModels to see the list of available models and their supported methods.",TempFiles,07-11-2025
10066,General,New Luxisens.mp4,C:\Users\Bijumon\Downloads\New Luxisens.mp4,C:\Users\Bijumon\Downloads\New Luxisens.mp4,New Luxisens.mp4,Unsupported file type,TempFiles,01-12-2025
10067,General,newscreenLuxi.bmp,C:\Users\Bijumon\Downloads\newscreenLuxi.bmp,C:\Users\Bijumon\Downloads\newscreenLuxi.bmp,newscreenLuxi.bmp,Unsupported file type,TempFiles,01-12-2025
10072,General,Nov 2025 Expense Report Separate.pdf,C:\Users\Bijumon\Downloads\Nov 2025 Expense Report Separate.pdf,C:\Users\Bijumon\Downloads\Nov 2025 Expense Report Separate.pdf,Nov 2025 Expense Report Separate.pdf,"Failed to generate a summary from the uploaded file-->Not Found: Code: 404: Message: models/gemini-1.5-flash-002 is not found for API version v1beta, or is not supported for generateContent. Call ListModels to see the list of available models and their supported methods.",TempFiles,01-12-2025
10073,General,Gemini_Generated_Image_hb822hb822hb822h.png,C:\Users\Bijumon\Downloads\Gemini_Generated_Image_hb822hb822hb822h.png,C:\Users\Bijumon\Downloads\Gemini_Generated_Image_hb822hb822hb822h.png,Gemini_Generated_Image_hb822hb822hb822h.png,"Failed to generate a summary from the uploaded file-->Not Found: Code: 404: Message: models/gemini-1.5-flash-002 is not found for API version v1beta, or is not supported for generateContent. Call ListModels to see the list of available models and their supported methods.",TempFiles,02-12-2025
10091,General,services_process-image-api_1764143199.502000.zip,C:\Users\Bijumon\Downloads\services_process-image-api_1764143199.502000.zip,C:\Users\Bijumon\Downloads\services_process-image-api_1764143199.502000.zip,services_process-image-api_1764143199.502000.zip,Unsupported file type,TempFiles,09-12-2025
10092,General,services_process-image-api_1764143199.502000 (1).zip,C:\Users\Bijumon\Downloads\services_process-image-api_1764143199.502000 (1).zip,C:\Users\Bijumon\Downloads\services_process-image-api_1764143199.502000 (1).zip,services_process-image-api_1764143199.502000 (1).zip,Unsupported file type,TempFiles,09-12-2025
10096,General,SHELL TEST.zip,C:\Users\Bijumon\Downloads\SHELL TEST.zip,C:\Users\Bijumon\Downloads\SHELL TEST.zip,SHELL TEST.zip,Unsupported file type,TempFiles,12-12-2025
10099,General,Gemini_Generated_Image_yi1mimyi1mimyi1m.png,C:\Users\Bijumon\Downloads\Gemini_Generated_Image_yi1mimyi1mimyi1m.png,C:\Users\Bijumon\Downloads\Gemini_Generated_Image_yi1mimyi1mimyi1m.png,Gemini_Generated_Image_yi1mimyi1mimyi1m.png,Failed to start the resumable upload session.,TempFiles,15-12-2025
10104,General,luxisens_monitor - Copy.zip,C:\Users\Bijumon\Downloads\luxisens_monitor - Copy.zip,C:\Users\Bijumon\Downloads\luxisens_monitor - Copy.zip,luxisens_monitor - Copy.zip,File size exceeds 10 MB,TempFiles,17-12-2025
10129,General,lexisens_test_cases.xlsx,C:\Users\Bijumon\Downloads\lexisens_test_cases.xlsx,C:\Users\Bijumon\Downloads\lexisens_test_cases.xlsx,lexisens_test_cases.xlsx,Unsupported file type,TempFiles,22-12-2025
10131,General,lexisens_test_cases_extended (1).xlsx,C:\Users\Bijumon\Downloads\lexisens_test_cases_extended (1).xlsx,C:\Users\Bijumon\Downloads\lexisens_test_cases_extended (1).xlsx,lexisens_test_cases_extended (1).xlsx,Unsupported file type,TempFiles,23-12-2025
10135,General,SPO2.zip,C:\Users\Bijumon\Downloads\SPO2.zip,C:\Users\Bijumon\Downloads\SPO2.zip,SPO2.zip,File size exceeds 10 MB,TempFiles,23-12-2025
10168,General,lexisens_test_cases_modified.ods,C:\Users\Bijumon\Downloads\lexisens_test_cases_modified.ods,C:\Users\Bijumon\Downloads\lexisens_test_cases_modified.ods,lexisens_test_cases_modified.ods,Unsupported file type,TempFiles,30-12-2025
10191,General,"ChatGPT Image Jan 11, 2026, 11_32_33 AM.png","C:\Users\Bijumon\Downloads\ChatGPT Image Jan 11, 2026, 11_32_33 AM.png","C:\Users\Bijumon\Downloads\ChatGPT Image Jan 11, 2026, 11_32_33 AM.png","ChatGPT Image Jan 11, 2026, 11_32_33 AM.png","Failed to generate a summary from the uploaded file-->Not Found: Code: 404: Message: models/gemini-1.5-flash-002 is not found for API version v1beta, or is not supported for generateContent. Call ListModels to see the list of available models and their supported methods.",TempFiles,11-01-2026
10197,General,Product_Definition_Regulatory_Intent_Template_FINAL (1).pdf,C:\Users\Bijumon\Downloads\Product_Definition_Regulatory_Intent_Template_FINAL (1).pdf,C:\Users\Bijumon\Downloads\Product_Definition_Regulatory_Intent_Template_FINAL (1).pdf,Product_Definition_Regulatory_Intent_Template_FINAL (1).pdf,"Failed to generate a summary from the uploaded file-->Not Found: Code: 404: Message: models/gemini-1.5-flash-002 is not found for API version v1beta, or is not supported for generateContent. Call ListModels to see the list of available models and their supported methods.",TempFiles,13-01-2026
10215,General,Luxisens User ManualV1.pdf,C:\Users\Bijumon\Downloads\Luxisens User ManualV1.pdf,C:\Users\Bijumon\Downloads\Luxisens User ManualV1.pdf,Luxisens User ManualV1.pdf,"Failed to generate a summary from the uploaded file-->Not Found: Code: 404: Message: models/gemini-1.5-flash-002 is not found for API version v1beta, or is not supported for generateContent. Call ListModels to see the list of available models and their supported methods.",TempFiles,19-01-2026
10221,General,lexisens_test_cases_modified.pdf,C:\Users\Bijumon\Downloads\lexisens_test_cases_modified.pdf,C:\Users\Bijumon\Downloads\lexisens_test_cases_modified.pdf,lexisens_test_cases_modified.pdf,"Failed to generate a summary from the uploaded file-->Not Found: Code: 404: Message: models/gemini-1.5-flash-002 is not found for API version v1beta, or is not supported for generateContent. Call ListModels to see the list of available models and their supported methods.",TempFiles,21-01-2026
10223,General,ADuM3190.pdf,C:\Users\Bijumon\Downloads\ADuM3190.pdf,C:\Users\Bijumon\Downloads\ADuM3190.pdf,ADuM3190.pdf,"Failed to generate a summary from the uploaded file-->Not Found: Code: 404: Message: models/gemini-1.5-flash-002 is not found for API version v1beta, or is not supported for generateContent. Call ListModels to see the list of available models and their supported methods.",TempFiles,22-01-2026
10228,General,esp32wroom32E_spo2-V1.pdf,C:\Users\Bijumon\Downloads\esp32wroom32E_spo2-V1.pdf,C:\Users\Bijumon\Downloads\esp32wroom32E_spo2-V1.pdf,esp32wroom32E_spo2-V1.pdf,"Failed to generate a summary from the uploaded file-->Not Found: Code: 404: Message: models/gemini-1.5-flash-002 is not found for API version v1beta, or is not supported for generateContent. Call ListModels to see the list of available models and their supported methods.",TempFiles,22-01-2026
10266,General,aikon_health.db,C:\Users\Bijumon\Downloads\aikon_health.db,C:\Users\Bijumon\Downloads\aikon_health.db,aikon_health.db,File size exceeds 10 MB,TempFiles,05-02-2026
10271,General,CDM-v2.12.36.20-WHQL-Certified.zip,C:\Users\Bijumon\Downloads\CDM-v2.12.36.20-WHQL-Certified.zip,C:\Users\Bijumon\Downloads\CDM-v2.12.36.20-WHQL-Certified.zip,CDM-v2.12.36.20-WHQL-Certified.zip,Unsupported file type,TempFiles,06-02-2026
10278,General,VSM Smart Display UART AT Protocol.pdf,C:\Users\Bijumon\Downloads\VSM Smart Display UART AT Protocol.pdf,C:\Users\Bijumon\Downloads\VSM Smart Display UART AT Protocol.pdf,VSM Smart Display UART AT Protocol.pdf,"Failed to generate a summary from the uploaded file-->Not Found: Code: 404: Message: models/gemini-1.5-flash-002 is not found for API version v1beta, or is not supported for generateContent. Call ListModels to see the list of available models and their supported methods.",TempFiles,11-02-2026
10285,General,SCH_Schematic1_2026-02-14.pdf,C:\Users\Bijumon\Downloads\SCH_Schematic1_2026-02-14.pdf,C:\Users\Bijumon\Downloads\SCH_Schematic1_2026-02-14.pdf,SCH_Schematic1_2026-02-14.pdf,"Failed to generate a summary from the uploaded file-->Not Found: Code: 404: Message: models/gemini-1.5-flash-002 is not found for API version v1beta, or is not supported for generateContent. Call ListModels to see the list of available models and their supported methods.",TempFiles,14-02-2026
10333,General,VSM Smart Display UART AT Protocol (1).pdf,C:\Users\Bijumon\Downloads\VSM Smart Display UART AT Protocol (1).pdf,C:\Users\Bijumon\Downloads\VSM Smart Display UART AT Protocol (1).pdf,VSM Smart Display UART AT Protocol (1).pdf,"Failed to generate a summary from the uploaded file-->Not Found: Code: 404: Message: models/gemini-1.5-flash-002 is not found for API version v1beta, or is not supported for generateContent. Call ListModels to see the list of available models and their supported methods.",TempFiles,07-03-2026
10340,General,PolicySoftCopy_803440127.pdf,C:\Users\Bijumon\Downloads\PolicySoftCopy_803440127.pdf,C:\Users\Bijumon\Downloads\PolicySoftCopy_803440127.pdf,PolicySoftCopy_803440127.pdf,"Failed to generate a summary from the uploaded file-->Not Found: Code: 404: Message: models/gemini-1.5-flash-002 is not found for API version v1beta, or is not supported for generateContent. Call ListModels to see the list of available models and their supported methods.",TempFiles,09-03-2026
10344,General,Bijumon_tasks.docx,C:\Users\Bijumon\Downloads\Bijumon_tasks.docx,C:\Users\Bijumon\Downloads\Bijumon_tasks.docx,Bijumon_tasks.docx,Unsupported file type,TempFiles,10-03-2026
10363,General,VSM_AT_Commands (1).pdf,C:\Users\Bijumon\Downloads\VSM_AT_Commands (1).pdf,C:\Users\Bijumon\Downloads\VSM_AT_Commands (1).pdf,VSM_AT_Commands (1).pdf,"Failed to generate a summary from the uploaded file-->Not Found: Code: 404: Message: models/gemini-1.5-flash-002 is not found for API version v1beta, or is not supported for generateContent. Call ListModels to see the list of available models and their supported methods.",TempFiles,13-03-2026
10374,General,NexusWA Messenger 1.0.0 (1).exe,C:\Users\Bijumon\Downloads\NexusWA Messenger 1.0.0 (1).exe,C:\Users\Bijumon\Downloads\NexusWA Messenger 1.0.0 (1).exe,NexusWA Messenger 1.0.0 (1).exe,Unsupported file type,TempFiles,14-03-2026
10378,General,Order Details.pdf,C:\Users\Bijumon\Downloads\Order Details.pdf,C:\Users\Bijumon\Downloads\Order Details.pdf,Order Details.pdf,"Failed to generate a summary from the uploaded file-->Not Found: Code: 404: Message: models/gemini-1.5-flash-002 is not found for API version v1beta, or is not supported for generateContent. Call ListModels to see the list of available models and their supported methods.",TempFiles,16-03-2026
10382,General,expense_list_Bijumon.pdf,C:\Users\Bijumon\Downloads\expense_list_Bijumon.pdf,C:\Users\Bijumon\Downloads\expense_list_Bijumon.pdf,expense_list_Bijumon.pdf,"Failed to generate a summary from the uploaded file-->Not Found: Code: 404: Message: models/gemini-1.5-flash-002 is not found for API version v1beta, or is not supported for generateContent. Call ListModels to see the list of available models and their supported methods.",TempFiles,17-03-2026
10383,General,expense_list_Bijumon (1).pdf,C:\Users\Bijumon\Downloads\expense_list_Bijumon (1).pdf,C:\Users\Bijumon\Downloads\expense_list_Bijumon (1).pdf,expense_list_Bijumon (1).pdf,"Failed to generate a summary from the uploaded file-->Not Found: Code: 404: Message: models/gemini-1.5-flash-002 is not found for API version v1beta, or is not supported for generateContent. Call ListModels to see the list of available models and their supported methods.",TempFiles,17-03-2026
10400,General,Renewal_Notice_31-25-0035151-00_20260310_G_R.pdf.pdf.pdf,C:\Users\Bijumon\Downloads\Renewal_Notice_31-25-0035151-00_20260310_G_R.pdf.pdf.pdf,C:\Users\Bijumon\Downloads\Renewal_Notice_31-25-0035151-00_20260310_G_R.pdf.pdf.pdf,Renewal_Notice_31-25-0035151-00_20260310_G_R.pdf.pdf.pdf,"Failed to generate a summary from the uploaded file-->Not Found: Code: 404: Message: models/gemini-1.5-flash-002 is not found for API version v1beta, or is not supported for generateContent. Call ListModels to see the list of available models and their supported methods.",TempFiles,21-03-2026
10401,General,PolicySoftCopy_803440127 (1).pdf,C:\Users\Bijumon\Downloads\PolicySoftCopy_803440127 (1).pdf,C:\Users\Bijumon\Downloads\PolicySoftCopy_803440127 (1).pdf,PolicySoftCopy_803440127 (1).pdf,"Failed to generate a summary from the uploaded file-->Not Found: Code: 404: Message: models/gemini-1.5-flash-002 is not found for API version v1beta, or is not supported for generateContent. Call ListModels to see the list of available models and their supported methods.",TempFiles,21-03-2026
10411,General,appleberrytech.html,C:\Users\Bijumon\Downloads\appleberrytech.html,C:\Users\Bijumon\Downloads\appleberrytech.html,appleberrytech.html,Unsupported file type,TempFiles,25-03-2026
10422,General,PolicySoftCopy_803440127 (1) (1).pdf,C:\Users\Bijumon\Downloads\PolicySoftCopy_803440127 (1) (1).pdf,C:\Users\Bijumon\Downloads\PolicySoftCopy_803440127 (1) (1).pdf,PolicySoftCopy_803440127 (1) (1).pdf,"Failed to generate a summary from the uploaded file-->Not Found: Code: 404: Message: models/gemini-1.5-flash-002 is not found for API version v1beta, or is not supported for generateContent. Call ListModels to see the list of available models and their supported methods.",TempFiles,28-03-2026
10425,General,Receipt-2721-5368.pdf,C:\Users\Bijumon\Downloads\Receipt-2721-5368.pdf,C:\Users\Bijumon\Downloads\Receipt-2721-5368.pdf,Receipt-2721-5368.pdf,"Failed to generate a summary from the uploaded file-->Not Found: Code: 404: Message: models/gemini-1.5-flash-002 is not found for API version v1beta, or is not supported for generateContent. Call ListModels to see the list of available models and their supported methods.",TempFiles,30-03-2026
10435,General,Receipt-2721-5368 (1).pdf,C:\Users\Bijumon\Downloads\Receipt-2721-5368 (1).pdf,C:\Users\Bijumon\Downloads\Receipt-2721-5368 (1).pdf,Receipt-2721-5368 (1).pdf,"Failed to generate a summary from the uploaded file-->Not Found: Code: 404: Message: models/gemini-1.5-flash-002 is not found for API version v1beta, or is not supported for generateContent. Call ListModels to see the list of available models and their supported methods.",TempFiles,31-03-2026
10444,General,AIKON Health Monitor (2).exe,C:\Users\Bijumon\Downloads\AIKON Health Monitor (2).exe,C:\Users\Bijumon\Downloads\AIKON Health Monitor (2).exe,AIKON Health Monitor (2).exe,Unsupported file type,TempFiles,02-04-2026
10445,General,AIKON Health Monitor (2) (1).exe,C:\Users\Bijumon\Downloads\AIKON Health Monitor (2) (1).exe,C:\Users\Bijumon\Downloads\AIKON Health Monitor (2) (1).exe,AIKON Health Monitor (2) (1).exe,File size exceeds 10 MB,TempFiles,02-04-2026
10455,General,WhatsApp Image 2026-04-06 at 10.29.53.jpeg,C:\Users\Bijumon\Downloads\WhatsApp Image 2026-04-06 at 10.29.53.jpeg,C:\Users\Bijumon\Downloads\WhatsApp Image 2026-04-06 at 10.29.53.jpeg,WhatsApp Image 2026-04-06 at 10.29.53.jpeg,"Failed to generate a summary from the uploaded file-->Not Found: Code: 404: Message: models/gemini-1.5-flash-002 is not found for API version v1beta, or is not supported for generateContent. Call ListModels to see the list of available models and their supported methods.",TempFiles,06-04-2026
10459,General,c6pvdf.ino,C:\Users\Bijumon\Downloads\c6pvdf.ino,C:\Users\Bijumon\Downloads\c6pvdf.ino,c6pvdf.ino,Unsupported file type,TempFiles,07-04-2026
10464,General,TE+20.txt,C:\Users\Bijumon\Downloads\TE+20.txt,C:\Users\Bijumon\Downloads\TE+20.txt,TE+20.txt,Unsupported file type,TempFiles,11-04-2026
10465,General,PVDF_ESP32C6_HRRR.ino,C:\Users\Bijumon\Downloads\PVDF_ESP32C6_HRRR.ino,C:\Users\Bijumon\Downloads\PVDF_ESP32C6_HRRR.ino,PVDF_ESP32C6_HRRR.ino,Unsupported file type,TempFiles,11-04-2026
10475,General,WhatsApp Video 2026-03-23 at 18.53.35.mp4,C:\Users\Bijumon\Downloads\WhatsApp Video 2026-03-23 at 18.53.35.mp4,C:\Users\Bijumon\Downloads\WhatsApp Video 2026-03-23 at 18.53.35.mp4,WhatsApp Video 2026-03-23 at 18.53.35.mp4,Unsupported file type,TempFiles,13-04-2026
10479,General,10ad14d6-195c-40e6-a747-e6f2620c41d2.png,C:\Users\Bijumon\Downloads\10ad14d6-195c-40e6-a747-e6f2620c41d2.png,C:\Users\Bijumon\Downloads\10ad14d6-195c-40e6-a747-e6f2620c41d2.png,10ad14d6-195c-40e6-a747-e6f2620c41d2.png,"Failed to generate a summary from the uploaded file-->Not Found: Code: 404: Message: models/gemini-1.5-flash-002 is not found for API version v1beta, or is not supported for generateContent. Call ListModels to see the list of available models and their supported methods.",TempFiles,15-04-2026
10481,General,ca198957-3c77-4e2f-a0b3-3840c9970c57.png,C:\Users\Bijumon\Downloads\ca198957-3c77-4e2f-a0b3-3840c9970c57.png,C:\Users\Bijumon\Downloads\ca198957-3c77-4e2f-a0b3-3840c9970c57.png,ca198957-3c77-4e2f-a0b3-3840c9970c57.png,"Failed to generate a summary from the uploaded file-->Not Found: Code: 404: Message: models/gemini-1.5-flash-002 is not found for API version v1beta, or is not supported for generateContent. Call ListModels to see the list of available models and their supported methods.",TempFiles,15-04-2026
10488,General,1646930.pdf,C:\Users\Bijumon\Downloads\1646930.pdf,C:\Users\Bijumon\Downloads\1646930.pdf,1646930.pdf,"Failed to generate a summary from the uploaded file-->Not Found: Code: 404: Message: models/gemini-1.5-flash-002 is not found for API version v1beta, or is not supported for generateContent. Call ListModels to see the list of available models and their supported methods.",TempFiles,16-04-2026
10495,General,WhatsApp Image 2026-04-17 at 14.43.31.jpeg,C:\Users\Bijumon\Downloads\WhatsApp Image 2026-04-17 at 14.43.31.jpeg,C:\Users\Bijumon\Downloads\WhatsApp Image 2026-04-17 at 14.43.31.jpeg,WhatsApp Image 2026-04-17 at 14.43.31.jpeg,"Failed to generate a summary from the uploaded file-->Not Found: Code: 404: Message: models/gemini-1.5-flash-002 is not found for API version v1beta, or is not supported for generateContent. Call ListModels to see the list of available models and their supported methods.",TempFiles,17-04-2026
10502,General,IMPS completed transaction E-receipt.pdf,C:\Users\Bijumon\Downloads\IMPS completed transaction E-receipt.pdf,C:\Users\Bijumon\Downloads\IMPS completed transaction E-receipt.pdf,IMPS completed transaction E-receipt.pdf,"Failed to generate a summary from the uploaded file-->Not Found: Code: 404: Message: models/gemini-1.5-flash-002 is not found for API version v1beta, or is not supported for generateContent. Call ListModels to see the list of available models and their supported methods.",TempFiles,20-04-2026
10503,General,Token advance paid Sreeram Square.jpeg,C:\Users\Bijumon\Downloads\Token advance paid Sreeram Square.jpeg,C:\Users\Bijumon\Downloads\Token advance paid Sreeram Square.jpeg,Token advance paid Sreeram Square.jpeg,"Failed to generate a summary from the uploaded file-->Not Found: Code: 404: Message: models/gemini-1.5-flash-002 is not found for API version v1beta, or is not supported for generateContent. Call ListModels to see the list of available models and their supported methods.",TempFiles,20-04-2026
10509,General,stcurvewrong.bmp,C:\Users\Bijumon\Downloads\stcurvewrong.bmp,C:\Users\Bijumon\Downloads\stcurvewrong.bmp,stcurvewrong.bmp,Unsupported file type,TempFiles,20-04-2026
10510,General,ETPSO-42309.pdf,C:\Users\Bijumon\Downloads\ETPSO-42309.pdf,C:\Users\Bijumon\Downloads\ETPSO-42309.pdf,ETPSO-42309.pdf,"Failed to generate a summary from the uploaded file-->Not Found: Code: 404: Message: models/gemini-1.5-flash-002 is not found for API version v1beta, or is not supported for generateContent. Call ListModels to see the list of available models and their supported methods.",TempFiles,20-04-2026
10515,General,cmap wavwfrom2.bmp,C:\Users\Bijumon\Downloads\cmap wavwfrom2.bmp,C:\Users\Bijumon\Downloads\cmap wavwfrom2.bmp,cmap wavwfrom2.bmp,Unsupported file type,TempFiles,21-04-2026
10524,General,ADS1115_Interfacing.ino,C:\Users\Bijumon\Downloads\ADS1115_Interfacing.ino,C:\Users\Bijumon\Downloads\ADS1115_Interfacing.ino,ADS1115_Interfacing.ino,Unsupported file type,TempFiles,23-04-2026
10528,General,NEERS New original settings.bmp,C:\Users\Bijumon\Downloads\NEERS New original settings.bmp,C:\Users\Bijumon\Downloads\NEERS New original settings.bmp,NEERS New original settings.bmp,Unsupported file type,TempFiles,24-04-2026
10529,General,sresp2000us.bmp,C:\Users\Bijumon\Downloads\sresp2000us.bmp,C:\Users\Bijumon\Downloads\sresp2000us.bmp,sresp2000us.bmp,Unsupported file type,TempFiles,27-04-2026
10530,General,sd 8000-1.bmp,C:\Users\Bijumon\Downloads\sd 8000-1.bmp,C:\Users\Bijumon\Downloads\sd 8000-1.bmp,sd 8000-1.bmp,Unsupported file type,TempFiles,27-04-2026
10531,General,sd 8000-2.bmp,C:\Users\Bijumon\Downloads\sd 8000-2.bmp,C:\Users\Bijumon\Downloads\sd 8000-2.bmp,sd 8000-2.bmp,Unsupported file type,TempFiles,27-04-2026
10532,General,sd 8000-3.bmp,C:\Users\Bijumon\Downloads\sd 8000-3.bmp,C:\Users\Bijumon\Downloads\sd 8000-3.bmp,sd 8000-3.bmp,Unsupported file type,TempFiles,27-04-2026
10533,General,sd 6000-1.bmp,C:\Users\Bijumon\Downloads\sd 6000-1.bmp,C:\Users\Bijumon\Downloads\sd 6000-1.bmp,sd 6000-1.bmp,Unsupported file type,TempFiles,27-04-2026
10537,General,teimage.bmp,C:\Users\Bijumon\Downloads\teimage.bmp,C:\Users\Bijumon\Downloads\teimage.bmp,teimage.bmp,Unsupported file type,TempFiles,28-04-2026
10538,General,TEbmjo.bmp,C:\Users\Bijumon\Downloads\TEbmjo.bmp,C:\Users\Bijumon\Downloads\TEbmjo.bmp,TEbmjo.bmp,Unsupported file type,TempFiles,28-04-2026
10540,General,HR Optical Fiber method-MAT format.pdf,C:\Users\Bijumon\Downloads\HR Optical Fiber method-MAT format.pdf,C:\Users\Bijumon\Downloads\HR Optical Fiber method-MAT format.pdf,HR Optical Fiber method-MAT format.pdf,"Failed to generate a summary from the uploaded file-->Not Found: Code: 404: Message: models/gemini-1.5-flash-002 is not found for API version v1beta, or is not supported for generateContent. Call ListModels to see the list of available models and their supported methods.",TempFiles,28-04-2026
10541,General,HR Optical Fiber method-MAT format (1).pdf,C:\Users\Bijumon\Downloads\HR Optical Fiber method-MAT format (1).pdf,C:\Users\Bijumon\Downloads\HR Optical Fiber method-MAT format (1).pdf,HR Optical Fiber method-MAT format (1).pdf,"Failed to generate a summary from the uploaded file-->Not Found: Code: 404: Message: models/gemini-1.5-flash-002 is not found for API version v1beta, or is not supported for generateContent. Call ListModels to see the list of available models and their supported methods.",TempFiles,28-04-2026
10545,General,Order Details2.pdf,C:\Users\Bijumon\Downloads\Order Details2.pdf,C:\Users\Bijumon\Downloads\Order Details2.pdf,Order Details2.pdf,"Failed to generate a summary from the uploaded file-->Not Found: Code: 404: Message: models/gemini-1.5-flash-002 is not found for API version v1beta, or is not supported for generateContent. Call ListModels to see the list of available models and their supported methods.",TempFiles,29-04-2026
10546,General,Invoice-57773AC4-0043.pdf,C:\Users\Bijumon\Downloads\Invoice-57773AC4-0043.pdf,C:\Users\Bijumon\Downloads\Invoice-57773AC4-0043.pdf,Invoice-57773AC4-0043.pdf,"Failed to generate a summary from the uploaded file-->Not Found: Code: 404: Message: models/gemini-1.5-flash-002 is not found for API version v1beta, or is not supported for generateContent. Call ListModels to see the list of available models and their supported methods.",TempFiles,29-04-2026
10547,General,VSM_Strategy_Report.docx,C:\Users\Bijumon\Downloads\VSM_Strategy_Report.docx,C:\Users\Bijumon\Downloads\VSM_Strategy_Report.docx,VSM_Strategy_Report.docx,Unsupported file type,TempFiles,30-04-2026
10548,General,VSM_Strategy_Report (1).docx,C:\Users\Bijumon\Downloads\VSM_Strategy_Report (1).docx,C:\Users\Bijumon\Downloads\VSM_Strategy_Report (1).docx,VSM_Strategy_Report (1).docx,Unsupported file type,TempFiles,30-04-2026
10549,General,VSM_Strategy_Report (2).docx,C:\Users\Bijumon\Downloads\VSM_Strategy_Report (2).docx,C:\Users\Bijumon\Downloads\VSM_Strategy_Report (2).docx,VSM_Strategy_Report (2).docx,Unsupported file type,TempFiles,30-04-2026
10553,General,WhatsApp Image 2026-04-30 at 13.12.00.jpeg,C:\Users\Bijumon\Downloads\WhatsApp Image 2026-04-30 at 13.12.00.jpeg,C:\Users\Bijumon\Downloads\WhatsApp Image 2026-04-30 at 13.12.00.jpeg,WhatsApp Image 2026-04-30 at 13.12.00.jpeg,File not found,TempFiles,30-04-2026
10581,General,Expense Report April 2026.xlsx,C:\Users\Bijumon\Downloads\Expense Report April 2026.xlsx,C:\Users\Bijumon\Downloads\Expense Report April 2026.xlsx,Expense Report April 2026.xlsx,Unsupported file type,TempFiles,05-05-2026
10584,General,te full cycle.bmp,C:\Users\Bijumon\Downloads\te full cycle.bmp,C:\Users\Bijumon\Downloads\te full cycle.bmp,te full cycle.bmp,Unsupported file type,TempFiles,05-05-2026
10585,General,te full cycle1.bmp,C:\Users\Bijumon\Downloads\te full cycle1.bmp,C:\Users\Bijumon\Downloads\te full cycle1.bmp,te full cycle1.bmp,Unsupported file type,TempFiles,05-05-2026
10586,General,te full cycle2.bmp,C:\Users\Bijumon\Downloads\te full cycle2.bmp,C:\Users\Bijumon\Downloads\te full cycle2.bmp,te full cycle2.bmp,Unsupported file type,TempFiles,05-05-2026
10587,General,te full cycle3.bmp,C:\Users\Bijumon\Downloads\te full cycle3.bmp,C:\Users\Bijumon\Downloads\te full cycle3.bmp,te full cycle3.bmp,Unsupported file type,TempFiles,06-05-2026
10588,General,te full cycle-fully completed.bmp,C:\Users\Bijumon\Downloads\te full cycle-fully completed.bmp,C:\Users\Bijumon\Downloads\te full cycle-fully completed.bmp,te full cycle-fully completed.bmp,Unsupported file type,TempFiles,06-05-2026
10589,General,te full cycle-fully completed-small.bmp,C:\Users\Bijumon\Downloads\te full cycle-fully completed-small.bmp,C:\Users\Bijumon\Downloads\te full cycle-fully completed-small.bmp,te full cycle-fully completed-small.bmp,Unsupported file type,TempFiles,06-05-2026
10591,General,Rahul_Sharma_Resume.pdf,C:\Users\Bijumon\Downloads\Rahul_Sharma_Resume.pdf,C:\Users\Bijumon\Downloads\Rahul_Sharma_Resume.pdf,Rahul_Sharma_Resume.pdf,"Failed to generate a summary from the uploaded file-->Not Found: Code: 404: Message: models/gemini-1.5-flash-002 is not found for API version v1beta, or is not supported for generateContent. Call ListModels to see the list of available models and their supported methods.",TempFiles,07-05-2026
10599,General,VSM-NIBP.zip,C:\Users\Bijumon\Downloads\VSM-NIBP.zip,C:\Users\Bijumon\Downloads\VSM-NIBP.zip,VSM-NIBP.zip,File size exceeds 10 MB,TempFiles,07-05-2026
10600,General,NEERS_PySide.zip,C:\Users\Bijumon\Downloads\NEERS_PySide.zip,C:\Users\Bijumon\Downloads\NEERS_PySide.zip,NEERS_PySide.zip,File size exceeds 10 MB,TempFiles,07-05-2026
10617,General,WhatsApp Image 2026-05-13 at 09.54.37.jpeg,C:\Users\Bijumon\Downloads\WhatsApp Image 2026-05-13 at 09.54.37.jpeg,C:\Users\Bijumon\Downloads\WhatsApp Image 2026-05-13 at 09.54.37.jpeg,WhatsApp Image 2026-05-13 at 09.54.37.jpeg,"Failed to generate a summary from the uploaded file-->Not Found: Code: 404: Message: models/gemini-1.5-flash-002 is not found for API version v1beta, or is not supported for generateContent. Call ModelService.ListModels to see the list of available models and their supported methods.",TempFiles,13-05-2026
10619,General,WhatsApp Image 2026-05-13 at 09.55.15.jpeg,C:\Users\Bijumon\Downloads\WhatsApp Image 2026-05-13 at 09.55.15.jpeg,C:\Users\Bijumon\Downloads\WhatsApp Image 2026-05-13 at 09.55.15.jpeg,WhatsApp Image 2026-05-13 at 09.55.15.jpeg,"Failed to generate a summary from the uploaded file-->Not Found: Code: 404: Message: models/gemini-1.5-flash-002 is not found for API version v1beta, or is not supported for generateContent. Call ModelService.ListModels to see the list of available models and their supported methods.",TempFiles,13-05-2026
10621,General,Luxisens_MAT_KT_Session_Document.docx,C:\Users\Bijumon\Downloads\Luxisens_MAT_KT_Session_Document.docx,C:\Users\Bijumon\Downloads\Luxisens_MAT_KT_Session_Document.docx,Luxisens_MAT_KT_Session_Document.docx,Unsupported file type,TempFiles,13-05-2026
10622,General,Luxisens MAT – Knowledge Transfer (KT) Document.pdf,C:\Users\Bijumon\Downloads\Luxisens MAT – Knowledge Transfer (KT) Document.pdf,C:\Users\Bijumon\Downloads\Luxisens MAT – Knowledge Transfer (KT) Document.pdf,Luxisens MAT – Knowledge Transfer (KT) Document.pdf,"Failed to generate a summary from the uploaded file-->Not Found: Code: 404: Message: models/gemini-1.5-flash-002 is not found for API version v1beta, or is not supported for generateContent. Call ModelService.ListModels to see the list of available models and their supported methods.",TempFiles,13-05-2026
10629,General,ffmpeg-8.1.1-essentials_build.zip,C:\Users\Bijumon\Downloads\ffmpeg-8.1.1-essentials_build.zip,C:\Users\Bijumon\Downloads\ffmpeg-8.1.1-essentials_build.zip,ffmpeg-8.1.1-essentials_build.zip,File size exceeds 10 MB,TempFiles,15-05-2026
10656,General,invoice (18).pdf,C:\Users\Bijumon\Downloads\invoice (18).pdf,C:\Users\Bijumon\Downloads\invoice (18).pdf,invoice (18).pdf,"Failed to generate a summary from the uploaded file-->Not Found: Code: 404: Message: models/gemini-1.5-flash-002 is not found for API version v1beta, or is not supported for generateContent. Call ModelService.ListModels to see the list of available models and their supported methods.",TempFiles,28-05-2026
10658,General,invoice (19).pdf,C:\Users\Bijumon\Downloads\invoice (19).pdf,C:\Users\Bijumon\Downloads\invoice (19).pdf,invoice (19).pdf,"Failed to generate a summary from the uploaded file-->Not Found: Code: 404: Message: models/gemini-1.5-flash-002 is not found for API version v1beta, or is not supported for generateContent. Call ModelService.ListModels to see the list of available models and their supported methods.",TempFiles,28-05-2026
10672,General,invoice (21).pdf,C:\Users\Bijumon\Downloads\invoice (21).pdf,C:\Users\Bijumon\Downloads\invoice (21).pdf,invoice (21).pdf,"Failed to generate a summary from the uploaded file-->Not Found: Code: 404: Message: models/gemini-1.5-flash-002 is not found for API version v1beta, or is not supported for generateContent. Call ModelService.ListModels to see the list of available models and their supported methods.",TempFiles,01-06-2026
10673,General,invoice (22).pdf,C:\Users\Bijumon\Downloads\invoice (22).pdf,C:\Users\Bijumon\Downloads\invoice (22).pdf,invoice (22).pdf,"Failed to generate a summary from the uploaded file-->Not Found: Code: 404: Message: models/gemini-1.5-flash-002 is not found for API version v1beta, or is not supported for generateContent. Call ModelService.ListModels to see the list of available models and their supported methods.",TempFiles,01-06-2026
10704,General,kseb (2).jpeg,C:\Users\Bijumon\Downloads\kseb (2).jpeg,C:\Users\Bijumon\Downloads\kseb (2).jpeg,kseb (2).jpeg,"Failed to generate a summary from the uploaded file-->Not Found: Code: 404: Message: models/gemini-1.5-flash-002 is not found for API version v1beta, or is not supported for generateContent. Call ModelService.ListModels to see the list of available models and their supported methods.",TempFiles,08-06-2026
10727,General,oasis-desktop-0.1.7.zip,C:\Users\Bijumon\Downloads\oasis-desktop-0.1.7.zip,C:\Users\Bijumon\Downloads\oasis-desktop-0.1.7.zip,oasis-desktop-0.1.7.zip,File size exceeds 10 MB,TempFiles,15-06-2026
10771,General,oasis-desktop-0.1.7 (1).zip,C:\Users\Bijumon\Downloads\oasis-desktop-0.1.7 (1).zip,C:\Users\Bijumon\Downloads\oasis-desktop-0.1.7 (1).zip,oasis-desktop-0.1.7 (1).zip,File size exceeds 10 MB,TempFiles,24-06-2026
10811,General,c5855529-96b7-473d-a470-eac81bda8d94.png,C:\Users\Bijumon\Downloads\c5855529-96b7-473d-a470-eac81bda8d94.png,C:\Users\Bijumon\Downloads\c5855529-96b7-473d-a470-eac81bda8d94.png,c5855529-96b7-473d-a470-eac81bda8d94.png,"Failed to generate a summary from the uploaded file-->Not Found: Code: 404: Message: models/gemini-1.5-flash-002 is not found for API version v1beta, or is not supported for generateContent. Call ModelService.ListModels to see the list of available models and their supported methods.",TempFiles,05-07-2026
10865,General,ref schematics.zip,C:\Users\Bijumon\Downloads\ref schematics.zip,C:\Users\Bijumon\Downloads\ref schematics.zip,ref schematics.zip,File size exceeds 10 MB,TempFiles,21-07-2026
10866,General,ref schematics0.zip,C:\Users\Bijumon\Downloads\ref schematics0.zip,C:\Users\Bijumon\Downloads\ref schematics0.zip,ref schematics0.zip,File size exceeds 10 MB,TempFiles,21-07-2026
10877,General,PRD-MAIN-V1.0-Motherboard (2).docx,C:\Users\Bijumon\Downloads\PRD-MAIN-V1.0-Motherboard (2).docx,C:\Users\Bijumon\Downloads\PRD-MAIN-V1.0-Motherboard (2).docx,PRD-MAIN-V1.0-Motherboard (2).docx,Unsupported file type,TempFiles,23-07-2026
10886,General,NIBP_2xMOPP_Compliance_Specification (1).docx,C:\Users\Bijumon\Downloads\NIBP_2xMOPP_Compliance_Specification (1).docx,C:\Users\Bijumon\Downloads\NIBP_2xMOPP_Compliance_Specification (1).docx,NIBP_2xMOPP_Compliance_Specification (1).docx,Unsupported file type,TempFiles,23-07-2026
10924,General,Product Spec_DMT101H4HLCMI-3H_v0.1.pdf,C:\Users\Bijumon\Downloads\Product Spec_DMT101H4HLCMI-3H_v0.1.pdf,C:\Users\Bijumon\Downloads\Product Spec_DMT101H4HLCMI-3H_v0.1.pdf,Product Spec_DMT101H4HLCMI-3H_v0.1.pdf,"Failed to generate a summary from the uploaded file-->Not Found: Code: 404: Message: models/gemini-1.5-flash-002 is not found for API version v1beta, or is not supported for generateContent. Call ModelService.ListModels to see the list of available models and their supported methods.",TempFiles,03-08-2026
10935,General,VSM - Intended Use Document V 1.6.docx,C:\Users\Bijumon\Downloads\VSM - Intended Use Document V 1.6.docx,C:\Users\Bijumon\Downloads\VSM - Intended Use Document V 1.6.docx,VSM - Intended Use Document V 1.6.docx,Unsupported file type,TempFiles,04-08-2026
10936,General,VSM_Documentation_Folder_Structure.pdf,C:\Users\Bijumon\Downloads\VSM_Documentation_Folder_Structure.pdf,C:\Users\Bijumon\Downloads\VSM_Documentation_Folder_Structure.pdf,VSM_Documentation_Folder_Structure.pdf,"Failed to generate a summary from the uploaded file-->Not Found: Code: 404: Message: models/gemini-1.5-flash-002 is not found for API version v1beta, or is not supported for generateContent. Call ModelService.ListModels to see the list of available models and their supported methods.",TempFiles,04-08-2026
10937,General,VSM_Documentation_Folder_Structure (1).pdf,C:\Users\Bijumon\Downloads\VSM_Documentation_Folder_Structure (1).pdf,C:\Users\Bijumon\Downloads\VSM_Documentation_Folder_Structure (1).pdf,VSM_Documentation_Folder_Structure (1).pdf,"Failed to generate a summary from the uploaded file-->Not Found: Code: 404: Message: models/gemini-1.5-flash-002 is not found for API version v1beta, or is not supported for generateContent. Call ModelService.ListModels to see the list of available models and their supported methods.",TempFiles,04-08-2026
10973,General,SpO2_Hardware_Design_CDSCO_Obligations_Priority_Review.docx,C:\Users\Bijumon\Downloads\SpO2_Hardware_Design_CDSCO_Obligations_Priority_Review.docx,C:\Users\Bijumon\Downloads\SpO2_Hardware_Design_CDSCO_Obligations_Priority_Review.docx,SpO2_Hardware_Design_CDSCO_Obligations_Priority_Review.docx,Unsupported file type,TempFiles,06-08-2026
10994,General,SpO2_Hardware_Design_CDSCO_Obligations_Priority_Review_Indian_English.docx,C:\Users\Bijumon\Downloads\SpO2_Hardware_Design_CDSCO_Obligations_Priority_Review_Indian_English.docx,C:\Users\Bijumon\Downloads\SpO2_Hardware_Design_CDSCO_Obligations_Priority_Review_Indian_English.docx,SpO2_Hardware_Design_CDSCO_Obligations_Priority_Review_Indian_English.docx,Unsupported file type,TempFiles,08-08-2026
10997,General,SpO2_Hardware_Design_CDSCO_Obligations_Priority_Review_Indian_English (1).docx,C:\Users\Bijumon\Downloads\SpO2_Hardware_Design_CDSCO_Obligations_Priority_Review_Indian_English (1).docx,C:\Users\Bijumon\Downloads\SpO2_Hardware_Design_CDSCO_Obligations_Priority_Review_Indian_English (1).docx,SpO2_Hardware_Design_CDSCO_Obligations_Priority_Review_Indian_English (1).docx,Unsupported file type,TempFiles,08-08-2026
10998,General,SpO2_Hardware_Design_CDSCO_Obligations_Priority_Review_Indian_English_with_Schematic_Verification.docx,C:\Users\Bijumon\Downloads\SpO2_Hardware_Design_CDSCO_Obligations_Priority_Review_Indian_English_with_Schematic_Verification.docx,C:\Users\Bijumon\Downloads\SpO2_Hardware_Design_CDSCO_Obligations_Priority_Review_Indian_English_with_Schematic_Verification.docx,SpO2_Hardware_Design_CDSCO_Obligations_Priority_Review_Indian_English_with_Schematic_Verification.docx,Unsupported file type,TempFiles,08-08-2026
10999,General,SpO2_Hardware_Design_CDSCO_Review_Indian_English_Schematic_Document_PCB_Categorised.docx,C:\Users\Bijumon\Downloads\SpO2_Hardware_Design_CDSCO_Review_Indian_English_Schematic_Document_PCB_Categorised.docx,C:\Users\Bijumon\Downloads\SpO2_Hardware_Design_CDSCO_Review_Indian_English_Schematic_Document_PCB_Categorised.docx,SpO2_Hardware_Design_CDSCO_Review_Indian_English_Schematic_Document_PCB_Categorised.docx,Unsupported file type,TempFiles,08-08-2026
11000,General,SpO2_Hardware_Design_CDSCO_Review_Indian_English_C04_Updated.docx,C:\Users\Bijumon\Downloads\SpO2_Hardware_Design_CDSCO_Review_Indian_English_C04_Updated.docx,C:\Users\Bijumon\Downloads\SpO2_Hardware_Design_CDSCO_Review_Indian_English_C04_Updated.docx,SpO2_Hardware_Design_CDSCO_Review_Indian_English_C04_Updated.docx,Unsupported file type,TempFiles,08-08-2026
11001,General,CDSCO_SpO2_Schematic_Compliance_Review_V2_0.docx,C:\Users\Bijumon\Downloads\CDSCO_SpO2_Schematic_Compliance_Review_V2_0.docx,C:\Users\Bijumon\Downloads\CDSCO_SpO2_Schematic_Compliance_Review_V2_0.docx,CDSCO_SpO2_Schematic_Compliance_Review_V2_0.docx,Unsupported file type,TempFiles,08-08-2026
11064,General,Neers_Test_Setup (1).exe,C:\Users\Bijumon\Downloads\Neers_Test_Setup (1).exe,C:\Users\Bijumon\Downloads\Neers_Test_Setup (1).exe,Neers_Test_Setup (1).exe,File size exceeds 10 MB,TempFiles,17-08-2026
11107,General,1788263603755.pdf,C:\Users\Bijumon\Downloads\1788263603755.pdf,C:\Users\Bijumon\Downloads\1788263603755.pdf,1788263603755.pdf,File not found,TempFiles,01-09-2026
